surface,rooms,bathrooms,location,city,property_type,floor,total_floors,parking,has_garden,has_pool,year_built,price
152,4,1,Tataouine,Tataouine,apartment,7,5,False,False,False,2008,247820
380,3,4,Sfax,Sfax,house,0,5,True,False,False,2013,385912
199,5,2,Bizerte,Bizerte,villa,0,8,True,True,True,2019,690583
435,4,1,Bizerte,Bizerte,apartment,0,6,True,False,False,2014,871113
108,7,2,Sfax,Sfax,apartment,2,7,False,False,False,1992,199411
356,7,1,Lac 2,Tunis,apartment,8,7,True,False,False,2007,887401
138,4,2,Sousse,Sousse,house,0,2,True,True,False,1998,539318
102,2,4,Kairouan,Kairouan,villa,0,7,True,True,True,1997,183930
255,1,4,Sfax,Sfax,villa,0,2,True,True,False,1993,774011
439,6,2,Nabeul,Nabeul,villa,0,4,True,True,True,2018,2138521
451,2,4,Monastir,Monastir,apartment,1,4,False,False,False,2003,582692
320,6,3,Monastir,Monastir,house,0,9,False,True,False,2010,556075
286,2,3,Sousse,Sousse,villa,0,5,True,False,True,2013,856734
301,4,4,Sfax,Sfax,house,0,9,False,True,False,2018,280296
350,1,1,Nabeul,Nabeul,house,0,7,False,True,False,1998,1301500
178,4,4,Sfax,Sfax,apartment,7,3,False,False,False,2006,169598
212,3,1,Gabès,Gabès,villa,0,5,True,False,True,2017,389204
250,4,2,Kairouan,Kairouan,villa,0,1,True,False,False,2012,906066
265,5,3,Gafsa,Gafsa,house,0,8,False,False,False,2011,653172
498,3,1,Monastir,Monastir,apartment,2,1,False,False,False,1994,813134
304,6,3,Kairouan,Kairouan,house,0,9,True,True,False,2004,671172
395,2,4,Sousse,Sousse,villa,0,3,False,True,True,2021,1881357
290,4,1,Gafsa,Gafsa,apartment,3,5,True,False,False,2012,250908
286,7,3,Gabès,Gabès,villa,0,4,True,True,True,2002,1226243
376,3,3,Nabeul,Nabeul,house,0,6,True,True,False,2017,932885
219,5,2,Bizerte,Bizerte,apartment,8,5,True,False,False,1995,293416
77,4,4,Monastir,Monastir,villa,0,4,True,False,True,2019,326010
177,2,3,Tataouine,Tataouine,villa,0,9,False,True,True,2022,804768
426,3,2,Tataouine,Tataouine,villa,0,9,False,False,True,2002,1660336
408,6,4,Kairouan,Kairouan,villa,0,9,True,False,True,2022,1649641
221,7,3,Lac 1,Tunis,apartment,5,8,False,False,False,2001,1031186
344,2,3,Monastir,Monastir,apartment,0,5,True,False,False,2006,432862
162,2,2,Hammamet,Hammamet,apartment,5,7,False,False,False,2021,398131
434,3,2,Carthage,Tunis,house,0,2,True,True,False,2015,3251738
247,7,4,Gafsa,Gafsa,apartment,6,8,False,False,False,2006,309441
343,5,4,Sfax,Sfax,apartment,1,6,True,False,False,2011,672472
289,1,1,Carthage,Tunis,villa,0,6,True,False,False,2005,2372736
308,4,4,Tataouine,Tataouine,villa,0,4,True,True,False,2008,1111104
196,4,4,Monastir,Monastir,house,0,7,True,True,False,2022,579876
88,2,4,Nabeul,Nabeul,apartment,0,9,True,False,False,2014,105336
464,6,2,Lac 1,Tunis,house,0,3,False,True,False,1996,1251398
395,1,4,Sfax,Sfax,apartment,0,2,True,False,False,1990,705738
303,4,1,Hammamet,Hammamet,villa,0,5,True,True,False,2021,1371246
58,1,3,Gabès,Gabès,villa,0,3,False,True,False,2005,179517
453,6,4,Bizerte,Bizerte,villa,0,1,True,True,False,2013,1075144
124,1,4,Gafsa,Gafsa,villa,0,4,True,False,True,2009,256652
276,6,1,Gabès,Gabès,house,0,3,False,True,False,2014,540869
433,6,2,Gabès,Gabès,apartment,1,6,True,False,False,2005,638692
218,4,1,Monastir,Monastir,villa,0,4,True,False,False,2022,394550
326,4,4,Tataouine,Tataouine,apartment,7,7,False,False,False,1992,312960
177,1,4,Nabeul,Nabeul,house,0,3,True,True,False,2011,700983
71,6,2,Gafsa,Gafsa,house,0,6,False,False,False,1997,155507
76,2,1,Tataouine,Tataouine,house,0,1,False,True,False,2017,145892
497,1,1,Kairouan,Kairouan,apartment,2,4,True,False,False,2006,832872
269,6,1,Sousse,Sousse,villa,0,5,True,True,True,1995,783443
429,1,1,Gabès,Gabès,house,0,8,False,True,False,2018,636045
351,5,3,Hammamet,Hammamet,house,0,3,True,True,False,2022,1226285
240,5,1,Sousse,Sousse,apartment,6,1,True,False,False,1992,280324
67,1,2,Monastir,Monastir,villa,0,6,True,False,True,1992,195567
329,2,4,Hammamet,Hammamet,villa,0,6,False,True,False,2012,1376580
176,3,2,Gafsa,Gafsa,apartment,1,1,True,False,False,2022,327613
348,6,4,Gafsa,Gafsa,apartment,6,7,True,False,False,2015,502790
457,5,4,Kairouan,Kairouan,apartment,9,7,True,False,False,2009,429945
313,6,4,Sfax,Sfax,apartment,2,7,False,False,False,2004,479516
403,2,4,Hammamet,Hammamet,apartment,6,6,True,False,False,2014,697689
239,5,2,Nabeul,Nabeul,house,0,6,False,False,False,1995,699820
493,5,1,Sfax,Sfax,villa,0,8,True,True,True,1994,2053009
245,6,1,Monastir,Monastir,apartment,3,3,False,False,False,2005,209328
419,4,2,Hammamet,Hammamet,villa,0,3,False,True,False,2006,914904
368,3,4,Nabeul,Nabeul,house,0,7,False,False,False,2015,884083
166,6,3,Carthage,Tunis,house,0,9,False,True,False,2001,860265
178,2,2,Ariana,Tunis,apartment,0,2,True,False,False,2021,689941
167,1,4,Nabeul,Nabeul,villa,0,5,True,False,True,1990,1031541
238,7,4,Bizerte,Bizerte,house,0,5,True,True,False,2011,474570
296,3,4,Sousse,Sousse,apartment,9,3,True,False,False,2011,557948
334,6,4,Sousse,Sousse,apartment,4,1,False,False,False,2019,704205
253,2,2,Bizerte,Bizerte,house,0,5,False,True,False,2022,601150
271,5,3,Kairouan,Kairouan,villa,0,6,False,True,True,1994,1073117
339,4,3,Gabès,Gabès,house,0,3,False,True,False,2021,608095
374,5,4,Sousse,Sousse,house,0,8,False,False,False,2005,616696
433,3,4,Gabès,Gabès,villa,0,8,True,True,True,2001,1394024
212,4,1,Bizerte,Bizerte,house,0,1,True,False,False,2001,555609
466,2,3,Sousse,Sousse,apartment,1,3,False,False,False,2012,921561
139,5,2,Bizerte,Bizerte,villa,0,2,True,True,False,1996,466762
363,5,2,Nabeul,Nabeul,villa,0,8,False,True,False,2014,1811224
298,4,2,Gabès,Gabès,apartment,4,9,False,False,False,2013,236254
276,1,3,Ariana,Tunis,villa,0,4,False,True,False,2007,1482053
145,7,2,Lac 1,Tunis,house,0,5,False,True,False,2001,909022
232,5,3,Nabeul,Nabeul,apartment,8,3,False,False,False,2019,583526
418,6,4,Nabeul,Nabeul,villa,0,9,False,True,False,2011,1187828
236,3,1,Bizerte,Bizerte,house,0,4,True,True,False,2001,352653
282,3,4,Bizerte,Bizerte,apartment,8,7,False,False,False,2017,342235
272,4,3,Hammamet,Hammamet,apartment,9,5,True,False,False,1994,658707
445,1,4,Gafsa,Gafsa,apartment,4,4,False,False,False,2012,700252
106,7,1,Sousse,Sousse,villa,0,5,True,True,True,2003,703380
171,5,3,Bizerte,Bizerte,house,0,7,True,True,False,2018,212388
380,2,3,Sfax,Sfax,apartment,8,1,False,False,False,1996,607088
190,2,1,Nabeul,Nabeul,villa,0,2,False,False,True,2016,764534
243,5,1,Gafsa,Gafsa,apartment,4,6,True,False,False,2008,504380
414,1,2,Bizerte,Bizerte,apartment,3,1,False,False,False,1996,336499
350,4,4,Nabeul,Nabeul,villa,0,6,False,True,False,2020,1034510
413,6,3,Tataouine,Tataouine,apartment,9,3,False,False,False,1992,321148
190,2,4,Sfax,Sfax,house,0,4,True,False,False,2017,260387
366,7,1,Lac 2,Tunis,house,0,7,True,False,False,1990,1185027
397,6,1,Gafsa,Gafsa,apartment,0,9,True,False,False,2022,577920
166,6,2,Tataouine,Tataouine,villa,0,5,True,False,True,2005,549797
262,3,4,Carthage,Tunis,house,0,5,True,False,False,2008,1684437
490,2,3,Sousse,Sousse,villa,0,9,True,True,True,2003,3124342
464,1,1,Bizerte,Bizerte,apartment,5,6,False,False,False,1992,540096
490,3,4,Hammamet,Hammamet,house,0,8,False,True,False,2001,1875914
205,5,4,Gabès,Gabès,apartment,9,4,True,False,False,2015,425506
235,4,2,Bizerte,Bizerte,house,0,5,True,False,False,2016,333862
496,1,1,Tataouine,Tataouine,villa,0,1,True,True,False,2009,1039433
269,5,1,Gafsa,Gafsa,house,0,3,True,True,False,1995,780987
420,5,3,Nabeul,Nabeul,apartment,8,2,False,False,False,1999,817992
335,2,3,Sfax,Sfax,house,0,5,False,False,False,2022,408673
114,2,4,Kairouan,Kairouan,apartment,0,5,True,False,False,2015,82545
266,6,3,Ariana,Tunis,apartment,0,1,False,False,False,2023,360696
148,7,1,Sousse,Sousse,villa,0,5,False,True,True,1995,582856
246,7,1,Tataouine,Tataouine,apartment,5,3,True,False,False,2012,371125
102,5,2,Kairouan,Kairouan,apartment,9,3,False,False,False,2006,155692
127,1,2,Monastir,Monastir,apartment,0,3,False,False,False,2002,230530
498,1,4,Nabeul,Nabeul,house,0,2,False,True,False,2017,763983
121,7,2,Sousse,Sousse,villa,0,2,True,True,False,1992,642682
317,1,2,Gabès,Gabès,house,0,5,True,True,False,2019,594778
362,1,4,Monastir,Monastir,apartment,6,5,True,False,False,2010,418718
124,3,3,Kairouan,Kairouan,apartment,5,2,False,False,False,2023,158422
384,3,3,Gabès,Gabès,villa,0,2,True,True,True,2022,1480370
384,4,2,Hammamet,Hammamet,house,0,7,True,True,False,2006,644842
334,4,2,Carthage,Tunis,apartment,7,1,False,False,False,1999,1058112
389,5,2,Kairouan,Kairouan,villa,0,6,False,False,False,1991,562400
175,3,3,Kairouan,Kairouan,villa,0,3,False,False,False,2012,505512
385,7,3,Sfax,Sfax,villa,0,6,True,False,True,2005,1773079
437,4,4,Tataouine,Tataouine,villa,0,9,False,True,True,1992,1815938
204,5,4,Carthage,Tunis,house,0,2,True,False,False,2008,1018049
141,2,1,Hammamet,Hammamet,villa,0,6,True,True,False,2010,575842
50,5,1,Sousse,Sousse,house,0,2,True,False,False,2003,155282
331,1,3,Gafsa,Gafsa,house,0,9,False,True,False,2011,393053
105,6,3,Kairouan,Kairouan,house,0,1,True,False,False,2015,183799
306,1,3,Tataouine,Tataouine,apartment,3,8,False,False,False,2011,324360
77,7,2,Gafsa,Gafsa,villa,0,8,False,False,True,1991,167783
203,6,3,Kairouan,Kairouan,house,0,8,True,False,False,1996,404780
160,7,2,Sousse,Sousse,villa,0,2,True,True,False,2004,804323
168,5,4,Kairouan,Kairouan,apartment,9,7,False,False,False,2006,276057
135,2,2,Hammamet,Hammamet,house,0,9,True,True,False,2006,571134
261,1,4,Gabès,Gabès,villa,0,3,False,False,False,2007,342014
277,7,2,Centre Ville,Tunis,villa,0,2,True,False,True,1997,2237776
285,3,2,Kairouan,Kairouan,villa,0,9,True,False,True,1995,835252
331,2,3,Nabeul,Nabeul,villa,0,8,True,False,False,1995,1651557
338,5,2,Gabès,Gabès,house,0,5,True,True,False,1995,976443
161,4,2,Nabeul,Nabeul,house,0,8,True,False,False,1998,410872
436,3,3,Gafsa,Gafsa,villa,0,8,True,False,False,2013,1348788
55,2,4,Tataouine,Tataouine,house,0,4,False,True,False,2004,90919
167,1,2,Nabeul,Nabeul,apartment,7,6,True,False,False,1991,346351
252,2,3,Lac 1,Tunis,apartment,4,6,True,False,False,2015,1027177
373,3,4,Monastir,Monastir,house,0,1,False,True,False,2009,389161
189,7,1,Hammamet,Hammamet,house,0,6,False,False,False,2000,688156
405,5,3,Bizerte,Bizerte,apartment,2,1,True,False,False,1995,506557
59,5,3,Ariana,Tunis,villa,0,2,False,True,True,2002,453547
179,4,1,Monastir,Monastir,apartment,4,9,True,False,False,2006,236967
448,6,3,Sfax,Sfax,house,0,3,False,True,False,2019,982998
354,5,2,Sfax,Sfax,villa,0,2,False,True,True,2003,856524
186,2,4,Kairouan,Kairouan,apartment,2,3,True,False,False,1990,331072
369,6,4,Kairouan,Kairouan,apartment,7,9,True,False,False,2003,495006
340,5,1,Tataouine,Tataouine,apartment,4,3,False,False,False,2003,607376
111,4,1,Sfax,Sfax,apartment,9,9,False,False,False,2007,97236
377,7,4,Hammamet,Hammamet,house,0,3,False,True,False,2022,1194236
112,7,1,Kairouan,Kairouan,house,0,9,False,False,False,2006,238551
499,6,1,Gabès,Gabès,house,0,8,True,True,False,1995,1479915
116,7,3,Gabès,Gabès,house,0,8,True,False,False,2004,309839
206,1,4,Carthage,Tunis,villa,0,7,False,True,False,2016,994411
206,6,1,Sousse,Sousse,villa,0,1,False,False,False,2016,778680
338,6,4,Kairouan,Kairouan,house,0,6,True,False,False,1991,865530
54,3,2,Sfax,Sfax,house,0,1,False,True,False,2002,122440
352,4,1,Hammamet,Hammamet,villa,0,8,False,True,True,2004,2152770
185,5,1,Tataouine,Tataouine,apartment,3,2,False,False,False,2016,132312
164,3,4,Centre Ville,Tunis,apartment,3,5,True,False,False,2009,209223
303,2,4,Tataouine,Tataouine,apartment,5,6,False,False,False,1997,199252
352,2,2,Sfax,Sfax,house,0,8,True,False,False,2007,685741
160,4,3,Sfax,Sfax,house,0,4,False,True,False,1993,358026
425,5,4,Gabès,Gabès,house,0,1,False,False,False,2017,972842
442,6,3,Hammamet,Hammamet,house,0,8,True,True,False,2011,1256712
456,1,2,Monastir,Monastir,apartment,4,5,False,False,False,2015,891936
469,6,3,Ariana,Tunis,house,0,9,False,False,False,1990,1249275
420,7,1,Monastir,Monastir,house,0,9,False,False,False,1998,437236
485,1,1,Gafsa,Gafsa,house,0,9,False,False,False,2014,1223170
124,6,2,Sfax,Sfax,villa,0,7,True,False,False,2007,238859
467,3,1,Kairouan,Kairouan,villa,0,3,False,True,True,2013,792396
229,6,1,Hammamet,Hammamet,house,0,8,False,False,False,2022,348666
334,7,3,Tataouine,Tataouine,apartment,5,2,False,False,False,2010,500198
386,4,1,Gabès,Gabès,house,0,1,False,False,False,2009,984732
391,4,3,Sfax,Sfax,house,0,8,False,True,False,1996,878505
264,3,3,Tataouine,Tataouine,villa,0,8,False,True,False,2008,895314
81,6,1,Bizerte,Bizerte,villa,0,1,False,False,False,2018,126554
193,3,2,Gafsa,Gafsa,house,0,1,True,False,False,2003,462398
224,2,2,Nabeul,Nabeul,villa,0,6,False,False,True,2017,1217728
163,6,2,Sfax,Sfax,villa,0,3,True,False,False,1993,514353
462,7,3,Bizerte,Bizerte,house,0,3,False,True,False,2021,833488
415,2,4,Tataouine,Tataouine,house,0,1,False,True,False,2012,405445
337,2,3,Bizerte,Bizerte,apartment,7,1,False,False,False,1992,334843
304,5,4,Monastir,Monastir,apartment,5,9,True,False,False,1992,478544
146,4,3,Tataouine,Tataouine,house,0,8,True,True,False,2023,156960
137,6,4,Bizerte,Bizerte,villa,0,8,False,False,False,2005,246797
214,6,1,Bizerte,Bizerte,house,0,7,False,False,False,2007,179383
379,7,1,Kairouan,Kairouan,villa,0,7,False,False,True,2010,671175
161,5,3,Monastir,Monastir,house,0,4,True,False,False,2018,263542
131,2,1,Sousse,Sousse,apartment,4,4,False,False,False,2000,242874
435,3,3,Monastir,Monastir,villa,0,7,False,False,False,2001,1475172
310,5,2,Hammamet,Hammamet,villa,0,9,False,True,True,2023,1796322
477,3,4,Gabès,Gabès,villa,0,6,True,False,True,2013,1305126
251,6,4,Sousse,Sousse,apartment,6,1,False,False,False,2006,399090
58,2,1,Tataouine,Tataouine,house,0,9,False,True,False,1998,139405
284,6,4,Hammamet,Hammamet,villa,0,2,True,True,False,2012,1136471
124,6,2,Gafsa,Gafsa,villa,0,5,False,True,False,2023,361405
214,1,2,Kairouan,Kairouan,villa,0,7,True,True,True,2011,382192
362,7,2,Sousse,Sousse,apartment,7,2,True,False,False,2001,738914
443,5,1,Tataouine,Tataouine,villa,0,5,False,True,True,2017,1369250
171,6,4,Sfax,Sfax,apartment,1,6,True,False,False,1990,232409
230,4,3,Nabeul,Nabeul,apartment,9,5,True,False,False,2000,614086
60,4,1,Nabeul,Nabeul,apartment,6,8,True,False,False,2023,64562
160,6,2,Gafsa,Gafsa,apartment,4,8,False,False,False,2022,303488
288,4,3,Sousse,Sousse,apartment,2,4,False,False,False,2006,607219
414,3,2,Monastir,Monastir,house,0,9,False,False,False,2015,978662
122,1,4,Nabeul,Nabeul,house,0,1,False,True,False,1990,427078
110,3,4,Hammamet,Hammamet,house,0,9,True,True,False,1992,460017
278,4,4,Nabeul,Nabeul,house,0,3,False,False,False,2019,390745
403,4,3,Monastir,Monastir,villa,0,5,False,True,False,2006,720699
106,7,1,Kairouan,Kairouan,villa,0,8,True,False,False,2008,233997
130,7,1,Sfax,Sfax,house,0,6,False,True,False,2005,224418
249,1,2,Hammamet,Hammamet,apartment,8,9,False,False,False,2015,252784
337,2,4,Monastir,Monastir,house,0,7,True,False,False,2006,655047
135,2,3,Bizerte,Bizerte,house,0,5,True,False,False,1996,137985
420,2,3,Kairouan,Kairouan,villa,0,7,True,False,True,2018,1149993
272,6,4,Gabès,Gabès,house,0,7,True,False,False,2007,673056
152,1,2,Monastir,Monastir,house,0,8,True,False,False,2023,154365
342,3,4,Bizerte,Bizerte,villa,0,7,True,True,True,2012,859990
88,7,4,Kairouan,Kairouan,apartment,0,4,False,False,False,2018,125382
458,5,2,Hammamet,Hammamet,house,0,1,True,False,False,2005,969263
475,4,2,Nabeul,Nabeul,house,0,2,True,True,False,2023,1038152
300,7,1,Bizerte,Bizerte,house,0,2,True,True,False,2021,876035
276,3,3,Centre Ville,Tunis,villa,0,4,False,True,True,2018,1872322
367,5,4,Sousse,Sousse,villa,0,9,True,True,True,2005,2693578
285,7,1,Ariana,Tunis,apartment,9,9,True,False,False,2009,533263
114,6,1,Sousse,Sousse,apartment,2,8,True,False,False,2019,161307
195,6,1,Lac 1,Tunis,house,0,9,True,True,False,1990,1023602
122,7,1,Gafsa,Gafsa,villa,0,9,False,True,False,2013,340696
189,3,2,Sfax,Sfax,house,0,5,True,False,False,1995,331459
489,7,2,Gafsa,Gafsa,villa,0,8,True,False,True,2000,1811821
382,2,1,Hammamet,Hammamet,house,0,7,False,False,False,1993,1426632
121,4,1,Kairouan,Kairouan,apartment,5,5,True,False,False,1999,196165
275,1,2,Tataouine,Tataouine,house,0,9,True,False,False,1992,702702
310,6,3,Gafsa,Gafsa,villa,0,7,False,True,False,1998,943778
69,2,1,Tataouine,Tataouine,apartment,9,3,True,False,False,2007,49903
194,3,4,Nabeul,Nabeul,villa,0,3,True,False,True,2002,1111375
430,7,1,Bizerte,Bizerte,villa,0,9,True,True,False,1993,1559083
147,3,1,Monastir,Monastir,apartment,7,3,False,False,False,2017,278006
186,3,1,Gafsa,Gafsa,apartment,1,9,True,False,False,2004,131085
74,5,3,Gabès,Gabès,villa,0,2,True,True,True,2013,311519
87,3,1,Kairouan,Kairouan,villa,0,2,False,True,False,1995,115207
365,5,4,Hammamet,Hammamet,house,0,5,True,False,False,2002,832235
163,5,4,Tataouine,Tataouine,house,0,3,True,True,False,1992,468147
89,2,4,Sfax,Sfax,villa,0,1,True,False,True,1995,177562
196,4,1,Sfax,Sfax,house,0,9,True,False,False,2002,248705
94,1,1,Tataouine,Tataouine,apartment,9,4,True,False,False,2016,96410
237,7,1,Sousse,Sousse,apartment,9,9,False,False,False,2020,379389
475,2,4,Sousse,Sousse,villa,0,5,False,False,False,2019,2435724
464,2,4,Centre Ville,Tunis,villa,0,2,True,True,True,2003,2610937
61,7,2,Monastir,Monastir,house,0,1,True,False,False,2006,77203
272,2,4,Gabès,Gabès,villa,0,8,False,True,False,1995,545453
463,7,2,Bizerte,Bizerte,apartment,8,2,False,False,False,2017,507818
384,6,1,Gabès,Gabès,apartment,5,4,False,False,False,2009,394137
291,4,3,Kairouan,Kairouan,villa,0,1,False,True,True,2001,1028873
450,2,2,Gabès,Gabès,villa,0,1,False,False,False,2011,824904
169,3,2,Sfax,Sfax,apartment,1,4,False,False,False,2001,247416
78,3,1,Centre Ville,Tunis,apartment,5,3,False,False,False,2000,160173
75,2,2,Sousse,Sousse,apartment,1,4,True,False,False,2006,181629
446,1,3,Soukra,Tunis,villa,0,7,False,True,True,2018,1646237
124,4,4,Nabeul,Nabeul,villa,0,2,False,True,True,2003,730402
71,3,3,Gafsa,Gafsa,house,0,3,False,True,False,2006,179098
285,4,1,Sfax,Sfax,villa,0,5,False,True,False,2005,753001
492,4,2,Soukra,Tunis,villa,0,3,True,True,True,1994,4408049
306,2,4,Sousse,Sousse,villa,0,6,False,False,False,2004,1312005
494,3,4,Hammamet,Hammamet,villa,0,1,True,False,False,2014,1782543
61,2,3,Sousse,Sousse,apartment,7,9,True,False,False,2006,186616
358,7,3,Nabeul,Nabeul,villa,0,2,False,False,False,1996,917110
398,4,1,Nabeul,Nabeul,apartment,7,3,True,False,False,2009,1194023
64,1,2,Bizerte,Bizerte,apartment,6,1,False,False,False,2009,67584
215,1,4,Lac 2,Tunis,house,0,6,False,True,False,1991,1332488
121,3,4,Nabeul,Nabeul,villa,0,1,True,True,False,1997,323907
369,2,2,Sfax,Sfax,house,0,6,True,False,False,2021,326387
350,1,1,Monastir,Monastir,apartment,5,9,True,False,False,1997,463932
263,3,4,Hammamet,Hammamet,villa,0,9,False,True,False,2006,866719
426,6,4,Sousse,Sousse,villa,0,6,True,False,False,2011,860855
197,1,2,Bizerte,Bizerte,villa,0,8,True,False,True,2021,403099
402,2,1,Gabès,Gabès,villa,0,1,False,False,True,2002,1044531
165,2,2,Hammamet,Hammamet,villa,0,7,False,True,True,1991,1013697
408,2,2,Nabeul,Nabeul,house,0,2,True,False,False,2004,1198269
155,7,4,Gafsa,Gafsa,villa,0,1,True,False,False,2000,261545
172,6,1,Tataouine,Tataouine,apartment,5,9,False,False,False,2020,308086
90,2,4,Nabeul,Nabeul,villa,0,8,True,True,False,1997,480723
133,6,3,Soukra,Tunis,apartment,6,4,False,False,False,2005,338950
439,2,2,Sfax,Sfax,villa,0,3,True,False,True,2003,1527330
61,7,4,Sfax,Sfax,house,0,9,True,True,False,2008,175122
287,4,1,Gafsa,Gafsa,apartment,7,7,False,False,False,2021,253937
349,2,2,Kairouan,Kairouan,apartment,1,3,True,False,False,2011,395179
401,1,3,Kairouan,Kairouan,apartment,2,3,True,False,False,2018,683785
402,7,4,Hammamet,Hammamet,house,0,1,False,True,False,2019,660859
491,5,4,Nabeul,Nabeul,apartment,3,5,False,False,False,1993,902065
413,6,4,Gafsa,Gafsa,villa,0,8,True,True,True,2021,2178851
469,2,1,Sfax,Sfax,villa,0,2,False,False,True,1991,995615
467,4,2,Sfax,Sfax,apartment,6,3,False,False,False,2001,921297
286,2,4,Tataouine,Tataouine,villa,0,5,False,True,True,2004,981159
331,4,4,Tataouine,Tataouine,apartment,6,2,False,False,False,1994,477699
90,6,2,Hammamet,Hammamet,house,0,8,True,False,False,2014,281129
179,7,2,Gabès,Gabès,house,0,1,False,False,False,2014,153954
115,3,1,Hammamet,Hammamet,house,0,5,True,True,False,1990,465594
489,4,1,Lac 2,Tunis,villa,0,7,False,True,False,2020,4295023
59,3,2,Sousse,Sousse,house,0,9,False,False,False,1990,85781
325,3,4,Nabeul,Nabeul,villa,0,1,True,True,True,2009,2220889
170,3,1,Sfax,Sfax,house,0,5,True,True,False,2001,196852
354,1,4,Gafsa,Gafsa,apartment,7,6,False,False,False,2009,320865
179,1,3,Sousse,Sousse,house,0,5,False,True,False,2009,332044
334,1,3,Sousse,Sousse,villa,0,3,True,False,True,1995,1264439
294,3,1,Nabeul,Nabeul,villa,0,1,True,True,False,2003,1345919
325,5,2,Monastir,Monastir,apartment,7,2,True,False,False,2014,581217
334,1,3,Bizerte,Bizerte,villa,0,8,True,True,False,2012,1250450
343,4,3,Kairouan,Kairouan,house,0,4,True,False,False,2005,578689
429,7,4,Tataouine,Tataouine,villa,0,2,True,False,False,2010,601945
313,5,4,Hammamet,Hammamet,house,0,6,True,True,False,1994,1307267
135,7,2,Nabeul,Nabeul,apartment,0,7,True,False,False,2015,208542
463,2,2,Sousse,Sousse,villa,0,1,False,True,True,2015,3533812
352,1,4,Hammamet,Hammamet,villa,0,8,False,False,True,2014,1594315
338,1,3,Kairouan,Kairouan,apartment,4,5,True,False,False,2015,580048
499,2,4,Carthage,Tunis,villa,0,6,True,True,True,1998,5351432
218,1,4,Hammamet,Hammamet,villa,0,9,True,True,False,2002,1077943
373,2,1,Sousse,Sousse,house,0,6,False,True,False,1993,1559845
68,6,2,Monastir,Monastir,house,0,2,True,False,False,2002,133660
328,3,1,Tataouine,Tataouine,apartment,0,8,True,False,False,1996,667860
262,7,1,Nabeul,Nabeul,apartment,9,7,True,False,False,2004,566485
452,4,1,Bizerte,Bizerte,house,0,9,False,True,False,2022,570865
273,1,3,Gabès,Gabès,villa,0,6,True,False,False,2015,862701
404,6,2,Bizerte,Bizerte,house,0,2,True,False,False,1998,805572
134,2,4,Bizerte,Bizerte,villa,0,2,True,False,True,1995,376121
270,2,1,Bizerte,Bizerte,villa,0,5,True,True,False,2023,495317
342,7,4,Ariana,Tunis,villa,0,4,True,True,False,2004,898015
481,7,2,Sousse,Sousse,house,0,2,False,False,False,2010,904934
156,7,4,Gafsa,Gafsa,apartment,4,9,False,False,False,2000,106080
320,4,1,Nabeul,Nabeul,apartment,5,3,False,False,False,2023,828288
430,4,4,Monastir,Monastir,villa,0,5,False,False,True,2016,2005960
288,4,3,Tataouine,Tataouine,apartment,7,4,True,False,False,2019,600203
51,1,1,Bizerte,Bizerte,house,0,4,False,False,False,2015,114990
399,3,3,Nabeul,Nabeul,house,0,7,True,True,False,2002,688723
120,7,4,Sfax,Sfax,house,0,1,True,False,False,2009,298116
423,7,2,Sfax,Sfax,villa,0,1,False,True,False,2002,1129673
455,6,1,Gabès,Gabès,apartment,5,9,True,False,False,2015,504504
320,2,4,Sfax,Sfax,apartment,9,9,False,False,False,1997,243456
257,1,2,Gabès,Gabès,apartment,4,4,True,False,False,2013,287120
149,4,3,Gabès,Gabès,apartment,9,9,False,False,False,2007,204308
213,2,1,Kairouan,Kairouan,apartment,6,2,False,False,False,1994,253214
98,3,4,Nabeul,Nabeul,villa,0,2,True,False,False,2022,317837
198,1,2,Bizerte,Bizerte,villa,0,5,True,True,False,2004,401103
209,3,2,Sousse,Sousse,apartment,8,9,True,False,False,2014,413180
369,3,3,Hammamet,Hammamet,apartment,4,2,True,False,False,1992,1105162
423,5,3,Kairouan,Kairouan,house,0,9,False,False,False,2000,790976
329,4,2,Sousse,Sousse,apartment,2,4,False,False,False,2015,759990
91,7,1,Monastir,Monastir,house,0,4,True,False,False,2022,248330
436,1,4,Tataouine,Tataouine,villa,0,1,True,True,False,1995,887589
245,5,1,Gabès,Gabès,apartment,1,5,True,False,False,2016,197362
198,6,4,Tataouine,Tataouine,villa,0,2,True,True,True,1992,776159
349,5,2,Tataouine,Tataouine,house,0,3,True,False,False,2011,744303
264,4,2,Tataouine,Tataouine,house,0,6,False,True,False,2006,348224
335,4,4,Gafsa,Gafsa,villa,0,6,True,False,True,1994,1514494
336,7,1,Hammamet,Hammamet,apartment,6,9,True,False,False,2005,776865
194,4,4,Tataouine,Tataouine,apartment,3,3,True,False,False,2005,385400
286,7,4,Monastir,Monastir,apartment,2,8,False,False,False,1994,473844
413,1,1,Nabeul,Nabeul,house,0,5,False,True,False,2009,853993
280,1,1,Nabeul,Nabeul,apartment,5,4,True,False,False,2023,461462
191,4,1,Sousse,Sousse,house,0,7,True,True,False,1991,399206
390,2,3,Bizerte,Bizerte,apartment,8,9,True,False,False,1990,535298
229,6,3,Bizerte,Bizerte,villa,0,4,True,True,True,2007,549599
311,3,2,Bizerte,Bizerte,villa,0,6,False,False,True,2001,1200479
98,2,2,Kairouan,Kairouan,apartment,1,3,True,False,False,2019,167850
207,6,2,Lac 2,Tunis,apartment,2,7,True,False,False,2003,379058
448,5,3,Gafsa,Gafsa,apartment,1,2,True,False,False,2007,763553
325,2,4,Monastir,Monastir,house,0,9,False,False,False,1991,538096
302,6,1,Centre Ville,Tunis,apartment,3,1,False,False,False,2005,734313
287,5,4,Hammamet,Hammamet,villa,0,3,False,True,True,1995,1638225
190,5,2,Lac 2,Tunis,house,0,8,True,True,False,2010,1023032
74,7,4,Nabeul,Nabeul,villa,0,4,True,False,True,2007,390108
365,7,2,Tataouine,Tataouine,house,0,2,False,True,False,2012,528630
336,3,1,Nabeul,Nabeul,apartment,2,2,True,False,False,1999,484323
179,6,3,Gabès,Gabès,apartment,1,8,True,False,False,2004,188852
132,1,3,Kairouan,Kairouan,house,0,5,True,False,False,1998,285260
239,6,3,Ariana,Tunis,house,0,7,False,True,False,2005,614673
301,1,4,Lac 2,Tunis,villa,0,4,False,True,False,2006,1072764
408,4,4,Tataouine,Tataouine,apartment,3,4,True,False,False,1996,326954
141,6,2,Nabeul,Nabeul,villa,0,7,False,True,True,2011,1074865
232,2,2,Kairouan,Kairouan,apartment,4,6,True,False,False,2004,284524
187,7,2,Bizerte,Bizerte,villa,0,8,False,True,False,1994,255923
62,5,2,Bizerte,Bizerte,apartment,1,5,True,False,False,2007,50621
209,4,1,Gabès,Gabès,apartment,2,1,False,False,False,2000,251134
454,4,4,Kairouan,Kairouan,apartment,6,5,True,False,False,2015,499200
245,2,4,Hammamet,Hammamet,apartment,1,8,True,False,False,2018,697353
462,6,2,Kairouan,Kairouan,apartment,4,1,True,False,False,2006,754039
442,1,1,Hammamet,Hammamet,apartment,1,1,False,False,False,1999,552146
363,4,4,Hammamet,Hammamet,villa,0,5,True,True,False,2017,1371097
296,2,4,Gafsa,Gafsa,apartment,5,8,False,False,False,2004,415584
392,5,3,Bizerte,Bizerte,villa,0,5,False,False,True,2021,1276119
498,7,1,Nabeul,Nabeul,apartment,7,8,False,False,False,2012,503179
434,5,3,Gabès,Gabès,villa,0,8,True,True,False,2013,1328164
182,4,1,Monastir,Monastir,apartment,7,4,False,False,False,2000,179816
448,3,3,Bizerte,Bizerte,villa,0,3,True,False,True,2017,1199361
491,5,1,Gabès,Gabès,house,0,6,False,True,False,2021,740887
369,2,2,Hammamet,Hammamet,house,0,1,False,False,False,2020,1422406
305,1,1,Nabeul,Nabeul,villa,0,2,True,False,False,2004,1207086
98,4,2,Tataouine,Tataouine,house,0,4,True,True,False,2003,287230
218,1,2,Ariana,Tunis,villa,0,7,False,False,False,1999,557992
213,4,3,Sfax,Sfax,house,0,8,False,True,False,1991,285827
318,5,4,Hammamet,Hammamet,apartment,1,1,False,False,False,2007,374731
202,3,2,Tataouine,Tataouine,house,0,9,True,False,False,2011,267568
262,4,4,Monastir,Monastir,villa,0,3,True,False,False,2010,364848
81,6,3,Gabès,Gabès,apartment,6,1,False,False,False,2001,133228
480,2,1,Kairouan,Kairouan,house,0,5,False,False,False,1997,549619
409,6,3,Sfax,Sfax,house,0,7,True,True,False,2021,492273
305,6,2,Gafsa,Gafsa,apartment,8,6,True,False,False,2017,586441
307,5,1,Tataouine,Tataouine,house,0,4,True,True,False,2016,879512
144,7,3,Kairouan,Kairouan,villa,0,7,True,True,False,2013,447147
327,3,1,Hammamet,Hammamet,apartment,0,8,False,False,False,1992,589384
167,3,3,Ariana,Tunis,villa,0,7,True,False,False,2014,923691
278,7,4,Tataouine,Tataouine,apartment,9,8,True,False,False,1990,486655
52,1,4,Sousse,Sousse,villa,0,8,False,True,True,2021,268713
403,3,1,Monastir,Monastir,house,0,5,False,False,False,2016,721724
115,1,4,Gafsa,Gafsa,villa,0,9,False,True,True,2011,244622
139,2,2,Kairouan,Kairouan,villa,0,1,True,True,True,2003,552092
170,2,1,Hammamet,Hammamet,house,0,9,True,True,False,2009,424540
449,3,3,Sousse,Sousse,villa,0,7,False,False,False,1995,1972654
150,2,4,Sousse,Sousse,apartment,3,4,False,False,False,1999,240300
276,2,1,Gafsa,Gafsa,villa,0,6,True,True,False,2010,744109
408,5,2,Tataouine,Tataouine,villa,0,6,True,True,True,1993,870693
106,5,4,Hammamet,Hammamet,apartment,0,7,True,False,False,1996,175631
270,6,3,Tataouine,Tataouine,villa,0,8,True,True,True,2005,873923
104,4,4,Centre Ville,Tunis,apartment,7,8,True,False,False,2023,408353
131,3,3,Tataouine,Tataouine,house,0,3,False,True,False,2008,180586
201,5,4,Gafsa,Gafsa,apartment,9,6,True,False,False,2020,281456
241,3,4,Gafsa,Gafsa,apartment,3,7,False,False,False,2022,379623
368,4,1,Tataouine,Tataouine,house,0,9,True,False,False,2022,482227
247,4,4,Hammamet,Hammamet,villa,0,6,True,True,False,2003,568766
124,7,1,Gafsa,Gafsa,apartment,9,5,True,False,False,1999,88431
308,5,3,Bizerte,Bizerte,villa,0,1,True,False,False,2019,490377
167,5,2,Gabès,Gabès,villa,0,1,True,False,True,2008,738245
84,6,2,Hammamet,Hammamet,house,0,3,False,True,False,1994,313080
369,5,4,Monastir,Monastir,house,0,1,True,False,False,2010,764392
241,5,4,Gabès,Gabès,villa,0,6,True,True,False,2015,834931
175,7,3,Hammamet,Hammamet,house,0,2,False,True,False,1990,477777
362,4,2,Gafsa,Gafsa,house,0,9,False,True,False,2020,1001775
201,1,4,Tataouine,Tataouine,house,0,5,False,True,False,2019,513005
413,2,2,Gafsa,Gafsa,house,0,6,False,False,False,2017,731043
212,7,4,La Marsa,Tunis,house,0,8,True,False,False,1999,1286583
231,7,2,Centre Ville,Tunis,house,0,9,True,True,False,2002,718492
93,1,1,Tataouine,Tataouine,villa,0,4,False,True,False,2009,154530
412,1,1,Tataouine,Tataouine,apartment,3,2,True,False,False,2022,810519
119,7,3,Bizerte,Bizerte,apartment,1,8,True,False,False,2000,197021
192,7,1,Hammamet,Hammamet,villa,0,8,False,False,True,2003,1151594
214,2,1,Carthage,Tunis,villa,0,2,False,True,False,1994,1655897
136,2,1,Nabeul,Nabeul,house,0,8,True,False,False,2008,260638
394,5,4,Monastir,Monastir,apartment,8,9,False,False,False,2022,630715
166,4,3,Monastir,Monastir,apartment,9,9,False,False,False,1996,185521
338,1,4,Kairouan,Kairouan,house,0,2,False,False,False,2017,616214
92,1,3,Bizerte,Bizerte,villa,0,6,True,True,True,2006,483969
247,2,1,Bizerte,Bizerte,house,0,5,True,False,False,1994,630344
71,1,2,Gafsa,Gafsa,house,0,2,True,True,False,2005,105241
174,7,2,Nabeul,Nabeul,villa,0,8,False,True,True,1999,757806
241,3,3,Monastir,Monastir,apartment,0,7,False,False,False,2010,256616
203,7,4,Hammamet,Hammamet,apartment,3,6,False,False,False,2004,286230
281,5,3,La Marsa,Tunis,villa,0,6,True,False,True,2017,2183098
460,5,1,Monastir,Monastir,house,0,8,False,True,False,2017,973017
418,7,2,Kairouan,Kairouan,apartment,8,8,True,False,False,1992,655541
146,2,4,Sousse,Sousse,villa,0,3,False,False,True,1995,605932
485,7,1,Gabès,Gabès,villa,0,2,False,True,False,2008,1158505
356,3,4,Tataouine,Tataouine,apartment,9,8,True,False,False,2013,390845
346,4,1,Nabeul,Nabeul,house,0,5,False,True,False,1997,811043
442,7,3,Tataouine,Tataouine,house,0,8,False,False,False,2007,621947
365,4,2,Hammamet,Hammamet,house,0,2,False,False,False,1996,937801
436,5,3,Gabès,Gabès,house,0,2,True,False,False,2022,485158
178,7,4,Bizerte,Bizerte,house,0,8,False,True,False,2021,302800
156,5,4,Sousse,Sousse,villa,0,6,False,False,True,2008,588298
186,4,3,Bizerte,Bizerte,villa,0,7,True,False,False,2005,548964
112,5,3,Tataouine,Tataouine,apartment,4,5,False,False,False,2019,95692
211,4,4,Sousse,Sousse,apartment,5,7,False,False,False,2016,597552
180,1,4,Sfax,Sfax,house,0,9,True,False,False,2009,339852
203,6,2,Kairouan,Kairouan,apartment,4,3,False,False,False,2017,373520
314,4,2,Sousse,Sousse,house,0,2,True,False,False,1995,519475
109,4,1,Tataouine,Tataouine,house,0,2,True,True,False,1998,199538
265,2,2,Monastir,Monastir,house,0,3,True,False,False,2001,368959
335,2,4,Bizerte,Bizerte,apartment,4,8,False,False,False,2015,265052
466,5,3,Hammamet,Hammamet,villa,0,4,True,False,True,2023,1154121
356,7,2,Gafsa,Gafsa,house,0,9,False,False,False,2012,740109
433,6,1,Monastir,Monastir,house,0,5,True,True,False,2000,863918
320,3,3,Sousse,Sousse,villa,0,1,True,True,False,2009,1350784
321,2,2,Bizerte,Bizerte,house,0,3,True,True,False,2017,721044
472,6,1,Nabeul,Nabeul,house,0,4,True,True,False,1990,1502744
296,7,4,Bizerte,Bizerte,apartment,2,4,True,False,False,2014,234218
240,5,3,Nabeul,Nabeul,house,0,9,True,True,False,2003,544431
450,7,1,Kairouan,Kairouan,house,0,3,False,False,False,2002,950040
259,3,1,Kairouan,Kairouan,apartment,5,7,False,False,False,2016,451074
425,6,2,Kairouan,Kairouan,apartment,3,5,False,False,False,1997,510340
84,3,2,Gabès,Gabès,house,0,4,True,False,False,2014,112183
393,6,2,Sousse,Sousse,apartment,5,7,False,False,False,2011,415951
159,3,3,Carthage,Tunis,house,0,3,True,True,False,1998,517107
222,7,2,Sousse,Sousse,villa,0,9,False,False,True,2008,1085920
447,6,1,Nabeul,Nabeul,apartment,3,8,True,False,False,2006,611093
314,1,4,Monastir,Monastir,villa,0,4,True,True,False,2014,1293600
252,5,3,Tataouine,Tataouine,villa,0,9,True,False,True,2003,505733
90,4,3,Gafsa,Gafsa,villa,0,4,False,True,True,2017,243335
410,5,2,Sousse,Sousse,house,0,6,True,True,False,2005,942629
111,1,4,Bizerte,Bizerte,apartment,2,2,True,False,False,2010,136130
374,4,1,Tataouine,Tataouine,apartment,2,1,True,False,False,1998,712514
442,4,3,Kairouan,Kairouan,house,0,1,False,False,False,2023,701931
114,5,3,Sousse,Sousse,house,0,8,False,False,False,2001,219988
125,6,3,Tataouine,Tataouine,villa,0,9,False,True,False,2008,163350
357,5,2,Ariana,Tunis,house,0,8,False,False,False,2010,1651963
325,1,1,Nabeul,Nabeul,apartment,2,4,True,False,False,1996,469696
77,4,2,Bizerte,Bizerte,villa,0,3,False,False,True,2011,333693
243,2,3,Tataouine,Tataouine,apartment,6,9,True,False,False,1990,491316
136,6,2,Soukra,Tunis,villa,0,6,True,True,False,2014,581887
317,6,2,Kairouan,Kairouan,apartment,7,3,True,False,False,1990,330187
142,5,1,Gabès,Gabès,apartment,2,8,False,False,False,2003,240150
481,5,4,Monastir,Monastir,villa,0,8,True,True,False,2002,1199998
98,6,1,Tataouine,Tataouine,apartment,7,4,True,False,False,2022,115330
344,5,1,Sfax,Sfax,house,0,1,True,True,False,1998,895432
86,1,1,Hammamet,Hammamet,house,0,1,True,True,False,2013,250716
108,7,3,Gafsa,Gafsa,house,0,9,True,True,False,2002,204713
196,3,1,Kairouan,Kairouan,apartment,0,8,True,False,False,2008,354799
121,5,1,Sousse,Sousse,house,0,1,True,True,False,2015,196652
299,5,4,Sousse,Sousse,apartment,8,7,False,False,False,2019,647275
480,7,1,Hammamet,Hammamet,house,0,4,True,True,False,2007,2145727
499,4,2,Nabeul,Nabeul,villa,0,1,True,True,False,2007,1598458
196,7,4,Sfax,Sfax,apartment,7,4,False,False,False,2022,177340
427,3,3,Nabeul,Nabeul,house,0,9,False,False,False,1991,1171038
334,1,2,Hammamet,Hammamet,villa,0,2,False,False,True,2000,1959214
447,2,3,Gafsa,Gafsa,apartment,5,9,True,False,False,2017,589503
133,6,3,Lac 1,Tunis,house,0,5,False,True,False,1991,923562
215,3,4,Tataouine,Tataouine,house,0,8,True,False,False,1991,447021
474,6,4,Bizerte,Bizerte,villa,0,3,True,True,True,1990,2187059
350,7,2,Hammamet,Hammamet,villa,0,5,False,True,False,2010,1141786
98,7,3,Sousse,Sousse,villa,0,9,True,False,True,2012,644632
343,4,1,Tataouine,Tataouine,villa,0,6,True,False,False,2007,632192
148,5,3,Sousse,Sousse,apartment,8,5,False,False,False,2019,357153
413,2,4,Sousse,Sousse,apartment,2,3,True,False,False,2017,1038158
384,1,3,Kairouan,Kairouan,house,0,7,False,True,False,2000,597003
209,2,3,Nabeul,Nabeul,apartment,8,6,False,False,False,2022,370682
339,4,1,Gabès,Gabès,house,0,7,False,True,False,1993,473135
105,1,1,Gafsa,Gafsa,apartment,3,3,True,False,False,2018,178605
493,2,4,Tataouine,Tataouine,apartment,2,1,False,False,False,1994,873596
467,4,4,Kairouan,Kairouan,villa,0,6,True,True,True,1990,1872037
437,1,1,Monastir,Monastir,apartment,1,5,False,False,False,2019,768770
393,3,3,Nabeul,Nabeul,apartment,3,6,True,False,False,2016,1018585
100,2,2,Nabeul,Nabeul,villa,0,5,False,True,False,2019,305078
171,5,1,Gabès,Gabès,apartment,9,5,False,False,False,2012,197676
245,2,4,Gabès,Gabès,house,0,9,True,False,False,2018,234365
108,7,2,Monastir,Monastir,house,0,4,False,True,False,2006,112185
273,6,4,Gafsa,Gafsa,apartment,4,5,True,False,False,2002,337788
414,6,1,Gabès,Gabès,villa,0,7,False,True,True,1992,2026413
403,5,3,Hammamet,Hammamet,villa,0,1,True,False,True,2010,2068665
432,4,1,Kairouan,Kairouan,villa,0,7,True,True,False,1993,1668362
434,4,3,Gafsa,Gafsa,house,0,8,False,False,False,2002,872930
403,3,4,Nabeul,Nabeul,villa,0,3,True,True,False,2006,1932387
301,2,4,Hammamet,Hammamet,apartment,5,9,True,False,False,2013,592024
324,5,3,Nabeul,Nabeul,apartment,4,8,False,False,False,2017,511660
194,5,4,Sousse,Sousse,apartment,5,3,True,False,False,2016,474213
403,3,2,Sfax,Sfax,house,0,6,False,False,False,2010,500429
54,1,4,La Marsa,Tunis,villa,0,4,False,True,False,2001,514285
66,3,3,Sfax,Sfax,apartment,9,4,True,False,False,2021,76562
232,2,4,Gafsa,Gafsa,apartment,5,1,True,False,False,2013,235025
448,3,3,Sousse,Sousse,villa,0,9,True,True,True,2006,2576118
268,2,4,Sousse,Sousse,apartment,2,4,False,False,False,1996,374342
212,7,1,Tataouine,Tataouine,villa,0,8,True,True,True,2006,520717
418,1,4,Monastir,Monastir,villa,0,8,True,False,True,2008,1970246
343,3,3,Nabeul,Nabeul,villa,0,5,True,True,True,2002,1937855
238,7,3,Gafsa,Gafsa,villa,0,2,True,True,True,2021,422481
398,6,3,Hammamet,Hammamet,apartment,2,6,False,False,False,1999,534434
175,5,4,Gabès,Gabès,apartment,1,9,True,False,False,2013,348390
233,6,1,Nabeul,Nabeul,apartment,2,3,False,False,False,1997,445402
162,7,2,Bizerte,Bizerte,house,0,7,False,True,False,1992,349899
341,1,1,Bizerte,Bizerte,house,0,1,True,False,False,2004,883266
190,5,4,Bizerte,Bizerte,house,0,9,False,False,False,1990,493802
84,2,3,Sousse,Sousse,apartment,7,7,True,False,False,1998,169449
479,6,4,Gafsa,Gafsa,villa,0,4,False,True,True,2019,2151244
124,3,4,Nabeul,Nabeul,villa,0,3,True,True,False,2003,305333
222,2,1,Gafsa,Gafsa,apartment,2,6,True,False,False,2005,352260
473,1,3,Sfax,Sfax,apartment,1,6,True,False,False,1991,496252
62,7,3,Nabeul,Nabeul,villa,0,2,False,False,False,1992,228065
264,6,4,Tataouine,Tataouine,house,0,7,True,False,False,2016,707170
270,7,1,Hammamet,Hammamet,house,0,7,False,False,False,1990,721094
282,6,1,Soukra,Tunis,apartment,4,3,False,False,False,2008,903528
330,6,3,Sfax,Sfax,villa,0,1,True,False,False,2012,670103
495,2,2,Hammamet,Hammamet,apartment,3,8,True,False,False,2009,598128
419,6,2,Gabès,Gabès,house,0,4,False,True,False,2013,788987
71,6,3,Monastir,Monastir,apartment,3,7,True,False,False,1997,136515
61,7,3,Gabès,Gabès,house,0,2,True,False,False,2007,76803
176,3,1,Monastir,Monastir,house,0,1,True,True,False,2004,478634
290,2,1,Bizerte,Bizerte,villa,0,2,False,True,True,2021,652704
258,7,4,Sfax,Sfax,house,0,2,True,True,False,1997,368482
374,4,1,Kairouan,Kairouan,house,0,9,True,True,False,1990,1097065
196,1,3,Nabeul,Nabeul,apartment,1,4,False,False,False,2007,402192
356,5,3,Ariana,Tunis,apartment,0,6,False,False,False,2001,795660
470,1,2,Kairouan,Kairouan,house,0,7,False,False,False,2015,844646
365,3,1,Gafsa,Gafsa,house,0,8,True,True,False,1999,427038
72,5,1,Kairouan,Kairouan,apartment,4,1,False,False,False,2013,76147
322,4,3,Hammamet,Hammamet,apartment,8,9,False,False,False,2010,687019
260,4,1,Hammamet,Hammamet,house,0,1,True,True,False,2017,854017
90,3,3,Carthage,Tunis,villa,0,2,True,False,True,2003,453758
285,1,4,Sfax,Sfax,villa,0,7,False,False,True,2002,538321
278,5,4,Tataouine,Tataouine,villa,0,2,False,False,True,2005,753562
378,6,3,Bizerte,Bizerte,house,0,6,True,False,False,2011,793768
158,7,1,Gabès,Gabès,apartment,1,9,False,False,False,2013,199080
312,4,2,Tataouine,Tataouine,house,0,3,True,True,False,2017,421621
477,5,4,Gabès,Gabès,house,0,8,False,False,False,1990,572972
70,4,3,Sfax,Sfax,villa,0,3,False,True,False,2002,236839
98,6,2,Gafsa,Gafsa,house,0,5,False,True,False,1999,152135
62,5,2,Monastir,Monastir,apartment,7,2,False,False,False,2011,82683
447,2,3,Lac 1,Tunis,villa,0,9,True,True,True,1992,2198754
151,1,4,Nabeul,Nabeul,villa,0,6,True,True,False,2013,504797
220,1,4,Hammamet,Hammamet,apartment,9,6,True,False,False,1990,254469
205,7,1,Sfax,Sfax,apartment,7,6,False,False,False,2019,253216
211,5,2,Kairouan,Kairouan,house,0,7,False,False,False,2021,509978
202,1,3,Nabeul,Nabeul,house,0,7,False,False,False,2001,740847
257,3,1,Monastir,Monastir,house,0,4,False,True,False,2002,726199
277,7,3,Sfax,Sfax,apartment,8,8,False,False,False,2022,394891
266,5,2,Kairouan,Kairouan,apartment,3,8,True,False,False,1992,287790
206,2,2,Tataouine,Tataouine,villa,0,7,False,True,False,2015,429089
139,1,3,Monastir,Monastir,villa,0,5,False,False,True,2021,462910
483,3,3,Gafsa,Gafsa,apartment,5,9,False,False,False,2006,925041
139,4,3,Nabeul,Nabeul,apartment,9,9,False,False,False,2015,308246
443,3,1,Hammamet,Hammamet,house,0,3,True,False,False,2000,914298
230,4,3,Gafsa,Gafsa,house,0,1,False,False,False,2013,540831
237,1,3,Hammamet,Hammamet,villa,0,9,False,False,True,2015,535058
133,4,1,Tataouine,Tataouine,villa,0,8,True,True,True,2022,501804
471,3,2,Gabès,Gabès,house,0,5,False,False,False,1994,1084015
343,6,2,Bizerte,Bizerte,house,0,2,False,False,False,2003,539717
351,5,3,Gafsa,Gafsa,apartment,2,6,False,False,False,2018,370375
477,5,3,Gafsa,Gafsa,house,0,1,True,False,False,2006,588598
382,2,3,Hammamet,Hammamet,apartment,5,9,True,False,False,2005,663740
404,4,4,La Marsa,Tunis,villa,0,8,False,False,True,2015,2353946
381,3,1,Lac 2,Tunis,apartment,8,2,True,False,False,2008,888111
407,6,2,Kairouan,Kairouan,villa,0,6,False,False,False,1993,831647
420,5,3,Gabès,Gabès,villa,0,2,False,True,False,2006,943367
348,5,4,Centre Ville,Tunis,villa,0,2,False,False,False,2023,1944972
57,5,2,Kairouan,Kairouan,villa,0,8,False,False,True,2019,232081
143,1,3,Gafsa,Gafsa,villa,0,7,False,False,True,2006,263948
133,2,2,Bizerte,Bizerte,villa,0,6,True,False,True,1998,318938
123,4,1,Monastir,Monastir,house,0,5,False,True,False,2013,136349
301,2,3,Gabès,Gabès,house,0,8,True,True,False,2016,574520
150,3,1,Gabès,Gabès,villa,0,3,True,False,False,2002,452692
59,4,1,Monastir,Monastir,apartment,5,8,False,False,False,2016,63484
178,1,1,Hammamet,Hammamet,villa,0,7,False,False,False,1992,683989
453,5,2,Kairouan,Kairouan,apartment,2,3,False,False,False,2016,549760
66,2,1,Nabeul,Nabeul,villa,0,4,True,True,True,2018,319368
140,2,4,Bizerte,Bizerte,villa,0,1,False,False,True,1990,492972
203,5,4,Gabès,Gabès,apartment,3,7,False,False,False,1999,180913
252,1,1,Bizerte,Bizerte,villa,0,5,True,True,False,1990,932137
327,2,4,Gabès,Gabès,apartment,8,4,False,False,False,1994,543866
188,3,1,Sousse,Sousse,villa,0,3,False,False,True,2001,570664
420,3,1,Nabeul,Nabeul,villa,0,7,True,True,True,1996,1298139
89,5,1,Lac 2,Tunis,house,0,4,False,True,False,2012,425845
133,7,2,Gabès,Gabès,house,0,4,True,False,False,2018,196359
417,3,4,Sousse,Sousse,apartment,6,9,False,False,False,2016,818154
427,7,3,Hammamet,Hammamet,apartment,4,1,True,False,False,1992,1178263
329,3,4,Bizerte,Bizerte,apartment,3,2,True,False,False,2018,651933
73,2,4,Sfax,Sfax,house,0,3,True,True,False,2023,108031
230,4,3,Bizerte,Bizerte,house,0,5,False,True,False,2020,277065
230,6,1,Sfax,Sfax,villa,0,9,True,True,False,1995,833928
362,2,4,Sousse,Sousse,apartment,6,7,False,False,False,2010,929616
261,3,4,Nabeul,Nabeul,apartment,2,6,True,False,False,1993,540316
87,3,3,Carthage,Tunis,apartment,3,9,True,False,False,1994,395728
363,2,2,Gabès,Gabès,apartment,4,9,False,False,False,2016,291852
234,6,4,Gabès,Gabès,house,0,6,False,True,False,2005,348807
71,5,2,Nabeul,Nabeul,villa,0,5,False,True,False,1997,261816
321,3,3,Bizerte,Bizerte,villa,0,2,True,False,False,1998,861985
188,2,2,Gafsa,Gafsa,apartment,8,1,False,False,False,1993,358403
485,7,1,Monastir,Monastir,villa,0,5,False,True,False,1990,1547235
266,3,4,Nabeul,Nabeul,house,0,1,False,False,False,2013,836974
153,7,4,Bizerte,Bizerte,apartment,6,6,False,False,False,1990,221054
456,2,3,Hammamet,Hammamet,house,0,9,True,True,False,2006,1841252
300,1,1,Sousse,Sousse,villa,0,9,False,True,True,2002,1279689
311,4,4,Sousse,Sousse,house,0,5,True,False,False,1992,1100342
112,1,4,Sousse,Sousse,apartment,6,1,True,False,False,2006,248653
320,4,4,Monastir,Monastir,apartment,3,2,False,False,False,2008,215552
421,3,4,Tataouine,Tataouine,villa,0,1,False,True,False,2003,982290
238,7,4,Monastir,Monastir,apartment,7,3,False,False,False,1995,321395
482,3,1,Gafsa,Gafsa,apartment,0,5,True,False,False,2016,874135
439,5,4,Gabès,Gabès,apartment,2,3,False,False,False,2001,848148
428,3,2,Hammamet,Hammamet,apartment,8,4,False,False,False,2020,642513
477,7,2,Gafsa,Gafsa,house,0,8,True,True,False,2011,963739
362,5,4,Bizerte,Bizerte,house,0,7,True,False,False,2003,464086
163,7,3,Tataouine,Tataouine,apartment,2,2,False,False,False,2005,253888
162,4,2,Tataouine,Tataouine,villa,0,5,True,False,False,2000,515852
189,1,2,Monastir,Monastir,villa,0,1,True,True,False,1994,430023
461,6,1,Hammamet,Hammamet,villa,0,6,True,True,True,2022,3201081
99,1,3,Sousse,Sousse,villa,0,6,False,True,True,1994,695063
96,7,4,Gabès,Gabès,apartment,0,4,False,False,False,1996,185395
264,6,3,Hammamet,Hammamet,villa,0,3,False,False,True,2018,1155705
453,5,4,Bizerte,Bizerte,house,0,2,False,False,False,1999,546499
106,2,2,Kairouan,Kairouan,house,0,1,False,False,False,1991,145186
107,5,4,Hammamet,Hammamet,house,0,9,False,True,False,1994,349780
474,1,3,Sousse,Sousse,apartment,0,7,False,False,False,1992,896997
147,1,3,Hammamet,Hammamet,villa,0,2,False,True,False,2013,483741
215,6,2,Hammamet,Hammamet,villa,0,7,True,False,True,2016,930574
279,4,3,Monastir,Monastir,villa,0,9,True,False,True,2009,1058965
452,4,3,Gafsa,Gafsa,house,0,2,False,True,False,2019,1102431
339,6,3,Nabeul,Nabeul,apartment,5,9,True,False,False,2022,929029
97,6,1,Sousse,Sousse,apartment,3,2,False,False,False,2018,264810
114,3,2,Tataouine,Tataouine,apartment,8,5,False,False,False,2004,194985
199,3,4,Monastir,Monastir,house,0,5,False,True,False,2011,379502
147,6,1,Kairouan,Kairouan,house,0,1,False,False,False,1993,279770
354,1,4,Gafsa,Gafsa,villa,0,3,False,False,True,1990,1638827
469,1,1,Sousse,Sousse,apartment,9,6,False,False,False,2006,923554
419,3,2,Bizerte,Bizerte,house,0,2,True,False,False,2010,892218
458,4,3,Monastir,Monastir,villa,0,4,True,False,False,2018,815760
122,3,2,Bizerte,Bizerte,apartment,2,8,True,False,False,2017,86288
426,1,2,Bizerte,Bizerte,apartment,1,4,True,False,False,2012,692062
485,7,4,Sousse,Sousse,house,0,1,True,False,False,1994,872284
481,2,4,Gafsa,Gafsa,apartment,1,3,True,False,False,2022,456565
65,2,2,Tataouine,Tataouine,villa,0,7,True,False,True,1999,276098
87,7,3,Sfax,Sfax,villa,0,4,True,False,True,2002,222822
223,3,2,Hammamet,Hammamet,villa,0,6,False,True,False,1990,961144
425,3,2,Nabeul,Nabeul,apartment,7,3,False,False,False,2006,966960
439,3,1,Bizerte,Bizerte,apartment,6,1,True,False,False,2017,613616
231,5,1,Kairouan,Kairouan,house,0,2,True,True,False,2010,435361
494,2,3,Tataouine,Tataouine,villa,0,6,False,True,True,2004,906365
67,2,3,Sousse,Sousse,house,0,6,False,True,False,2000,230863
254,4,2,Monastir,Monastir,apartment,6,6,False,False,False,2013,363118
256,1,3,Nabeul,Nabeul,apartment,2,6,True,False,False,1990,786078
87,5,4,Tataouine,Tataouine,apartment,4,1,False,False,False,1999,115466
70,2,3,Sousse,Sousse,house,0,3,True,True,False,2009,304972
340,4,1,Bizerte,Bizerte,apartment,0,4,False,False,False,2001,616624
332,2,3,Hammamet,Hammamet,house,0,9,False,True,False,2010,489952
368,2,4,Sfax,Sfax,apartment,7,9,True,False,False,2021,422257
401,5,4,Gabès,Gabès,villa,0,1,True,True,True,2005,776855
418,5,1,Gabès,Gabès,villa,0,9,True,True,True,1995,1635847
158,3,3,Gabès,Gabès,apartment,5,9,False,False,False,1994,284273
136,1,4,Hammamet,Hammamet,house,0,7,True,False,False,2005,270217
362,7,2,Hammamet,Hammamet,house,0,9,True,False,False,2018,1222675
214,7,1,Gafsa,Gafsa,apartment,3,7,False,False,False,2006,354384
153,5,2,Kairouan,Kairouan,villa,0,5,False,True,True,1995,447066
67,6,2,Sousse,Sousse,apartment,5,1,False,False,False,2019,122208
175,3,4,Gabès,Gabès,villa,0,3,False,False,True,2003,469450
187,7,4,Gabès,Gabès,apartment,2,4,True,False,False,2023,323113
77,3,2,Monastir,Monastir,apartment,6,7,True,False,False,2008,59311
448,6,4,Gafsa,Gafsa,villa,0,8,True,False,False,1997,787110
186,7,1,Nabeul,Nabeul,villa,0,1,False,False,True,2008,519154
379,7,2,Sfax,Sfax,apartment,0,2,False,False,False,2023,704030
190,6,1,Kairouan,Kairouan,apartment,1,1,True,False,False,2018,174602
177,2,1,Gabès,Gabès,house,0,7,True,False,False,2002,415174
331,1,3,Gabès,Gabès,apartment,6,1,True,False,False,1990,666461
66,3,1,Monastir,Monastir,house,0,3,False,False,False,2004,91977
166,3,4,Tataouine,Tataouine,apartment,9,9,True,False,False,2017,264378
169,1,1,Ariana,Tunis,house,0,9,False,False,False,2011,374039
474,3,4,Centre Ville,Tunis,villa,0,3,False,False,True,1996,2523893
462,3,3,Sousse,Sousse,apartment,1,9,True,False,False,2004,988439
188,5,2,Hammamet,Hammamet,house,0,9,False,False,False,2007,361907
433,2,4,Gafsa,Gafsa,villa,0,8,False,False,True,2011,1067528
253,7,1,Hammamet,Hammamet,villa,0,8,False,True,True,2004,1196425
165,1,1,Tataouine,Tataouine,apartment,1,2,True,False,False,2002,187941
384,4,4,Nabeul,Nabeul,villa,0,3,False,False,True,2008,864774
231,6,4,Sousse,Sousse,villa,0,8,False,False,False,1993,1162576
109,4,3,Bizerte,Bizerte,house,0,2,True,False,False,1998,136525
208,4,2,Gafsa,Gafsa,villa,0,8,True,True,True,2004,841443
458,4,4,Bizerte,Bizerte,apartment,8,5,True,False,False,2021,822146
258,3,1,Gafsa,Gafsa,house,0,3,False,False,False,2018,367598
120,4,1,Sfax,Sfax,villa,0,6,True,False,True,2018,534250
450,7,3,Sousse,Sousse,house,0,3,True,True,False,2010,1945133
395,4,2,Gafsa,Gafsa,apartment,4,5,False,False,False,2011,757452
475,4,2,Gafsa,Gafsa,villa,0,6,False,True,False,2005,1762873
153,3,1,Sfax,Sfax,house,0,8,True,True,False,1991,446410
271,4,2,Nabeul,Nabeul,villa,0,1,False,True,False,2015,845435
227,4,3,Monastir,Monastir,apartment,9,7,True,False,False,2007,408245
273,1,4,Lac 1,Tunis,villa,0,6,False,True,False,1992,1596755
271,5,1,Hammamet,Hammamet,house,0,5,True,True,False,2002,840831
405,7,2,Gabès,Gabès,house,0,7,False,False,False,2004,855036
437,7,3,Hammamet,Hammamet,apartment,5,8,False,False,False,2009,597291
253,1,4,Sfax,Sfax,apartment,7,1,False,False,False,2011,383143
430,5,4,Tataouine,Tataouine,apartment,2,5,False,False,False,1995,701760
105,6,3,Nabeul,Nabeul,villa,0,8,True,False,False,2018,298627
153,5,2,Sousse,Sousse,house,0,2,True,False,False,1991,523031
380,1,2,Bizerte,Bizerte,apartment,5,4,True,False,False,2001,350481
494,7,3,Sfax,Sfax,apartment,9,3,False,False,False,2016,987209
400,7,4,Kairouan,Kairouan,villa,0,1,True,True,True,2000,1484106
487,3,2,Sfax,Sfax,apartment,4,3,False,False,False,2011,375964
464,6,4,Tataouine,Tataouine,villa,0,2,True,False,True,2021,1987331
465,7,3,Gabès,Gabès,villa,0,3,False,False,True,1992,1767944
246,5,1,Tataouine,Tataouine,villa,0,3,False,True,False,2014,337838
110,5,3,Tataouine,Tataouine,house,0,3,False,True,False,1991,109858
110,3,1,Tataouine,Tataouine,apartment,3,3,True,False,False,2012,133980
159,2,3,Nabeul,Nabeul,house,0,5,False,True,False,1994,651005
198,4,2,Hammamet,Hammamet,apartment,3,6,False,False,False,2009,436471
252,3,1,La Marsa,Tunis,house,0,2,False,True,False,2016,1722520
231,2,4,Kairouan,Kairouan,villa,0,7,False,False,True,2000,465296
477,5,3,Sousse,Sousse,house,0,9,True,True,False,2014,1547025
231,2,2,Monastir,Monastir,apartment,2,1,True,False,False,1996,404185
242,7,4,Gafsa,Gafsa,house,0,6,False,True,False,2011,482269
258,5,2,Bizerte,Bizerte,villa,0,2,False,False,False,2009,458084
161,1,3,Monastir,Monastir,apartment,7,6,False,False,False,2009,263396
215,3,4,Gafsa,Gafsa,house,0,8,True,False,False,2015,450073
62,5,2,Gafsa,Gafsa,apartment,4,1,True,False,False,1991,117752
75,3,4,Kairouan,Kairouan,apartment,7,6,False,False,False,2009,109860
78,2,2,Hammamet,Hammamet,apartment,0,4,True,False,False,2005,171105
367,3,3,Sousse,Sousse,house,0,8,False,True,False,2016,1262063
264,7,1,Nabeul,Nabeul,villa,0,3,True,False,True,2009,1601122
288,7,3,Tataouine,Tataouine,house,0,9,False,True,False,1997,668828
144,5,2,Tataouine,Tataouine,villa,0,4,True,True,True,2001,542996
322,2,2,Hammamet,Hammamet,house,0,3,False,True,False,2000,1061452
483,7,4,Bizerte,Bizerte,apartment,9,2,False,False,False,2009,328053
407,2,4,Gafsa,Gafsa,villa,0,4,True,True,True,2004,1129918
133,3,1,Gafsa,Gafsa,villa,0,9,False,True,False,1997,446413
285,7,4,Monastir,Monastir,apartment,7,8,True,False,False,1999,200617
77,1,4,Bizerte,Bizerte,house,0,4,False,True,False,2015,168159
53,7,2,Monastir,Monastir,apartment,5,8,False,False,False,2012,67373
179,7,3,Sousse,Sousse,apartment,4,6,False,False,False,1999,482655
177,6,4,Monastir,Monastir,apartment,2,7,True,False,False,2006,280707
296,7,3,Kairouan,Kairouan,villa,0,9,False,True,True,2023,960608
327,5,1,Hammamet,Hammamet,apartment,1,3,True,False,False,2001,714854
450,7,2,Gafsa,Gafsa,apartment,6,7,True,False,False,2002,622944
81,1,4,Gafsa,Gafsa,apartment,3,5,True,False,False,2007,111857
257,1,3,Monastir,Monastir,villa,0,6,False,True,True,2008,657813
376,1,3,Gabès,Gabès,house,0,2,True,True,False,2005,1021635
344,4,3,Gabès,Gabès,house,0,9,False,False,False,2021,582791
446,5,1,Bizerte,Bizerte,villa,0,1,False,True,False,1995,1256092
126,1,4,Gabès,Gabès,villa,0,6,True,True,False,1993,497503
121,1,1,Bizerte,Bizerte,apartment,5,6,True,False,False,2017,86597
271,3,4,Gabès,Gabès,apartment,2,6,True,False,False,2023,345785
455,5,2,Hammamet,Hammamet,apartment,7,7,False,False,False,1997,537264
55,6,4,Nabeul,Nabeul,villa,0,3,False,False,False,1999,140896
305,3,4,Gafsa,Gafsa,villa,0,1,False,False,False,2020,504201
304,5,2,Sfax,Sfax,apartment,3,9,False,False,False,2020,380608
262,2,4,Hammamet,Hammamet,apartment,6,6,True,False,False,1993,437078
94,7,2,Centre Ville,Tunis,apartment,1,1,False,False,False,2009,183159
254,1,2,Gafsa,Gafsa,villa,0,4,True,True,False,2022,722394
322,2,4,Bizerte,Bizerte,villa,0,2,True,False,True,2016,574694
328,6,4,Gafsa,Gafsa,apartment,7,7,False,False,False,2017,602470
238,7,2,Hammamet,Hammamet,house,0,6,False,True,False,2007,953224
450,6,3,Kairouan,Kairouan,villa,0,2,True,False,True,2018,917247
143,2,1,Tataouine,Tataouine,apartment,4,5,False,False,False,2006,198484
165,7,1,Kairouan,Kairouan,villa,0,4,True,False,True,1999,709296
102,7,4,Tataouine,Tataouine,house,0,4,False,False,False,2019,128993
362,4,1,Kairouan,Kairouan,apartment,5,1,False,False,False,2000,556321
257,1,4,Sousse,Sousse,apartment,0,9,True,False,False,1997,282047
204,6,4,Gafsa,Gafsa,apartment,0,8,False,False,False,2000,230764
220,7,1,Nabeul,Nabeul,villa,0,1,False,False,False,2021,620136
270,5,1,Monastir,Monastir,house,0,8,False,False,False,2012,671392
439,6,2,Hammamet,Hammamet,house,0,6,True,True,False,1997,1626275
482,3,3,Sfax,Sfax,house,0,8,True,True,False,2010,1122060
499,7,4,La Marsa,Tunis,apartment,2,7,True,False,False,2017,1123348
55,3,4,Monastir,Monastir,apartment,5,2,True,False,False,1993,94294
226,3,4,Monastir,Monastir,apartment,9,4,True,False,False,2021,337155
154,4,3,Hammamet,Hammamet,villa,0,3,False,False,True,2017,733404
475,2,4,Sfax,Sfax,house,0,8,False,False,False,2022,615524
257,2,4,Tataouine,Tataouine,apartment,5,9,False,False,False,2005,202104
125,7,4,Gabès,Gabès,house,0,7,True,True,False,2003,232432
74,7,2,Sfax,Sfax,villa,0,3,False,False,False,2013,139487
167,2,1,Sfax,Sfax,house,0,4,True,False,False,1999,370928
372,5,3,Sfax,Sfax,apartment,9,1,True,False,False,2004,620585
154,5,4,Ariana,Tunis,villa,0,2,True,True,False,2012,552286
483,4,4,Hammamet,Hammamet,villa,0,7,True,False,True,1993,1261732
225,7,4,Gabès,Gabès,house,0,1,False,True,False,2014,618017
207,3,2,Bizerte,Bizerte,apartment,4,9,False,False,False,2009,373593
165,6,1,Lac 1,Tunis,apartment,0,4,False,False,False,2004,346170
415,4,3,Nabeul,Nabeul,villa,0,9,False,True,False,2010,1758109
426,2,1,Gafsa,Gafsa,house,0,6,False,True,False,2012,433736
67,5,4,Sousse,Sousse,apartment,2,6,True,False,False,2012,83660
89,2,2,Tataouine,Tataouine,apartment,8,4,False,False,False,1997,92702
252,5,4,Sfax,Sfax,villa,0,5,True,False,False,2018,769668
122,3,4,Tataouine,Tataouine,house,0,2,False,False,False,1990,147053
237,3,2,Gabès,Gabès,house,0,7,True,False,False,2015,392346
428,7,4,Monastir,Monastir,house,0,6,False,True,False,2017,687932
152,7,2,Kairouan,Kairouan,villa,0,5,True,False,True,2023,618456
80,4,1,La Marsa,Tunis,apartment,0,7,False,False,False,2011,216160
150,7,1,Monastir,Monastir,house,0,1,False,True,False,2010,370312
258,6,2,Sousse,Sousse,villa,0,3,False,False,False,2005,449724
239,7,1,Kairouan,Kairouan,apartment,0,6,True,False,False,2015,497081
194,6,1,Sfax,Sfax,house,0,6,True,True,False,2003,480513
121,5,3,Nabeul,Nabeul,villa,0,6,True,True,False,2016,322398
290,7,1,Tataouine,Tataouine,apartment,7,3,True,False,False,1995,433851
107,1,3,Monastir,Monastir,apartment,8,2,False,False,False,2015,156476
69,6,2,Hammamet,Hammamet,villa,0,2,False,True,False,2007,362480
322,1,2,Bizerte,Bizerte,villa,0,7,True,True,True,2004,569504
112,3,3,Gabès,Gabès,house,0,3,False,False,False,2006,141872
452,4,4,Nabeul,Nabeul,house,0,3,True,True,False,2021,750074
481,4,4,Sousse,Sousse,apartment,7,1,False,False,False,1996,670706
99,1,3,Sfax,Sfax,apartment,3,6,False,False,False,2003,132976
288,6,4,Nabeul,Nabeul,apartment,7,4,False,False,False,2015,728179
401,5,2,Tataouine,Tataouine,house,0,3,True,False,False,1997,696686
320,3,3,Gabès,Gabès,villa,0,9,False,True,True,1991,910660
413,3,3,Kairouan,Kairouan,house,0,9,True,False,False,2005,720240
279,2,2,Sousse,Sousse,house,0,5,True,False,False,2018,558456
109,2,3,Gafsa,Gafsa,apartment,6,5,True,False,False,2019,224962
157,4,1,Nabeul,Nabeul,apartment,6,6,True,False,False,2021,482878
195,7,4,Gabès,Gabès,villa,0,9,False,True,False,1999,628570
55,3,3,Nabeul,Nabeul,villa,0,3,False,True,False,2000,210394
450,4,3,Ariana,Tunis,apartment,3,1,False,False,False,2008,820125
263,6,3,Sousse,Sousse,house,0,6,False,False,False,1990,389355
417,7,3,Nabeul,Nabeul,house,0,3,False,True,False,1998,1530608
125,7,2,Bizerte,Bizerte,house,0,1,True,False,False,2007,124488
300,1,1,Hammamet,Hammamet,apartment,6,3,False,False,False,1994,673200
421,7,2,Lac 1,Tunis,apartment,8,2,False,False,False,2014,2028378
255,2,1,Bizerte,Bizerte,house,0,7,False,True,False,2014,629240
404,4,4,Hammamet,Hammamet,villa,0,2,True,False,False,1999,822812
60,5,1,Tataouine,Tataouine,house,0,6,False,True,False,1996,89369
258,6,4,Bizerte,Bizerte,villa,0,2,True,True,True,2001,513210
347,2,2,Monastir,Monastir,house,0,1,False,False,False,2007,462648
236,2,4,Hammamet,Hammamet,apartment,5,9,False,False,False,2001,610579
437,7,2,Monastir,Monastir,apartment,1,8,False,False,False,1996,525099
416,7,2,Gabès,Gabès,villa,0,8,True,False,True,2001,768628
303,3,1,Sfax,Sfax,house,0,1,True,True,False,2010,480067
374,2,4,Nabeul,Nabeul,house,0,4,True,False,False,2017,875422
398,7,4,Kairouan,Kairouan,villa,0,5,True,False,False,2019,1496015
449,6,2,Gabès,Gabès,apartment,6,4,False,False,False,2018,357044
448,4,3,La Marsa,Tunis,house,0,4,True,True,False,2008,1695133
155,5,4,Tataouine,Tataouine,house,0,5,True,True,False,2016,397320
334,4,1,Sfax,Sfax,house,0,6,True,True,False,1991,688861
273,2,1,Gafsa,Gafsa,apartment,5,4,False,False,False,2019,184329
324,7,2,Bizerte,Bizerte,villa,0,6,False,False,True,2018,808501
229,4,3,Bizerte,Bizerte,apartment,3,9,True,False,False,2008,456470
119,4,3,Carthage,Tunis,villa,0,9,False,True,False,2009,863311
337,4,2,Lac 2,Tunis,villa,0,2,True,False,False,1994,2184669
392,6,3,Sfax,Sfax,villa,0,5,True,True,True,2011,1515449
349,2,1,Bizerte,Bizerte,house,0,9,False,False,False,2020,339004
117,3,2,Nabeul,Nabeul,villa,0,3,False,False,True,2010,661014
464,3,3,Monastir,Monastir,apartment,4,2,False,False,False,1999,344844
243,4,4,Tataouine,Tataouine,villa,0,1,True,True,True,2021,495456
65,6,3,Bizerte,Bizerte,villa,0,5,True,False,False,2020,189680
137,1,3,Sousse,Sousse,villa,0,7,True,True,False,2010,274455
376,2,3,Nabeul,Nabeul,house,0,2,False,False,False,2001,824703
258,1,3,Nabeul,Nabeul,house,0,1,False,False,False,2017,806569
155,7,2,Bizerte,Bizerte,apartment,9,8,False,False,False,1993,239444
68,2,3,Nabeul,Nabeul,house,0,8,False,True,False,2000,150760
244,4,3,Bizerte,Bizerte,house,0,1,True,False,False,1991,387681
435,4,2,Kairouan,Kairouan,house,0,4,False,True,False,2017,954971
430,2,4,Kairouan,Kairouan,house,0,8,False,False,False,2022,735196
410,6,2,Nabeul,Nabeul,house,0,5,False,True,False,2005,1449333
71,1,4,Tataouine,Tataouine,apartment,1,9,False,False,False,2005,54584
209,2,1,Lac 2,Tunis,villa,0,2,True,True,False,2001,1952692
122,4,2,Monastir,Monastir,villa,0,9,True,True,True,1999,343973
275,4,3,Bizerte,Bizerte,villa,0,2,True,True,False,1990,1032764
173,4,4,Bizerte,Bizerte,house,0,6,True,False,False,2016,417315
208,1,2,Kairouan,Kairouan,villa,0,2,True,True,False,2018,458723
61,5,4,Tataouine,Tataouine,apartment,3,7,True,False,False,2013,87927
443,6,2,Bizerte,Bizerte,house,0,5,False,False,False,2007,678640
177,2,4,Gafsa,Gafsa,apartment,5,8,False,False,False,1995,118236
222,4,2,Tataouine,Tataouine,house,0,4,True,True,False,2014,511732
466,5,4,Sfax,Sfax,apartment,3,2,False,False,False,1992,545033
414,3,4,Bizerte,Bizerte,villa,0,5,False,True,False,1993,957432
153,3,2,Tataouine,Tataouine,villa,0,7,True,True,True,2020,499193
445,1,1,Hammamet,Hammamet,villa,0,7,True,True,False,2003,1238967
248,6,4,Monastir,Monastir,villa,0,1,True,True,True,2023,486883
332,4,3,Nabeul,Nabeul,house,0,8,True,True,False,2003,984633
92,1,1,Gabès,Gabès,house,0,3,True,False,False,2006,128091
132,6,2,Bizerte,Bizerte,apartment,6,8,False,False,False,2002,110880
261,3,1,Gafsa,Gafsa,house,0,9,False,False,False,2018,305370
458,7,2,Monastir,Monastir,apartment,1,5,True,False,False,2016,932561
121,7,1,Gabès,Gabès,apartment,3,7,True,False,False,2021,244952
472,7,2,Hammamet,Hammamet,house,0,8,True,True,False,2000,725433
267,3,4,Gafsa,Gafsa,apartment,2,1,False,False,False,1990,321468
462,4,2,Kairouan,Kairouan,apartment,7,3,True,False,False,2022,360914
237,3,1,Monastir,Monastir,villa,0,4,False,True,False,2009,711773
216,4,3,Soukra,Tunis,villa,0,6,True,True,False,2008,1296672
222,3,1,Monastir,Monastir,apartment,8,6,False,False,False,2017,151137
160,5,1,Gabès,Gabès,villa,0,6,False,True,True,2008,666521
347,2,4,Nabeul,Nabeul,apartment,2,7,False,False,False,2002,717457
186,4,4,Sfax,Sfax,house,0,3,False,False,False,2001,392683
488,6,3,Sfax,Sfax,house,0,6,False,True,False,2023,684441
324,6,2,Kairouan,Kairouan,house,0,4,True,True,False,2017,934053
404,3,4,Gafsa,Gafsa,apartment,5,8,False,False,False,1996,344531
408,5,4,Gafsa,Gafsa,apartment,8,6,True,False,False,2001,817729
166,5,2,Bizerte,Bizerte,apartment,4,8,False,False,False,2005,277817
138,5,2,Sfax,Sfax,villa,0,6,False,False,False,1993,377170
354,7,2,Hammamet,Hammamet,villa,0,6,True,True,False,2012,1084519
328,2,4,Hammamet,Hammamet,villa,0,9,False,False,False,2015,1218585
103,5,3,Sousse,Sousse,apartment,0,4,True,False,False,2003,147040
84,6,4,Tataouine,Tataouine,villa,0,1,True,True,True,1992,275882
287,6,4,Nabeul,Nabeul,house,0,8,False,False,False,2014,781719
407,2,3,Bizerte,Bizerte,villa,0,5,True,False,False,2012,625230
56,6,1,Sfax,Sfax,apartment,1,1,False,False,False,1999,64915
490,7,4,Nabeul,Nabeul,villa,0,2,True,False,True,2016,2338995
210,1,4,Tataouine,Tataouine,house,0,5,False,True,False,2023,561921
450,4,3,Kairouan,Kairouan,house,0,6,True,True,False,2015,1125944
50,7,2,Bizerte,Bizerte,villa,0,2,False,False,True,1998,92476
340,5,4,Tataouine,Tataouine,house,0,3,True,False,False,2016,878819
383,1,2,Sfax,Sfax,house,0,3,False,False,False,2020,421820
470,1,3,Monastir,Monastir,apartment,9,7,False,False,False,1993,504216
207,6,3,Lac 1,Tunis,villa,0,2,False,False,False,2001,760849
341,2,2,Bizerte,Bizerte,apartment,4,7,False,False,False,1990,322449
491,2,3,Sfax,Sfax,house,0,6,False,True,False,1995,1048701
249,6,3,Sousse,Sousse,villa,0,5,False,True,False,2007,831823
303,5,2,Hammamet,Hammamet,house,0,9,True,False,False,2022,1018436
61,6,2,Hammamet,Hammamet,villa,0,7,True,False,True,1998,372114
454,4,3,Soukra,Tunis,house,0,1,True,False,False,2004,1458487
229,7,1,Kairouan,Kairouan,villa,0,6,False,True,True,2007,498907
184,3,2,Tataouine,Tataouine,villa,0,6,False,False,True,2022,400593
492,7,2,Centre Ville,Tunis,house,0,4,False,True,False,2007,2130731
418,2,1,Hammamet,Hammamet,house,0,8,True,True,False,2011,1711915
221,7,2,Carthage,Tunis,villa,0,9,False,False,False,2010,1901484
300,7,2,Monastir,Monastir,villa,0,7,False,False,True,2017,574516
269,3,3,Sfax,Sfax,villa,0,1,False,False,True,1998,882754
478,6,4,Kairouan,Kairouan,apartment,4,7,False,False,False,1994,908964
102,3,2,Tataouine,Tataouine,apartment,6,7,True,False,False,2018,78996
416,3,3,Hammamet,Hammamet,apartment,9,3,True,False,False,1995,1163111
160,6,1,Hammamet,Hammamet,villa,0,3,True,False,False,1992,617984
57,7,2,Sousse,Sousse,villa,0,4,False,False,True,1993,223438
94,7,4,Monastir,Monastir,house,0,3,True,True,False,1998,127930
382,5,1,Gafsa,Gafsa,villa,0,7,True,False,True,2004,1229907
151,2,1,Gafsa,Gafsa,villa,0,6,False,True,True,2013,283576
477,1,2,Sousse,Sousse,house,0,8,False,True,False,2014,904477
61,1,1,Kairouan,Kairouan,villa,0,9,True,True,False,2012,98411
183,7,1,Gafsa,Gafsa,apartment,8,2,True,False,False,2002,365546
383,4,2,Gafsa,Gafsa,apartment,8,3,True,False,False,2016,802691
160,1,4,Lac 1,Tunis,house,0,4,False,True,False,2017,585728
117,6,1,Bizerte,Bizerte,villa,0,2,False,False,True,1992,376940
441,6,4,Tataouine,Tataouine,apartment,7,7,False,False,False,2019,433238
318,5,1,Nabeul,Nabeul,villa,0,4,True,False,False,2007,840947
387,2,2,Hammamet,Hammamet,apartment,6,2,True,False,False,2001,630980
163,7,1,Sfax,Sfax,house,0,7,False,True,False,2000,367349
84,7,1,Tataouine,Tataouine,house,0,6,False,True,False,2013,99171
242,3,3,Lac 1,Tunis,apartment,6,6,False,False,False,2012,1095292
324,2,4,Nabeul,Nabeul,apartment,6,1,False,False,False,2008,918734
428,4,1,Hammamet,Hammamet,house,0,1,False,False,False,2015,1625133
147,7,3,Sousse,Sousse,apartment,7,6,True,False,False,2002,455826
392,4,2,Tataouine,Tataouine,house,0,6,True,False,False,2005,573177
468,4,1,Bizerte,Bizerte,house,0,8,True,False,False,2011,451773
331,5,1,Sfax,Sfax,apartment,8,1,True,False,False,1995,406494
164,7,3,Sousse,Sousse,villa,0,7,False,True,False,2021,771924
126,3,2,Gabès,Gabès,apartment,6,1,False,False,False,2010,112089
152,7,3,Kairouan,Kairouan,apartment,1,8,True,False,False,1996,239144
481,4,3,Sousse,Sousse,villa,0,6,True,False,True,2016,2053525
294,5,1,Bizerte,Bizerte,villa,0,5,False,True,True,2015,662918
161,5,1,Tataouine,Tataouine,house,0,1,True,True,False,2012,480195
150,6,1,Tataouine,Tataouine,apartment,0,9,False,False,False,1991,283200
107,2,1,Bizerte,Bizerte,apartment,5,9,True,False,False,1995,170592
191,2,4,Monastir,Monastir,villa,0,3,False,False,False,2022,684024
68,2,4,Nabeul,Nabeul,house,0,1,False,True,False,2013,216806
239,1,4,La Marsa,Tunis,apartment,8,1,False,False,False,2023,546832
449,2,1,Gabès,Gabès,villa,0,3,False,False,False,2012,984064
74,6,3,Kairouan,Kairouan,apartment,8,1,False,False,False,2008,75776
467,4,4,Kairouan,Kairouan,villa,0,7,True,True,False,2007,1840036
394,5,1,La Marsa,Tunis,house,0,6,True,False,False,2010,2642798
119,1,4,Hammamet,Hammamet,villa,0,7,True,False,True,2020,631898
59,6,1,Monastir,Monastir,villa,0,4,True,False,False,2007,156560
137,4,1,Sousse,Sousse,villa,0,9,False,False,True,2020,313142
53,7,4,Sfax,Sfax,apartment,8,9,True,False,False,2015,98433
258,7,3,Gabès,Gabès,house,0,9,False,False,False,1994,280662
310,4,3,Sfax,Sfax,house,0,2,False,False,False,1991,782787
62,4,2,Nabeul,Nabeul,villa,0,9,True,True,True,1997,174136
240,6,4,Bizerte,Bizerte,villa,0,9,True,False,False,2019,703987
316,3,1,Hammamet,Hammamet,villa,0,4,False,False,True,2002,1855402
86,2,4,Bizerte,Bizerte,apartment,7,9,True,False,False,1996,141084
295,4,3,Sfax,Sfax,villa,0,7,True,True,False,2010,968531
206,6,2,Monastir,Monastir,villa,0,3,False,True,False,1994,500550
138,7,2,Nabeul,Nabeul,villa,0,4,False,True,True,2006,550720
179,1,1,La Marsa,Tunis,apartment,9,7,False,False,False,2017,690582
424,6,3,Sousse,Sousse,villa,0,3,False,True,True,2007,3156259
423,4,4,Sfax,Sfax,house,0,5,True,True,False,2008,891728
431,7,2,Centre Ville,Tunis,house,0,8,True,True,False,1993,1784182
266,4,3,Gafsa,Gafsa,villa,0,3,True,True,True,2003,1003034
407,4,3,Gabès,Gabès,villa,0,3,True,False,False,2014,1210460
160,6,4,Sousse,Sousse,villa,0,3,False,True,True,1997,1193512
132,2,1,Gafsa,Gafsa,apartment,6,2,False,False,False,2014,139075
457,2,3,Gafsa,Gafsa,house,0,6,False,False,False,2018,926320
458,7,1,Sfax,Sfax,apartment,7,3,False,False,False,2023,772004
436,3,2,Nabeul,Nabeul,house,0,3,False,False,False,2015,1011397
70,6,4,Gabès,Gabès,house,0,7,True,True,False,2019,136720
377,3,4,Sousse,Sousse,house,0,6,False,False,False,1996,1002156
158,1,1,Bizerte,Bizerte,house,0,8,True,False,False,1993,320571
428,3,2,Tataouine,Tataouine,villa,0,8,False,False,False,1996,666858
50,3,4,Hammamet,Hammamet,house,0,6,False,False,False,1996,75738
136,1,3,Monastir,Monastir,apartment,9,5,True,False,False,2022,170103
112,4,1,Gabès,Gabès,villa,0,9,False,False,True,2006,472792
438,3,4,Nabeul,Nabeul,apartment,2,4,True,False,False,2003,687642
417,5,1,Hammamet,Hammamet,villa,0,1,False,False,True,2013,2869964
200,2,2,Carthage,Tunis,apartment,5,2,False,False,False,2004,760800
119,3,3,Tataouine,Tataouine,apartment,1,4,True,False,False,1997,241303
436,6,3,Bizerte,Bizerte,villa,0,9,False,True,False,2023,1231382
401,5,4,Hammamet,Hammamet,house,0,4,False,True,False,2002,1255123
83,6,3,Sousse,Sousse,villa,0,9,False,True,True,2018,492487
131,6,3,Hammamet,Hammamet,house,0,7,True,False,False,2020,335599
458,6,2,Sousse,Sousse,villa,0,8,False,False,True,2016,1426244
435,1,1,Gafsa,Gafsa,house,0,9,False,True,False,2019,953478
389,5,1,Monastir,Monastir,apartment,4,6,False,False,False,2005,343876
171,1,3,Carthage,Tunis,apartment,0,7,True,False,False,1991,702040
134,7,2,Hammamet,Hammamet,villa,0,6,False,False,True,2006,676537
374,5,4,Tataouine,Tataouine,villa,0,3,True,True,False,1998,938031
475,1,2,Hammamet,Hammamet,villa,0,9,True,True,True,2011,2512619
263,6,2,Monastir,Monastir,apartment,6,6,True,False,False,2022,293602
376,1,3,La Marsa,Tunis,apartment,0,1,True,False,False,2013,1543668
309,5,2,Bizerte,Bizerte,villa,0,1,False,True,False,2017,442957
154,7,4,Gabès,Gabès,apartment,5,2,True,False,False,2012,216419
105,1,1,Gafsa,Gafsa,house,0,8,False,False,False,2007,163035
162,5,3,Nabeul,Nabeul,house,0,7,True,True,False,2006,555177
195,7,2,Sousse,Sousse,house,0,3,True,False,False,2019,498599
403,2,4,Sousse,Sousse,villa,0,3,False,False,False,1996,911392
195,2,3,Nabeul,Nabeul,villa,0,8,False,True,True,1995,764339
242,4,2,Nabeul,Nabeul,villa,0,1,False,False,True,2018,1166083
383,1,3,Nabeul,Nabeul,villa,0,3,False,True,True,1995,2308053
69,3,2,Kairouan,Kairouan,house,0,8,False,False,False,1990,74630
418,7,3,Gabès,Gabès,apartment,2,6,True,False,False,2019,627802
71,3,4,Bizerte,Bizerte,villa,0,3,False,True,False,2023,266089
207,2,3,Gafsa,Gafsa,house,0,1,False,False,False,2003,273405
256,6,4,Hammamet,Hammamet,villa,0,6,True,True,False,1992,1527057
424,3,1,Lac 2,Tunis,house,0,2,False,False,False,1990,1784785
390,5,2,Hammamet,Hammamet,house,0,5,True,False,False,1990,624765
434,3,1,Soukra,Tunis,apartment,4,6,False,False,False,2015,1072197
114,4,2,Gafsa,Gafsa,villa,0,1,True,True,False,2012,419785
477,5,3,Sfax,Sfax,villa,0,2,False,False,False,1993,1393679
127,7,4,Nabeul,Nabeul,apartment,2,2,True,False,False,1999,197304
174,1,1,Hammamet,Hammamet,villa,0,6,False,True,False,2011,661064
410,4,1,Bizerte,Bizerte,apartment,5,5,True,False,False,1995,347844
451,6,1,Sousse,Sousse,apartment,0,7,False,False,False,2012,1208499
440,7,4,Monastir,Monastir,apartment,9,1,True,False,False,2004,497851
158,7,4,Gabès,Gabès,apartment,8,5,False,False,False,1991,302096
427,1,4,Centre Ville,Tunis,villa,0,7,False,True,False,2005,2735485
462,2,3,Gabès,Gabès,apartment,2,7,False,False,False,2018,497112
146,1,1,Gafsa,Gafsa,apartment,6,7,False,False,False,1992,249601
81,7,2,Monastir,Monastir,villa,0,7,False,False,False,1990,279469
319,4,4,Gafsa,Gafsa,villa,0,6,True,False,True,1999,866550
139,2,2,Nabeul,Nabeul,villa,0,4,False,False,False,2010,277722
493,1,1,Monastir,Monastir,house,0,3,True,True,False,2001,506323
257,1,4,Bizerte,Bizerte,apartment,0,2,False,False,False,1991,295652
341,2,3,Nabeul,Nabeul,house,0,9,True,True,False,2012,763716
327,7,2,Sfax,Sfax,apartment,0,9,False,False,False,2013,587815
415,1,1,Kairouan,Kairouan,house,0,8,True,True,False,1991,1084233
426,4,2,Bizerte,Bizerte,villa,0,8,True,True,False,1998,1158435
386,1,1,Gabès,Gabès,house,0,2,True,True,False,2019,448362
491,3,1,Sousse,Sousse,apartment,4,2,False,False,False,2018,560329
123,5,1,Sousse,Sousse,apartment,1,4,True,False,False,2007,364512
122,6,1,Gabès,Gabès,house,0,4,True,False,False,2007,242201
453,7,3,Kairouan,Kairouan,apartment,8,5,False,False,False,2008,600496
485,2,1,Gafsa,Gafsa,apartment,9,1,False,False,False,2007,893564
230,3,2,Sousse,Sousse,apartment,0,3,True,False,False,2006,401952
226,7,3,Monastir,Monastir,villa,0,1,True,False,True,2015,967523
249,4,4,Gabès,Gabès,apartment,4,6,False,False,False,1996,372304
351,4,4,Lac 1,Tunis,apartment,7,6,False,False,False,1990,954720
74,2,2,Sousse,Sousse,apartment,9,8,False,False,False,2018,114196
397,6,4,Gabès,Gabès,apartment,3,7,False,False,False,2003,511336
203,2,2,Sousse,Sousse,villa,0,7,True,False,False,2022,615560
170,5,4,Tataouine,Tataouine,villa,0,3,True,False,False,1993,323356
51,6,4,Monastir,Monastir,house,0,1,True,True,False,2001,93668
93,1,1,Bizerte,Bizerte,villa,0,8,False,True,False,2023,227891
331,5,4,Monastir,Monastir,apartment,3,8,True,False,False,1991,429571
136,7,1,Sousse,Sousse,villa,0,7,True,True,True,2006,916124
353,4,2,Gafsa,Gafsa,house,0,4,True,False,False,2009,523090
436,7,4,Hammamet,Hammamet,apartment,7,2,True,False,False,2003,869636
388,2,4,Gafsa,Gafsa,apartment,5,4,True,False,False,2011,600018
61,4,3,Monastir,Monastir,apartment,5,5,True,False,False,1996,65535
97,3,2,Bizerte,Bizerte,house,0,4,False,False,False,2016,137600
156,5,4,Tataouine,Tataouine,apartment,6,5,False,False,False,2000,117561
241,3,2,Bizerte,Bizerte,apartment,4,7,True,False,False,1998,423909
436,5,2,Bizerte,Bizerte,house,0,1,True,True,False,2015,630562
377,5,1,Bizerte,Bizerte,villa,0,6,False,True,False,1997,1457687
430,3,3,Lac 1,Tunis,house,0,7,True,False,False,2003,1851240
189,6,4,Sousse,Sousse,apartment,6,2,False,False,False,1999,325004
450,1,3,Gafsa,Gafsa,house,0,3,True,True,False,1990,853512
408,4,2,Monastir,Monastir,apartment,1,5,True,False,False,2011,666247
181,2,1,Nabeul,Nabeul,apartment,2,2,False,False,False,2001,413548
379,2,2,Hammamet,Hammamet,house,0,8,False,True,False,2000,1476326
490,7,4,Lac 2,Tunis,house,0,9,True,False,False,1991,1764426
299,3,4,Kairouan,Kairouan,house,0,5,False,False,False,1999,394297
261,4,1,Carthage,Tunis,house,0,6,False,False,False,2010,1121725
198,4,2,Sousse,Sousse,house,0,7,True,True,False,2009,362107
392,7,1,Nabeul,Nabeul,villa,0,1,False,False,False,2015,1900886
343,6,1,Sfax,Sfax,villa,0,6,True,False,False,1999,1139917
495,2,2,Tataouine,Tataouine,villa,0,1,True,True,False,2013,1964355
315,5,4,Lac 1,Tunis,house,0,6,True,True,False,2010,809728
431,7,4,Lac 2,Tunis,house,0,1,True,False,False,2007,1801420
362,4,4,Tataouine,Tataouine,villa,0,9,False,False,False,2021,429534
380,7,2,Kairouan,Kairouan,house,0,9,True,False,False,2012,529488
336,7,4,Tataouine,Tataouine,apartment,0,5,False,False,False,1991,357235
224,1,1,Nabeul,Nabeul,house,0,2,True,False,False,2009,452769
419,5,2,Hammamet,Hammamet,villa,0,2,True,False,False,2013,1314253
430,6,4,Monastir,Monastir,apartment,4,7,True,False,False,2000,358671
235,2,4,Sousse,Sousse,apartment,0,8,True,False,False,2014,552226
452,2,1,Hammamet,Hammamet,house,0,3,True,False,False,2012,1535539
359,1,4,Sousse,Sousse,house,0,8,True,False,False,2023,1067884
441,2,1,Gabès,Gabès,villa,0,5,True,False,False,2015,1491613
231,5,3,Sfax,Sfax,villa,0,3,True,True,False,2015,543641
428,2,2,Bizerte,Bizerte,house,0,2,False,True,False,2000,945479
205,2,1,Monastir,Monastir,apartment,4,6,False,False,False,2001,341284
176,5,3,Gafsa,Gafsa,apartment,9,8,False,False,False,2001,114752
200,6,4,Hammamet,Hammamet,apartment,8,5,False,False,False,2002,561600
379,4,1,Tataouine,Tataouine,apartment,8,5,True,False,False,2004,695616
297,7,3,Sfax,Sfax,house,0,8,True,False,False,2017,394053
404,7,3,Monastir,Monastir,house,0,4,False,True,False,2010,697423
114,4,3,Kairouan,Kairouan,villa,0,5,True,True,False,2012,387552
390,5,1,Monastir,Monastir,villa,0,1,True,True,False,2016,1498376
473,5,3,Bizerte,Bizerte,house,0,4,True,False,False,2005,759278
358,2,1,Kairouan,Kairouan,villa,0,5,True,True,True,2022,1814380
61,5,2,Gafsa,Gafsa,house,0,4,False,False,False,2017,135444
148,5,2,Monastir,Monastir,house,0,2,True,True,False,2002,251377
155,5,4,Bizerte,Bizerte,house,0,6,False,False,False,1993,323044
82,7,4,Gabès,Gabès,villa,0,9,True,False,True,1997,310108
305,3,2,Nabeul,Nabeul,apartment,8,6,False,False,False,2004,373320
132,6,3,Nabeul,Nabeul,house,0,6,False,True,False,1993,376462
451,4,1,Carthage,Tunis,villa,0,7,True,False,False,2001,4147729
469,5,3,Gafsa,Gafsa,villa,0,9,True,False,True,2007,1602203
468,6,3,Gabès,Gabès,villa,0,9,True,True,False,2023,703653
309,5,1,Sousse,Sousse,apartment,1,4,True,False,False,1994,648251
283,1,3,Gabès,Gabès,villa,0,1,False,True,True,2016,964457
468,6,2,Monastir,Monastir,house,0,6,True,True,False,2015,764539
495,6,3,Kairouan,Kairouan,apartment,5,4,False,False,False,1998,647460
248,7,2,Gafsa,Gafsa,villa,0,1,False,True,True,2013,534172
431,7,3,Nabeul,Nabeul,apartment,7,3,False,False,False,2023,769593
429,2,4,Sfax,Sfax,house,0,9,True,False,False,2002,801080
76,4,4,Tataouine,Tataouine,house,0,4,False,False,False,1992,161004
418,6,2,Bizerte,Bizerte,house,0,9,True,False,False,2001,974077
361,4,3,Sfax,Sfax,house,0,7,True,True,False,2009,436234
200,4,4,Sfax,Sfax,villa,0,5,True,True,True,2010,851026
86,5,3,Gabès,Gabès,villa,0,2,True,False,False,2003,111957
469,4,4,Tataouine,Tataouine,villa,0,4,False,False,False,2008,786119
349,7,1,Bizerte,Bizerte,house,0,5,False,True,False,1993,930266
83,2,1,Bizerte,Bizerte,house,0,7,True,False,False,1999,162329
91,1,1,La Marsa,Tunis,villa,0,7,True,True,False,1994,451404
59,6,3,Nabeul,Nabeul,house,0,3,False,True,False,2010,120581
242,4,1,Hammamet,Hammamet,apartment,6,5,True,False,False,2019,258572
314,1,1,Hammamet,Hammamet,apartment,9,9,False,False,False,2020,610039
494,6,3,Kairouan,Kairouan,apartment,2,4,False,False,False,2022,978515
383,1,2,Sfax,Sfax,house,0,1,True,True,False,1999,411293
311,1,1,Gafsa,Gafsa,villa,0,7,True,True,True,2016,1584249
141,7,4,Monastir,Monastir,house,0,8,True,True,False,2012,371765
453,6,2,Sfax,Sfax,villa,0,9,True,False,True,2017,2083575
169,5,2,Sfax,Sfax,villa,0,6,True,True,False,2018,229924
433,1,1,Sousse,Sousse,villa,0,3,False,False,False,2010,1917324
282,3,1,Gabès,Gabès,apartment,5,7,False,False,False,2009,509630
221,5,2,Hammamet,Hammamet,house,0,5,True,True,False,2012,804757
420,5,1,Gabès,Gabès,villa,0,1,True,False,True,2012,825552
386,5,2,Gafsa,Gafsa,apartment,2,3,True,False,False,1996,629349
240,2,2,Ariana,Tunis,apartment,3,9,True,False,False,2006,408996
480,2,3,Hammamet,Hammamet,apartment,3,3,False,False,False,2006,942336
472,2,1,Gafsa,Gafsa,apartment,5,7,True,False,False,2006,941243
85,5,4,Kairouan,Kairouan,house,0,6,True,False,False,2014,231400
253,4,4,Kairouan,Kairouan,house,0,9,False,True,False,1993,320111
201,6,1,Nabeul,Nabeul,apartment,1,9,True,False,False,2008,399897
259,1,2,Sousse,Sousse,house,0,8,False,True,False,2000,1081776
328,1,1,Nabeul,Nabeul,villa,0,9,True,True,True,2004,1828642
237,5,3,Sfax,Sfax,apartment,5,3,False,False,False,2001,470776
370,5,1,Gabès,Gabès,villa,0,1,False,True,True,1999,1424760
428,3,4,Ariana,Tunis,apartment,6,6,False,False,False,2007,1187700
269,2,3,Tataouine,Tataouine,house,0,7,True,True,False,2018,615548
477,6,3,Ariana,Tunis,villa,0,2,True,False,True,1996,3043069
451,4,2,Gafsa,Gafsa,house,0,9,True,False,False,1998,636792
249,7,3,Kairouan,Kairouan,house,0,3,False,False,False,2007,307644
447,4,2,Gafsa,Gafsa,house,0,4,False,True,False,2009,899496
458,4,4,Nabeul,Nabeul,house,0,2,True,False,False,2003,1480152
208,7,4,Tataouine,Tataouine,villa,0,4,False,True,False,1993,753172
137,1,1,Sfax,Sfax,house,0,7,True,True,False,2020,154525
155,5,4,Bizerte,Bizerte,house,0,2,True,False,False,2001,246611
499,2,3,Kairouan,Kairouan,house,0,1,False,True,False,1993,642783
367,1,3,Gafsa,Gafsa,apartment,2,7,True,False,False,2023,465194
94,2,3,Monastir,Monastir,house,0,2,False,True,False,2004,204425
375,2,1,Kairouan,Kairouan,apartment,1,3,True,False,False,1992,319095
391,2,3,Tataouine,Tataouine,house,0,3,False,False,False,2001,779122
225,1,3,Nabeul,Nabeul,villa,0,8,True,True,False,1991,1025549
187,7,4,Lac 1,Tunis,apartment,0,4,False,False,False,1995,420376
442,3,1,Sousse,Sousse,house,0,3,True,True,False,2010,1063188
53,3,3,Monastir,Monastir,apartment,2,4,True,False,False,2020,83653
157,1,4,Sfax,Sfax,apartment,3,6,True,False,False,2006,295806
281,1,3,Sousse,Sousse,villa,0,1,True,False,True,1991,1998342
229,2,4,Nabeul,Nabeul,house,0,6,True,True,False,1992,423340
493,2,4,Nabeul,Nabeul,villa,0,8,False,True,False,1994,1034317
152,7,1,La Marsa,Tunis,apartment,8,9,True,False,False,2001,749481
169,2,1,Kairouan,Kairouan,villa,0,9,True,True,False,2005,404475
222,3,3,Gafsa,Gafsa,house,0,8,True,True,False,1994,407732
60,6,3,Sfax,Sfax,house,0,5,False,True,False,1999,133092
211,3,4,Monastir,Monastir,house,0,7,True,False,False,1991,436169
346,7,4,Bizerte,Bizerte,villa,0,4,True,True,False,2023,726815
458,4,3,Gabès,Gabès,apartment,6,1,True,False,False,2000,432810
430,7,3,Gabès,Gabès,apartment,5,6,False,False,False,1991,348472
389,1,3,Kairouan,Kairouan,villa,0,1,False,False,True,2018,1752796
214,1,4,Tataouine,Tataouine,apartment,0,6,False,False,False,1994,307817
323,6,2,Nabeul,Nabeul,apartment,4,5,False,False,False,2019,495352
369,2,3,Bizerte,Bizerte,apartment,9,2,False,False,False,2012,302284
65,6,2,Nabeul,Nabeul,villa,0,3,False,False,False,2023,349736
51,6,1,Gabès,Gabès,house,0,9,True,False,False,2005,122411
141,5,3,Sousse,Sousse,villa,0,4,True,True,True,2013,920081
396,6,2,Kairouan,Kairouan,villa,0,7,False,True,False,1994,796625
275,5,3,Ariana,Tunis,house,0,3,True,False,False,1998,1350786
398,6,1,Kairouan,Kairouan,apartment,9,3,True,False,False,1993,566003
52,5,4,Gafsa,Gafsa,apartment,0,6,False,False,False,2000,92934
70,7,3,La Marsa,Tunis,apartment,5,2,True,False,False,2016,292089
160,2,3,Lac 2,Tunis,apartment,0,3,True,False,False,2020,750960
152,1,1,Lac 2,Tunis,house,0,6,False,True,False,2009,652949
100,2,2,Tataouine,Tataouine,house,0,5,False,True,False,1998,120920
467,4,2,Tataouine,Tataouine,apartment,9,2,False,False,False,2001,551060
134,1,3,Lac 1,Tunis,house,0,6,True,False,False,1992,647135
438,6,2,Monastir,Monastir,house,0,5,False,True,False,2015,1028700
304,4,2,Gabès,Gabès,house,0,8,True,True,False,1994,390726
172,1,4,Gabès,Gabès,apartment,4,3,True,False,False,2020,191291
425,7,3,Hammamet,Hammamet,apartment,4,2,True,False,False,2016,1024411
235,6,3,Gabès,Gabès,house,0,6,True,False,False,2014,322058
313,1,1,Tataouine,Tataouine,villa,0,7,False,False,False,2010,450269
420,6,3,Sfax,Sfax,house,0,5,False,True,False,2009,510750
107,6,3,Gafsa,Gafsa,house,0,2,True,True,False,2018,269138
143,2,2,Monastir,Monastir,apartment,5,4,True,False,False,2009,262822
423,5,2,Sousse,Sousse,villa,0,7,True,False,False,2012,2156650
281,5,4,Kairouan,Kairouan,apartment,5,6,False,False,False,2020,182762
422,1,1,Monastir,Monastir,apartment,8,9,True,False,False,2016,359797
139,5,3,Hammamet,Hammamet,house,0,1,False,False,False,2017,443004
377,7,1,Bizerte,Bizerte,apartment,4,7,True,False,False,2016,595675
351,2,1,Tataouine,Tataouine,house,0,9,False,True,False,2016,783813
136,2,2,Gabès,Gabès,house,0,4,False,False,False,2014,275525
116,6,1,Monastir,Monastir,house,0,6,False,False,False,1991,196040
131,7,2,Sfax,Sfax,villa,0,6,True,True,False,2009,419635
73,4,1,Soukra,Tunis,villa,0,1,True,True,False,2006,355590
434,5,4,Sfax,Sfax,apartment,8,3,False,False,False,2000,707940
497,4,1,Kairouan,Kairouan,apartment,9,1,True,False,False,2013,546898
84,4,4,Monastir,Monastir,apartment,7,1,False,False,False,2004,114979
320,1,2,Monastir,Monastir,apartment,0,3,True,False,False,1993,570393
374,3,1,Nabeul,Nabeul,apartment,9,2,True,False,False,2023,907608
346,2,2,Sousse,Sousse,apartment,6,7,True,False,False,1992,351383
98,2,1,Sousse,Sousse,house,0,5,True,True,False,2004,322251
432,7,4,Sousse,Sousse,villa,0,4,True,True,False,2009,1397846
166,4,4,Gabès,Gabès,house,0,1,False,False,False,2019,368241
85,1,3,Gabès,Gabès,apartment,8,3,False,False,False,1990,146064
177,3,2,Hammamet,Hammamet,house,0,8,False,True,False,1993,331371
229,5,2,Tataouine,Tataouine,villa,0,2,True,True,True,2005,848165
71,2,1,Kairouan,Kairouan,villa,0,4,True,True,False,2018,191419
139,5,1,Sfax,Sfax,villa,0,3,False,True,False,1998,281384
98,5,2,Lac 1,Tunis,apartment,3,1,False,False,False,2009,458052
292,1,3,Hammamet,Hammamet,house,0,5,True,True,False,2007,1304265
437,4,1,Bizerte,Bizerte,apartment,6,7,True,False,False,2001,811980
386,2,2,Gafsa,Gafsa,apartment,9,1,True,False,False,1994,522674
411,1,1,Gafsa,Gafsa,villa,0,1,False,True,True,2007,683835
111,1,1,Gafsa,Gafsa,villa,0,2,True,False,False,2003,288671
192,6,4,Tataouine,Tataouine,villa,0,4,True,True,True,2007,644704
490,1,4,Bizerte,Bizerte,apartment,6,3,False,False,False,2007,687176
304,4,2,Hammamet,Hammamet,villa,0,9,False,False,False,2002,989556
424,6,1,Gabès,Gabès,villa,0,4,True,False,False,1997,1032792
147,4,1,Monastir,Monastir,villa,0,6,True,False,True,1994,498715
94,1,2,Nabeul,Nabeul,house,0,1,False,False,False,1992,196644
163,4,1,Nabeul,Nabeul,house,0,3,False,True,False,2015,418443
302,6,1,Gabès,Gabès,house,0,2,True,True,False,1992,445834
117,1,3,Sfax,Sfax,villa,0,7,False,True,True,2012,533892
179,5,2,Soukra,Tunis,villa,0,9,False,True,True,2020,584686
179,2,1,Hammamet,Hammamet,villa,0,5,False,True,False,1999,666451
361,3,3,Tataouine,Tataouine,house,0,9,True,False,False,2023,708004
335,7,3,Tataouine,Tataouine,apartment,5,6,True,False,False,1992,336554
52,2,1,Tataouine,Tataouine,apartment,7,5,False,False,False,1995,66976
237,2,1,Soukra,Tunis,house,0,1,True,False,False,1991,641510
408,2,2,Gafsa,Gafsa,house,0,2,False,True,False,2010,419610
153,4,2,Sfax,Sfax,villa,0,6,False,True,True,2019,771576
304,5,4,Hammamet,Hammamet,villa,0,8,False,False,False,2023,1066383
416,1,3,Bizerte,Bizerte,house,0,4,False,False,False,2014,907678
310,3,3,Tataouine,Tataouine,villa,0,8,True,True,False,2008,786793
460,2,3,Lac 1,Tunis,apartment,2,2,False,False,False,2018,888720
237,1,1,Nabeul,Nabeul,apartment,2,5,False,False,False,2008,691660
416,7,3,Sfax,Sfax,house,0,8,False,False,False,1994,391539
269,5,1,Nabeul,Nabeul,villa,0,1,False,False,False,2015,541529
71,7,1,Tataouine,Tataouine,apartment,0,7,False,False,False,2022,46405
291,5,2,Gabès,Gabès,house,0,7,False,False,False,2022,753270
225,1,1,Tataouine,Tataouine,villa,0,6,False,True,False,1991,781228
183,6,2,Soukra,Tunis,apartment,5,8,True,False,False,2007,647929
121,4,2,Gafsa,Gafsa,apartment,0,7,False,False,False,2018,194471
119,6,2,Nabeul,Nabeul,apartment,5,6,True,False,False,2015,371101
148,6,2,Kairouan,Kairouan,house,0,3,False,True,False,2012,295110
153,2,1,Monastir,Monastir,house,0,5,True,True,False,1999,427113
232,3,1,Nabeul,Nabeul,apartment,3,2,True,False,False,2014,461865
275,3,2,Hammamet,Hammamet,apartment,1,3,True,False,False,1992,631323
169,3,2,Sfax,Sfax,house,0,7,True,True,False,2008,227769
259,7,1,Kairouan,Kairouan,villa,0,4,True,False,True,2001,474472
372,3,1,Kairouan,Kairouan,apartment,3,5,False,False,False,1990,569606
141,7,1,Lac 2,Tunis,villa,0,2,False,True,False,2001,632063
346,2,1,Sousse,Sousse,apartment,7,3,True,False,False,2011,503533
188,7,2,Monastir,Monastir,apartment,2,6,True,False,False,2004,256935
400,2,1,Bizerte,Bizerte,villa,0,1,True,True,True,2021,746377
292,2,4,Gabès,Gabès,villa,0,7,False,False,True,1991,527492
80,3,4,Kairouan,Kairouan,villa,0,3,True,False,True,2003,250338
353,1,1,Nabeul,Nabeul,villa,0,3,True,False,True,2015,2306380
343,7,1,Tataouine,Tataouine,house,0,9,False,False,False,1990,794772
332,2,3,Sousse,Sousse,house,0,6,False,True,False,2017,1282991
66,7,3,Tataouine,Tataouine,house,0,8,True,False,False,1992,63063
280,4,2,Tataouine,Tataouine,house,0,8,False,True,False,2011,324804
207,5,1,Sfax,Sfax,villa,0,5,True,False,False,2000,592165
148,3,1,Tataouine,Tataouine,house,0,2,True,True,False,2013,261688
472,6,2,Sfax,Sfax,apartment,4,3,True,False,False,2017,329078
60,7,1,Hammamet,Hammamet,apartment,1,8,True,False,False,2016,116272
51,7,1,Sfax,Sfax,house,0,5,True,True,False,1994,91340
478,5,1,Gabès,Gabès,apartment,3,6,True,False,False,2009,947587
435,1,4,Nabeul,Nabeul,house,0,6,False,False,False,1992,1042329
50,3,1,Hammamet,Hammamet,house,0,3,True,False,False,2001,195167
458,1,3,Gafsa,Gafsa,apartment,2,5,True,False,False,2023,780212
234,7,2,Gabès,Gabès,villa,0,3,True,False,False,2009,791822
118,6,1,Kairouan,Kairouan,villa,0,8,False,True,False,2013,188968
65,2,4,Kairouan,Kairouan,house,0,7,True,False,False,2014,123576
305,6,4,Kairouan,Kairouan,villa,0,9,True,False,True,2012,1323114
227,5,4,Nabeul,Nabeul,villa,0,2,True,True,False,2004,907810
368,5,2,Bizerte,Bizerte,villa,0,9,True,False,False,1999,1170142
354,2,3,Sousse,Sousse,villa,0,4,True,False,True,2015,1306754
109,7,4,Bizerte,Bizerte,villa,0,3,False,False,True,2015,482369
200,5,2,Sfax,Sfax,apartment,0,1,True,False,False,2014,201600
328,1,3,Gafsa,Gafsa,house,0,1,True,False,False,2003,502879
325,6,3,Gabès,Gabès,house,0,5,False,False,False,2002,427570
200,6,2,Monastir,Monastir,apartment,0,7,True,False,False,2007,318528
466,5,2,Bizerte,Bizerte,villa,0,1,True,True,True,2008,1541576
375,3,4,Gabès,Gabès,apartment,4,2,False,False,False,2009,516000
245,2,2,Sfax,Sfax,house,0,8,True,False,False,2010,627648
396,2,1,Sousse,Sousse,apartment,0,7,False,False,False,2005,863438
65,6,4,Hammamet,Hammamet,house,0,3,True,True,False,2010,120279
322,1,2,Bizerte,Bizerte,villa,0,8,False,False,True,2016,725149
202,2,1,Nabeul,Nabeul,apartment,4,6,False,False,False,1992,218644
104,1,1,Bizerte,Bizerte,apartment,5,2,True,False,False,2004,90504
75,1,2,Sfax,Sfax,villa,0,6,True,True,True,1996,261567
304,2,3,Hammamet,Hammamet,house,0,8,True,False,False,2020,705597
273,1,2,Tataouine,Tataouine,apartment,7,4,True,False,False,2013,443046
240,6,3,Hammamet,Hammamet,house,0,9,False,False,False,2021,917654
387,6,2,Sousse,Sousse,villa,0,5,True,False,False,2015,821542
276,4,2,Gabès,Gabès,villa,0,6,False,False,False,2008,685584
102,4,3,Nabeul,Nabeul,house,0,1,False,False,False,2019,222449
452,4,3,Hammamet,Hammamet,house,0,5,False,False,False,2004,944860
163,3,2,Hammamet,Hammamet,house,0,2,True,True,False,2009,314251
293,4,2,Sfax,Sfax,apartment,1,6,False,False,False,2012,201115
139,3,3,Kairouan,Kairouan,house,0,8,True,True,False,1991,153943
185,5,3,Lac 1,Tunis,apartment,4,2,False,False,False,2003,339290
251,3,1,Gabès,Gabès,house,0,3,True,False,False,2000,459104
372,5,3,Monastir,Monastir,apartment,7,7,True,False,False,2014,256233
443,3,3,Sousse,Sousse,house,0,3,True,True,False,2011,1574045
237,4,4,Tataouine,Tataouine,house,0,2,False,True,False,2012,532495
118,4,4,Nabeul,Nabeul,villa,0,8,True,True,True,1998,939916
420,3,1,Sfax,Sfax,villa,0,5,True,False,False,2007,1122115
292,1,4,Gafsa,Gafsa,villa,0,1,True,False,False,2020,452541
55,6,2,Soukra,Tunis,house,0,3,False,True,False,2001,166462
61,5,2,Nabeul,Nabeul,apartment,1,7,False,False,False,2018,168579
184,6,4,Sfax,Sfax,house,0,1,False,True,False,2021,379945
375,3,4,Tataouine,Tataouine,house,0,6,True,True,False,2016,742792
393,5,4,Kairouan,Kairouan,apartment,7,6,True,False,False,2023,617324
252,6,2,Bizerte,Bizerte,house,0,8,True,True,False,1990,324799
93,4,1,Tataouine,Tataouine,villa,0,8,False,True,False,1996,367838
444,6,2,Gabès,Gabès,apartment,2,4,True,False,False,2018,695570
333,3,2,Hammamet,Hammamet,house,0,2,True,True,False,2017,647399
185,2,2,Gafsa,Gafsa,house,0,5,False,True,False,1997,486348
149,5,1,Gafsa,Gafsa,villa,0,1,True,False,False,2023,244437
377,7,3,Sfax,Sfax,apartment,9,9,True,False,False,2023,579524
176,4,3,Centre Ville,Tunis,villa,0,7,False,True,False,2017,1220028
102,2,2,Sfax,Sfax,house,0,4,True,False,False,2007,243596
161,1,3,Gafsa,Gafsa,house,0,6,False,False,False,2017,338228
372,4,3,Sfax,Sfax,villa,0,4,True,True,False,2008,1276399
429,3,4,Sousse,Sousse,house,0,3,False,False,False,2012,1053383
456,5,3,Nabeul,Nabeul,house,0,2,False,True,False,2008,670599
58,3,2,Monastir,Monastir,villa,0,9,True,False,True,2014,275093
157,1,3,Hammamet,Hammamet,apartment,6,7,True,False,False,2004,427093
76,2,3,Kairouan,Kairouan,villa,0,4,True,True,True,2008,177963
262,3,3,Kairouan,Kairouan,villa,0,1,False,True,True,1999,613962
335,6,3,Sfax,Sfax,villa,0,5,False,False,False,2007,1100836
481,2,4,Sousse,Sousse,villa,0,6,True,False,False,1995,2663997
300,4,1,Sousse,Sousse,house,0,2,False,False,False,1998,1024920
307,5,1,Monastir,Monastir,house,0,2,False,False,False,1997,396865
402,7,2,Gafsa,Gafsa,house,0,8,False,True,False,2008,1059122
204,1,3,Monastir,Monastir,villa,0,4,False,True,True,2022,549880
89,5,1,Monastir,Monastir,house,0,8,True,True,False,2023,100064
425,7,3,Gabès,Gabès,house,0,2,True,True,False,1996,1167025
486,6,4,Monastir,Monastir,apartment,1,9,True,False,False,1992,638079
239,7,2,Monastir,Monastir,villa,0,8,True,True,True,2023,1098107
327,3,4,Gafsa,Gafsa,apartment,7,7,False,False,False,1997,424053
470,3,4,Bizerte,Bizerte,house,0,8,True,False,False,2023,976182
285,7,1,Tataouine,Tataouine,villa,0,1,False,False,True,2005,817352
58,1,4,Bizerte,Bizerte,apartment,0,5,True,False,False,2010,98414
315,6,4,Kairouan,Kairouan,apartment,2,9,True,False,False,2002,228614
325,1,3,Lac 2,Tunis,house,0,8,True,True,False,1999,1725523
418,1,3,Bizerte,Bizerte,villa,0,9,False,True,True,2014,1578607
495,6,4,Bizerte,Bizerte,villa,0,7,True,True,False,2015,1480264
361,1,4,Bizerte,Bizerte,villa,0,6,True,False,False,1993,1133147
335,4,4,Hammamet,Hammamet,apartment,2,4,True,False,False,2020,868681
392,4,4,Sousse,Sousse,house,0,7,True,False,False,2011,1476820
380,1,2,Monastir,Monastir,villa,0,7,True,True,False,2001,1156589
177,3,3,Hammamet,Hammamet,house,0,7,True,True,False,2015,328805
282,2,1,Sfax,Sfax,house,0,7,False,False,False,2014,429068
477,1,2,Hammamet,Hammamet,house,0,2,False,False,False,2017,1843929
272,7,1,Gabès,Gabès,apartment,3,5,True,False,False,1998,421774
273,6,3,Hammamet,Hammamet,apartment,8,7,False,False,False,2010,465192
80,5,4,Sousse,Sousse,house,0,6,True,False,False,1994,324455
205,3,1,Kairouan,Kairouan,apartment,2,3,False,False,False,1996,200244
116,6,1,Centre Ville,Tunis,house,0,7,True,True,False,2011,576080
441,1,4,Nabeul,Nabeul,house,0,1,True,True,False,2006,1278501
253,6,2,Gabès,Gabès,villa,0,8,True,False,False,2012,891691
411,5,1,Sousse,Sousse,villa,0,2,False,False,False,2009,1178057
194,3,4,Nabeul,Nabeul,house,0,8,True,False,False,1997,306649
87,5,1,Gafsa,Gafsa,apartment,8,4,True,False,False,2015,165672
381,7,1,Tataouine,Tataouine,house,0,9,False,False,False,2001,963259
394,7,2,Kairouan,Kairouan,villa,0,6,False,True,False,2023,642194
231,1,2,Monastir,Monastir,villa,0,5,False,False,True,2007,1071998
441,1,4,Kairouan,Kairouan,house,0,4,False,False,False,2011,556788
443,1,4,Bizerte,Bizerte,apartment,4,6,False,False,False,2009,330300
328,1,2,Bizerte,Bizerte,house,0,6,True,False,False,2011,721724
57,3,4,Lac 1,Tunis,villa,0,3,True,True,False,2003,198611
342,2,2,Gabès,Gabès,house,0,6,True,False,False,2022,917974
103,4,2,Bizerte,Bizerte,villa,0,2,True,True,False,1996,289341
162,6,2,Sousse,Sousse,apartment,6,8,False,False,False,1996,377330
238,3,3,Gafsa,Gafsa,apartment,5,4,False,False,False,2023,368614
93,4,2,Monastir,Monastir,villa,0,1,True,True,False,1999,255372
451,5,4,Gafsa,Gafsa,apartment,0,4,False,False,False,2012,900196
443,3,2,Gafsa,Gafsa,apartment,5,9,False,False,False,2023,636148
406,1,4,Sousse,Sousse,villa,0,8,True,True,False,2001,2062241
89,3,3,Gafsa,Gafsa,apartment,1,5,False,False,False,2008,78462
311,2,4,Bizerte,Bizerte,apartment,6,1,False,False,False,2001,487896
376,6,3,Gabès,Gabès,villa,0,1,False,True,True,2010,845491
165,7,1,Gafsa,Gafsa,house,0,7,True,False,False,2006,252972
143,7,1,Nabeul,Nabeul,apartment,6,8,False,False,False,2000,369283
61,3,3,Nabeul,Nabeul,apartment,3,4,False,False,False,2017,90768
190,7,3,Bizerte,Bizerte,house,0,5,False,True,False,2013,413636
402,4,2,Hammamet,Hammamet,villa,0,7,False,False,True,2000,2815267
177,6,1,Tataouine,Tataouine,apartment,1,7,False,False,False,2004,302457
124,2,3,Bizerte,Bizerte,villa,0,4,False,True,True,2000,211422
243,5,4,Hammamet,Hammamet,villa,0,7,False,True,False,2002,926098
130,5,4,Monastir,Monastir,villa,0,3,False,True,False,1996,501827
441,5,1,Sfax,Sfax,house,0,2,True,True,False,2000,944507
110,2,3,Sfax,Sfax,house,0,9,False,False,False,2008,128700
412,5,3,Sfax,Sfax,house,0,7,True,True,False,1991,555766
235,6,1,Sfax,Sfax,house,0,9,True,False,False,2017,409822
202,1,3,Sfax,Sfax,apartment,0,3,True,False,False,1995,225504
59,4,3,Sousse,Sousse,apartment,0,1,False,False,False,2002,118094
389,1,4,Tataouine,Tataouine,villa,0,3,False,True,False,2007,934738
336,3,1,Gabès,Gabès,house,0,7,False,False,False,2018,604880
459,5,1,Ariana,Tunis,house,0,6,True,True,False,2014,1357356
391,5,4,Kairouan,Kairouan,apartment,3,6,False,False,False,2010,474204
167,5,3,Carthage,Tunis,house,0,9,True,False,False,2015,577637
210,6,4,Hammamet,Hammamet,apartment,3,1,True,False,False,2010,494537
193,6,4,Tataouine,Tataouine,apartment,7,4,True,False,False,2018,213836
393,3,1,Gafsa,Gafsa,apartment,2,1,True,False,False,1991,627888
135,4,2,Gafsa,Gafsa,apartment,1,6,True,False,False,2016,106596
338,5,2,Tataouine,Tataouine,villa,0,9,False,True,False,2003,1057399
372,7,3,Hammamet,Hammamet,apartment,0,3,False,False,False,2003,362030
205,4,1,Gabès,Gabès,villa,0,1,True,True,True,2010,379415
392,4,4,Sousse,Sousse,house,0,9,False,True,False,2023,673344
379,3,4,Sousse,Sousse,villa,0,6,True,False,True,2013,1978992
92,7,3,Gabès,Gabès,villa,0,9,True,True,False,1995,171376
439,2,2,Gabès,Gabès,house,0,9,False,True,False,2013,1249513
174,7,2,Bizerte,Bizerte,apartment,7,3,False,False,False,2013,135720
407,5,2,Bizerte,Bizerte,apartment,5,3,True,False,False,1990,731281
351,4,2,Kairouan,Kairouan,villa,0,6,False,False,False,2000,539304
219,2,3,Sousse,Sousse,villa,0,7,False,True,True,2000,1430685
101,7,1,Gafsa,Gafsa,apartment,1,9,True,False,False,2013,128278
177,7,3,Hammamet,Hammamet,house,0,9,True,True,False,1999,478058
435,6,3,Sfax,Sfax,villa,0,3,True,False,True,2020,852470
372,7,3,Gafsa,Gafsa,house,0,4,True,True,False,2017,876265
471,7,1,Hammamet,Hammamet,villa,0,2,True,True,True,1996,2612137
451,2,4,Gafsa,Gafsa,house,0,9,False,True,False,2013,677434
409,4,2,Gabès,Gabès,apartment,9,7,False,False,False,2019,526464
182,3,1,Gafsa,Gafsa,house,0,2,False,False,False,1990,239628
435,5,4,Monastir,Monastir,house,0,7,False,False,False,2010,401278
373,7,4,Gabès,Gabès,villa,0,6,True,False,False,2009,1074374
178,6,2,Hammamet,Hammamet,villa,0,1,False,True,False,2013,885188
341,5,3,Monastir,Monastir,apartment,7,7,False,False,False,2002,554056
329,5,4,Gafsa,Gafsa,house,0,6,False,True,False,2015,566445
385,6,2,Nabeul,Nabeul,villa,0,1,True,True,True,2000,2180138
212,3,1,Kairouan,Kairouan,house,0,5,False,True,False,2006,579399
344,2,4,Sfax,Sfax,villa,0,3,False,True,False,1999,1095240
447,4,3,Hammamet,Hammamet,villa,0,3,True,False,True,1990,1126834
302,2,2,Gafsa,Gafsa,villa,0,2,False,True,False,2006,702722
425,7,3,Tataouine,Tataouine,villa,0,4,True,True,True,2016,2036322
71,2,2,Kairouan,Kairouan,villa,0,1,False,True,False,1990,155650
389,5,3,Sousse,Sousse,villa,0,4,True,True,True,1993,2149801
154,6,2,Soukra,Tunis,villa,0,7,True,False,True,1998,820134
260,6,3,Sousse,Sousse,house,0,7,True,False,False,2005,533201
321,1,3,Carthage,Tunis,villa,0,5,True,True,True,2008,1672668
174,1,4,Tataouine,Tataouine,villa,0,6,False,False,False,1997,439983
430,1,2,Gafsa,Gafsa,villa,0,4,False,True,True,2007,1935606
251,4,1,Sfax,Sfax,villa,0,4,False,True,False,2002,963743
451,5,3,Kairouan,Kairouan,villa,0,8,True,False,True,1991,1772084
82,2,3,Gabès,Gabès,villa,0,9,False,True,False,2017,307834
174,2,1,Tataouine,Tataouine,house,0,5,False,False,False,1998,271259
160,7,3,Lac 1,Tunis,house,0,9,False,False,False,1994,1015040
455,1,3,Kairouan,Kairouan,apartment,6,8,True,False,False,2012,395577
330,3,1,Tataouine,Tataouine,apartment,5,7,True,False,False,2023,558280
58,4,1,Nabeul,Nabeul,apartment,0,1,True,False,False,1995,154198
218,6,1,Centre Ville,Tunis,house,0,4,False,False,False,2004,996009
203,4,4,Bizerte,Bizerte,villa,0,5,False,False,False,2017,363938
257,6,4,Gabès,Gabès,villa,0,3,True,False,False,2018,558783
387,2,2,Monastir,Monastir,villa,0,7,True,False,False,2007,917505
344,5,1,Hammamet,Hammamet,house,0,4,False,False,False,2009,1052351
392,1,2,Kairouan,Kairouan,house,0,1,True,False,False,2023,660074
366,2,2,Nabeul,Nabeul,villa,0,4,False,False,False,1990,894913
50,5,4,Sousse,Sousse,villa,0,1,True,True,True,2017,248756
72,5,3,Sfax,Sfax,house,0,1,True,True,False,2023,147718
447,3,4,Kairouan,Kairouan,villa,0,3,True,False,False,2020,1632887
59,5,1,Tataouine,Tataouine,villa,0,2,False,True,False,1994,141025
79,7,1,Centre Ville,Tunis,house,0,4,False,False,False,1998,300859
342,1,4,Kairouan,Kairouan,house,0,4,True,True,False,2014,907890
314,6,3,Gabès,Gabès,house,0,2,True,True,False,1999,626490
327,6,2,La Marsa,Tunis,villa,0,2,True,False,True,2019,3803480
155,4,1,Tataouine,Tataouine,house,0,5,False,True,False,1997,218280
355,5,3,Gabès,Gabès,apartment,4,8,False,False,False,1999,676204
374,2,3,Tataouine,Tataouine,house,0,6,False,False,False,2000,555434
348,4,4,Gabès,Gabès,apartment,4,2,False,False,False,1999,606076
203,6,1,Gabès,Gabès,house,0,3,False,True,False,2020,552015
296,4,1,Monastir,Monastir,villa,0,6,True,False,True,2003,876799
139,7,4,Sfax,Sfax,villa,0,7,False,True,False,2006,236469
228,1,2,Lac 1,Tunis,house,0,9,False,False,False,2000,1156552
248,2,4,Bizerte,Bizerte,apartment,5,9,False,False,False,2008,190067
75,2,1,Sousse,Sousse,house,0,4,False,False,False,2012,218790
62,1,2,Monastir,Monastir,house,0,2,False,False,False,2005,155267
205,5,3,Gabès,Gabès,apartment,8,5,True,False,False,2021,257094
364,1,4,Bizerte,Bizerte,house,0,2,False,True,False,2021,728311
217,2,4,Tataouine,Tataouine,apartment,4,9,True,False,False,1990,205794
488,4,3,Bizerte,Bizerte,villa,0,6,False,True,False,2001,1839720
450,3,2,Bizerte,Bizerte,house,0,9,True,True,False,1992,1139458
323,4,3,Soukra,Tunis,apartment,1,1,True,False,False,2020,980313
219,2,4,Tataouine,Tataouine,villa,0,2,True,False,True,2019,905701
496,5,3,Gabès,Gabès,apartment,7,8,True,False,False,2020,334145
285,7,2,Bizerte,Bizerte,house,0,1,True,True,False,2006,847981
58,6,2,Gabès,Gabès,house,0,5,True,False,False,2001,124265
325,3,1,Sfax,Sfax,apartment,3,8,False,False,False,1993,647400
221,6,3,Hammamet,Hammamet,apartment,4,4,True,False,False,2009,363947
373,3,1,Monastir,Monastir,villa,0,9,False,False,False,1993,1019990
378,5,4,Gabès,Gabès,villa,0,6,False,False,False,2002,734832
363,3,4,Carthage,Tunis,house,0,3,False,True,False,2002,1972542
491,4,1,Sfax,Sfax,apartment,1,6,False,False,False,2002,939970
250,1,2,Kairouan,Kairouan,apartment,3,1,False,False,False,2006,190200
207,6,1,Sousse,Sousse,apartment,1,1,False,False,False,2021,209152
313,4,3,Gafsa,Gafsa,apartment,3,5,True,False,False,2022,461161
381,7,2,Hammamet,Hammamet,apartment,6,1,False,False,False,2004,924458
320,4,2,Carthage,Tunis,apartment,5,8,True,False,False,2000,642432
272,6,1,Sousse,Sousse,apartment,3,6,True,False,False,2013,732049
388,2,2,Kairouan,Kairouan,villa,0,4,True,False,True,2022,1034919
122,2,1,Lac 2,Tunis,house,0,7,False,False,False,1994,595701
110,1,4,Sfax,Sfax,villa,0,6,True,False,True,2004,325188
199,3,2,Bizerte,Bizerte,villa,0,6,True,False,False,2003,636378
259,7,1,Lac 1,Tunis,villa,0,2,True,True,True,1992,1132598
98,7,3,Sousse,Sousse,house,0,1,True,False,False,2016,383973
332,3,1,Sfax,Sfax,house,0,5,False,False,False,1996,304536
106,5,3,Tataouine,Tataouine,apartment,2,5,True,False,False,2001,176388
69,5,3,Sfax,Sfax,house,0,9,True,True,False,2015,119434
72,7,3,Sousse,Sousse,apartment,4,9,False,False,False,2002,148867
460,3,4,Ariana,Tunis,villa,0,4,True,False,False,2006,3094629
149,1,2,Sousse,Sousse,apartment,2,9,True,False,False,2002,266590
256,3,4,Hammamet,Hammamet,villa,0,4,False,False,True,2022,1051674
469,3,4,Gafsa,Gafsa,house,0,9,False,False,False,1999,1062829
197,6,1,Gafsa,Gafsa,apartment,1,5,False,False,False,2009,210553
317,5,1,Sfax,Sfax,villa,0,9,True,True,True,2014,1492811
165,1,2,Nabeul,Nabeul,villa,0,1,True,True,False,2006,444573
492,5,1,Sfax,Sfax,house,0,9,False,True,False,2008,1183106
58,6,2,Sfax,Sfax,house,0,2,True,True,False,2005,75800
435,6,2,Gafsa,Gafsa,apartment,0,9,False,False,False,2005,706440
395,7,4,Tataouine,Tataouine,house,0,8,True,True,False,2004,413266
467,2,3,Tataouine,Tataouine,apartment,9,3,False,False,False,2012,484185
377,4,3,Monastir,Monastir,house,0,4,True,True,False,2003,1027974
422,2,1,Hammamet,Hammamet,villa,0,1,False,False,False,1993,1078328
112,1,1,Hammamet,Hammamet,apartment,9,1,True,False,False,2012,284356
209,4,3,Nabeul,Nabeul,apartment,1,3,False,False,False,2013,350869
60,3,2,Sousse,Sousse,house,0,9,True,False,False,2016,172481
122,4,4,Sfax,Sfax,villa,0,1,False,True,True,2006,546157
477,2,3,Gafsa,Gafsa,apartment,4,2,False,False,False,1995,735343
253,5,2,Sousse,Sousse,house,0,7,True,False,False,1999,777855
325,7,3,Gabès,Gabès,villa,0,7,False,False,False,1999,1097460
302,7,4,Hammamet,Hammamet,apartment,4,7,True,False,False,1992,417810
262,4,1,Sousse,Sousse,villa,0,8,False,False,True,2001,1202862
288,1,3,Hammamet,Hammamet,villa,0,7,True,True,True,2011,2109091
491,2,2,Gabès,Gabès,house,0,1,False,False,False,2005,549959
106,6,2,Nabeul,Nabeul,villa,0,2,False,True,True,1996,508472
139,6,2,Sousse,Sousse,villa,0,7,False,True,True,2012,906343
135,2,3,Monastir,Monastir,villa,0,9,True,False,True,1998,452166
318,2,3,Gabès,Gabès,house,0,3,True,False,False,2022,551442
369,7,4,Bizerte,Bizerte,villa,0,2,True,True,True,2021,1584504
320,6,2,Gafsa,Gafsa,villa,0,5,False,False,False,2022,736819
485,3,1,Carthage,Tunis,apartment,4,6,False,False,False,2023,961270
128,6,3,Gabès,Gabès,house,0,6,True,True,False,1998,256461
403,6,2,Bizerte,Bizerte,house,0,2,False,False,False,2017,1031035
484,1,4,Hammamet,Hammamet,villa,0,5,True,False,True,1995,3443412
397,2,4,Kairouan,Kairouan,apartment,2,3,True,False,False,2010,307135
260,2,1,Monastir,Monastir,house,0,8,True,False,False,2007,366540
405,2,1,Hammamet,Hammamet,apartment,0,4,False,False,False,2018,732402
379,1,3,Sfax,Sfax,house,0,3,True,True,False,1991,870447
482,6,2,Gafsa,Gafsa,house,0,8,False,True,False,2016,771971
195,6,1,Kairouan,Kairouan,apartment,6,3,False,False,False,1993,250848
214,3,3,Monastir,Monastir,apartment,7,6,True,False,False,2008,245731
480,2,3,Ariana,Tunis,apartment,9,6,True,False,False,2003,1505952
388,6,1,Sfax,Sfax,apartment,6,7,False,False,False,2008,337094
229,2,3,Bizerte,Bizerte,house,0,8,True,False,False,2023,461625
97,5,4,Monastir,Monastir,apartment,5,6,True,False,False,2016,81642
374,1,1,Kairouan,Kairouan,house,0,4,False,True,False,1996,764150
96,1,3,Bizerte,Bizerte,villa,0,6,False,False,True,2017,367331
122,2,4,Sfax,Sfax,villa,0,1,True,False,False,2007,438655
257,1,1,Sousse,Sousse,apartment,6,9,False,False,False,2020,768224
109,1,3,Sousse,Sousse,house,0,6,True,False,False,2003,221570
266,7,2,Gabès,Gabès,house,0,8,False,False,False,2003,451199
248,4,2,Sfax,Sfax,apartment,7,5,True,False,False,2019,185404
216,7,3,Sousse,Sousse,apartment,9,1,True,False,False,1993,538876
298,1,3,Gafsa,Gafsa,villa,0,2,True,True,False,2011,591786
123,3,2,Lac 1,Tunis,apartment,0,4,True,False,False,2015,268373
70,5,1,Nabeul,Nabeul,house,0,6,True,True,False,1990,180234
247,5,2,Sousse,Sousse,apartment,7,6,False,False,False,2016,498248
177,7,2,Hammamet,Hammamet,villa,0,5,True,False,True,2021,534913
113,7,2,Kairouan,Kairouan,villa,0,2,True,True,True,2006,421459
454,4,1,Sfax,Sfax,house,0,1,True,False,False,1990,514607
338,6,1,Bizerte,Bizerte,house,0,1,False,False,False,2019,480879
482,1,3,Gafsa,Gafsa,apartment,7,1,True,False,False,2001,351435
265,6,1,Kairouan,Kairouan,apartment,0,9,False,False,False,1990,311852
283,3,1,Tataouine,Tataouine,villa,0,3,False,True,True,2018,718535
51,1,4,Sousse,Sousse,apartment,0,4,False,False,False,2006,145900
381,4,4,Monastir,Monastir,apartment,1,3,True,False,False,1993,568391
227,5,2,Gafsa,Gafsa,house,0,1,True,False,False,2005,232515
296,4,2,Gafsa,Gafsa,house,0,8,True,True,False,2005,863643
275,1,4,Sfax,Sfax,house,0,8,True,True,False,1998,669578
450,6,1,Monastir,Monastir,apartment,2,6,False,False,False,1999,309600
235,7,3,Monastir,Monastir,apartment,8,3,False,False,False,2010,428828
129,7,4,Tataouine,Tataouine,house,0,4,True,True,False,2014,386457
252,4,4,Monastir,Monastir,villa,0,6,True,False,True,2006,639967
380,6,3,Sousse,Sousse,villa,0,9,True,True,True,2011,1128906
92,3,3,Gafsa,Gafsa,house,0,5,False,False,False,1993,206573
385,5,2,Sfax,Sfax,villa,0,9,False,False,True,2008,663783
130,5,2,Sousse,Sousse,house,0,6,False,True,False,2017,278403
477,4,3,Nabeul,Nabeul,house,0,5,False,False,False,1991,1100553
215,5,1,Sfax,Sfax,apartment,8,2,False,False,False,1997,387000
175,2,1,Bizerte,Bizerte,apartment,8,1,True,False,False,2013,146118
207,4,1,Sousse,Sousse,apartment,2,7,False,False,False,1998,441655
103,6,2,Kairouan,Kairouan,house,0,7,True,True,False,1991,247570
291,3,3,Sfax,Sfax,apartment,0,1,True,False,False,1996,414325
336,5,4,Monastir,Monastir,villa,0,5,False,False,False,2005,446100
183,3,1,Monastir,Monastir,apartment,8,2,False,False,False,2006,205838
317,7,2,Kairouan,Kairouan,villa,0,6,False,True,False,1994,519200
108,4,3,Bizerte,Bizerte,house,0,8,True,True,False,2006,224951
139,4,3,Kairouan,Kairouan,house,0,1,False,False,False,2010,340583
101,2,3,Nabeul,Nabeul,apartment,3,3,False,False,False,2021,191132
369,7,1,Monastir,Monastir,villa,0,4,True,False,False,2017,1367481
100,5,4,Hammamet,Hammamet,apartment,0,3,False,False,False,1999,216120
233,7,2,Monastir,Monastir,apartment,0,3,True,False,False,2020,468553
50,3,3,Tataouine,Tataouine,villa,0,5,True,False,False,2008,81950
138,1,4,Carthage,Tunis,apartment,9,4,True,False,False,2003,352396
455,3,3,Sousse,Sousse,apartment,4,9,True,False,False,2012,717198
326,5,3,Nabeul,Nabeul,house,0,5,False,False,False,2015,427190
171,3,2,Gabès,Gabès,villa,0,8,False,True,True,2000,471845
296,4,3,Gabès,Gabès,villa,0,1,True,True,False,2008,782276
383,1,1,Sousse,Sousse,apartment,0,6,True,False,False,2001,412123
356,6,3,Nabeul,Nabeul,villa,0,1,False,False,True,2022,1595438
374,6,3,Carthage,Tunis,villa,0,9,True,False,True,2022,2786159
101,2,4,Hammamet,Hammamet,house,0,9,True,False,False,2020,229627
436,3,2,Bizerte,Bizerte,apartment,3,2,True,False,False,2017,463659
136,5,4,Lac 2,Tunis,villa,0,1,True,True,True,2023,769685
118,3,1,Tataouine,Tataouine,villa,0,7,True,False,True,2013,348375
238,7,2,Tataouine,Tataouine,house,0,2,False,True,False,2021,302494
358,7,1,Gafsa,Gafsa,villa,0,5,False,False,False,2017,1268179
485,4,2,Tataouine,Tataouine,house,0,5,True,False,False,2022,487250
246,6,2,Monastir,Monastir,villa,0,1,False,False,False,1993,659594
103,2,1,Sfax,Sfax,house,0,1,True,True,False,1997,164181
454,5,3,Gabès,Gabès,apartment,7,7,True,False,False,2007,718863
336,4,2,Gafsa,Gafsa,house,0,1,False,True,False,1998,554281
164,2,1,Gabès,Gabès,house,0,3,True,True,False,2005,452107
291,6,1,Sfax,Sfax,house,0,3,False,True,False,2023,426117
291,1,1,Sousse,Sousse,apartment,1,7,False,False,False,2010,866714
138,7,2,Sfax,Sfax,apartment,0,5,True,False,False,2009,219668
347,5,1,Nabeul,Nabeul,villa,0,9,False,True,True,2014,1920689
307,3,2,Bizerte,Bizerte,apartment,3,9,False,False,False,2018,276300
66,4,1,Monastir,Monastir,apartment,5,4,False,False,False,2019,100689
436,7,3,Gabès,Gabès,house,0,2,True,False,False,2015,589902
277,1,3,Sfax,Sfax,apartment,4,9,True,False,False,2022,281542
222,4,2,Bizerte,Bizerte,apartment,9,8,False,False,False,2021,245443
338,7,3,Monastir,Monastir,villa,0,8,True,False,True,1997,1572570
106,6,4,Sousse,Sousse,house,0,6,True,True,False,2023,351805
165,4,4,Bizerte,Bizerte,villa,0,1,False,True,False,1999,631184
241,6,4,Tataouine,Tataouine,villa,0,4,True,True,True,2022,674799
324,5,2,Gafsa,Gafsa,villa,0,9,True,False,False,1998,615299
332,1,4,Tataouine,Tataouine,house,0,9,True,False,False,1997,365081
451,5,3,Hammamet,Hammamet,villa,0,1,False,False,False,1990,977082
55,1,3,Sousse,Sousse,villa,0,5,True,True,False,2005,204174
387,1,3,Gabès,Gabès,house,0,6,True,False,False,1997,501208
74,2,1,Bizerte,Bizerte,apartment,6,8,True,False,False,2008,134327
227,5,3,Gafsa,Gafsa,apartment,0,2,True,False,False,2005,246739
87,1,3,Nabeul,Nabeul,house,0,5,True,False,False,2014,282589
87,6,3,Monastir,Monastir,apartment,3,1,False,False,False,2016,79622
318,5,4,Kairouan,Kairouan,house,0,9,False,False,False,1992,275159
426,6,2,Nabeul,Nabeul,villa,0,8,False,True,False,1998,1303682
259,2,1,Sousse,Sousse,apartment,6,4,True,False,False,2006,613192
275,6,3,Sfax,Sfax,house,0,5,False,True,False,2003,514056
72,7,2,Gafsa,Gafsa,villa,0,2,False,False,True,2012,321998
187,1,1,Carthage,Tunis,villa,0,9,True,True,True,2023,1510149
177,5,1,Gabès,Gabès,villa,0,6,False,False,True,2006,558314
149,1,1,Bizerte,Bizerte,house,0,4,False,True,False,1991,392560
425,2,1,Monastir,Monastir,house,0,6,False,True,False,2002,1201400
108,1,1,Monastir,Monastir,villa,0,4,True,False,False,2002,145986
174,1,3,Monastir,Monastir,apartment,6,7,False,False,False,2013,324892
118,5,1,Bizerte,Bizerte,apartment,8,6,False,False,False,2014,191726
262,2,2,Sfax,Sfax,apartment,4,8,False,False,False,2007,353595
469,2,2,Ariana,Tunis,villa,0,1,False,True,False,2018,2902866
126,1,3,Bizerte,Bizerte,apartment,7,3,True,False,False,1992,241103
277,3,3,Bizerte,Bizerte,apartment,7,3,False,False,False,2018,297165
408,2,3,Monastir,Monastir,apartment,0,6,False,False,False,1990,729830
379,4,1,Nabeul,Nabeul,villa,0,3,False,False,False,1992,893136
348,7,1,Sousse,Sousse,house,0,9,False,True,False,2015,907098
213,1,4,Gabès,Gabès,apartment,0,5,True,False,False,2003,434059
136,6,4,Gafsa,Gafsa,apartment,3,7,True,False,False,2008,169760
103,4,2,Sousse,Sousse,villa,0,3,True,True,False,2020,262617
58,5,1,Tataouine,Tataouine,villa,0,7,False,False,False,1999,118848
400,5,3,Kairouan,Kairouan,apartment,5,2,True,False,False,2002,715344
173,3,1,La Marsa,Tunis,apartment,7,6,False,False,False,2018,432154
89,6,4,Tataouine,Tataouine,house,0,7,False,True,False,2000,154760
232,3,3,Bizerte,Bizerte,house,0,8,True,False,False,2011,577370
186,2,2,Monastir,Monastir,villa,0,6,False,True,True,2010,536598
108,3,4,Sousse,Sousse,villa,0,8,True,True,False,2003,221747
161,4,1,Hammamet,Hammamet,house,0,8,True,True,False,2015,296471
169,3,4,Sousse,Sousse,apartment,1,9,False,False,False,1991,322857
421,4,1,Monastir,Monastir,apartment,1,1,False,False,False,2001,487686
213,1,3,Sousse,Sousse,apartment,5,1,True,False,False,2011,307026
494,2,2,Bizerte,Bizerte,villa,0,2,False,True,False,2005,1037589
225,5,3,Sousse,Sousse,house,0,9,True,False,False,1996,489434
483,6,3,Nabeul,Nabeul,apartment,2,9,True,False,False,2002,670655
136,6,2,Sousse,Sousse,house,0,6,False,True,False,1990,372468
97,5,2,Kairouan,Kairouan,villa,0,3,True,True,True,1999,265517
150,7,2,Sousse,Sousse,house,0,3,True,False,False,2002,230220
115,6,4,Ariana,Tunis,apartment,3,9,False,False,False,1996,428835
260,6,2,Nabeul,Nabeul,villa,0,5,True,False,False,1990,1299654
493,1,4,Kairouan,Kairouan,apartment,9,3,True,False,False,2016,882489
276,4,2,Gabès,Gabès,villa,0,6,False,True,False,2012,559595
193,7,4,Tataouine,Tataouine,villa,0,5,True,True,False,2002,641353
381,5,1,Bizerte,Bizerte,house,0,2,False,False,False,2016,660135
459,1,3,Tataouine,Tataouine,house,0,1,False,True,False,2007,537698
266,7,1,Gabès,Gabès,villa,0,2,False,True,False,2022,730610
494,3,3,Sousse,Sousse,house,0,2,False,False,False,2006,1184473
216,7,2,Carthage,Tunis,apartment,5,5,True,False,False,2019,396900
84,3,1,Sousse,Sousse,apartment,8,4,False,False,False,2014,227304
209,4,2,Sousse,Sousse,villa,0,4,False,False,True,1990,903782
135,6,4,Kairouan,Kairouan,house,0,1,True,True,False,2003,395675
367,3,2,Nabeul,Nabeul,apartment,2,2,True,False,False,2002,961371
356,6,4,Bizerte,Bizerte,house,0,2,False,False,False,1996,925229
218,6,2,Gafsa,Gafsa,apartment,8,7,True,False,False,2004,344814
345,3,3,Gafsa,Gafsa,villa,0,5,False,False,False,1991,513194
417,7,1,Hammamet,Hammamet,apartment,7,9,True,False,False,2020,730859
283,5,4,Sousse,Sousse,villa,0,9,True,True,True,1995,1405208
337,4,2,Monastir,Monastir,house,0,2,True,True,False,2007,661855
176,1,3,Tataouine,Tataouine,apartment,1,8,False,False,False,1996,118272
345,3,1,Gabès,Gabès,apartment,1,2,False,False,False,2011,504252
293,6,2,Gabès,Gabès,house,0,1,True,True,False,2013,673987
80,5,2,Monastir,Monastir,villa,0,3,False,False,False,2005,233856
156,2,3,Sfax,Sfax,villa,0,5,True,False,False,2016,367488
212,4,1,Monastir,Monastir,villa,0,6,False,False,False,2017,666120
430,6,1,Monastir,Monastir,house,0,5,False,False,False,2022,494603
388,7,3,Hammamet,Hammamet,villa,0,1,False,False,True,2018,1524216
385,1,3,Monastir,Monastir,house,0,7,False,False,False,2017,441240
284,6,3,Sousse,Sousse,house,0,3,False,True,False,2004,704699
50,1,4,Sousse,Sousse,villa,0,9,False,False,True,2018,187714
392,5,3,Sousse,Sousse,house,0,4,False,False,False,2022,730766
400,6,4,Sfax,Sfax,house,0,7,True,False,False,2006,364728
116,1,2,Sousse,Sousse,villa,0,5,False,False,False,2022,317459
191,4,1,Nabeul,Nabeul,house,0,7,True,True,False,2004,585388
210,7,3,Sfax,Sfax,apartment,5,8,True,False,False,2012,183279
315,6,1,Kairouan,Kairouan,villa,0,9,True,False,True,2006,802436
489,4,1,Monastir,Monastir,house,0,7,False,False,False,2008,1267331
307,4,3,Nabeul,Nabeul,apartment,6,8,False,False,False,1992,388293
257,2,3,Sousse,Sousse,villa,0,7,False,True,True,2019,1176443
299,6,3,Centre Ville,Tunis,apartment,3,8,False,False,False,1993,1104655
142,4,1,Gafsa,Gafsa,house,0,7,True,True,False,2018,223276
207,5,2,Hammamet,Hammamet,house,0,3,False,False,False,2015,683298
271,3,1,Tataouine,Tataouine,house,0,3,True,True,False,1996,717457
98,1,1,Hammamet,Hammamet,villa,0,5,True,False,False,2002,508095
487,7,1,Hammamet,Hammamet,apartment,2,8,True,False,False,2021,777456
369,2,1,Kairouan,Kairouan,villa,0,3,True,False,False,1997,890453
144,1,2,Gafsa,Gafsa,house,0,6,True,True,False,2010,262053
316,2,2,Tataouine,Tataouine,apartment,8,2,False,False,False,2023,545795
484,4,3,Monastir,Monastir,house,0,9,False,False,False,2009,736919
207,2,2,Tataouine,Tataouine,villa,0,1,False,False,False,2015,617621
328,4,4,Hammamet,Hammamet,apartment,3,2,False,False,False,2013,677779
179,1,2,Sousse,Sousse,apartment,3,1,True,False,False,2002,347106
212,4,2,Gafsa,Gafsa,apartment,6,8,True,False,False,1991,302914
80,6,2,Tataouine,Tataouine,apartment,4,7,True,False,False,1992,81648
197,2,1,Nabeul,Nabeul,apartment,8,4,False,False,False,2023,394315
389,5,1,Lac 1,Tunis,villa,0,8,False,False,False,1996,2292454
444,4,2,Bizerte,Bizerte,apartment,2,9,True,False,False,2018,474405
496,5,2,Nabeul,Nabeul,apartment,2,2,False,False,False,2013,998745
59,3,4,Gabès,Gabès,apartment,6,1,True,False,False,1990,99863
299,2,2,Gabès,Gabès,house,0,3,False,True,False,2022,294510
278,7,3,Tataouine,Tataouine,house,0,3,True,True,False,1990,761034
125,3,2,Nabeul,Nabeul,villa,0,9,True,True,True,2008,749188
106,7,4,Hammamet,Hammamet,apartment,0,3,False,False,False,1995,249184
245,5,1,Gafsa,Gafsa,house,0,6,True,False,False,2017,574408
229,4,2,Bizerte,Bizerte,apartment,4,5,False,False,False,1991,415131
312,1,4,Kairouan,Kairouan,villa,0,1,False,True,False,2009,771458
392,2,3,Nabeul,Nabeul,villa,0,2,True,True,False,2022,1557892
115,5,3,Bizerte,Bizerte,apartment,6,9,False,False,False,2011,137724
403,4,3,Tataouine,Tataouine,house,0,9,False,True,False,2012,1074204
66,4,1,Hammamet,Hammamet,house,0,2,False,False,False,1998,235469
341,3,1,Monastir,Monastir,house,0,7,False,False,False,2020,762121
123,4,2,Gabès,Gabès,villa,0,6,False,True,False,2002,196195
421,6,1,Sousse,Sousse,villa,0,6,True,True,True,2015,1542906
393,5,3,Bizerte,Bizerte,house,0,4,False,True,False,1999,1105996
237,6,3,Tataouine,Tataouine,apartment,0,4,True,False,False,2015,225159
447,1,4,Ariana,Tunis,house,0,4,True,False,False,2017,1147701
443,3,1,Hammamet,Hammamet,house,0,4,True,False,False,1991,1202375
294,2,2,Sfax,Sfax,house,0,6,True,True,False,2006,863458
327,4,3,Kairouan,Kairouan,villa,0,2,True,True,False,1998,989292
452,6,1,Sousse,Sousse,villa,0,2,True,True,True,2012,3219214
134,3,3,Monastir,Monastir,apartment,8,4,False,False,False,2014,191995
463,5,3,Hammamet,Hammamet,apartment,9,9,True,False,False,2023,695388
253,2,2,Hammamet,Hammamet,apartment,4,5,True,False,False,2011,297102
492,4,1,Gafsa,Gafsa,villa,0,9,False,False,False,2018,1760572
460,2,4,Gabès,Gabès,villa,0,3,False,False,True,1999,1244318
367,1,1,Gabès,Gabès,apartment,9,6,True,False,False,2014,303964
356,2,1,Bizerte,Bizerte,house,0,4,False,False,False,2021,814157
228,4,3,Tataouine,Tataouine,villa,0,2,True,True,True,1995,478183
415,3,1,Sousse,Sousse,apartment,2,2,True,False,False,2014,1002922
418,1,1,Kairouan,Kairouan,house,0,7,False,True,False,2020,1064455
367,3,1,Tataouine,Tataouine,villa,0,1,False,False,True,1993,1623437
323,2,4,Hammamet,Hammamet,villa,0,3,True,False,False,1995,1054892
57,1,3,Bizerte,Bizerte,villa,0,5,False,False,False,2013,86019
284,3,1,Lac 1,Tunis,villa,0,5,False,True,False,1999,1825290
317,1,4,Sousse,Sousse,house,0,7,True,True,False,2006,1185750
494,2,4,Hammamet,Hammamet,house,0,6,True,False,False,2006,1722727
342,2,2,Kairouan,Kairouan,apartment,9,1,False,False,False,2005,413409
265,5,1,Bizerte,Bizerte,apartment,7,6,False,False,False,2022,173204
214,5,2,Gabès,Gabès,apartment,4,1,False,False,False,1990,191401
266,2,3,Sfax,Sfax,villa,0,4,False,False,True,1996,947602
214,5,4,Sfax,Sfax,apartment,0,4,False,False,False,2015,331272
260,2,3,Hammamet,Hammamet,villa,0,5,False,False,False,2023,883958
414,3,3,Monastir,Monastir,villa,0,1,False,False,False,2015,916894
74,2,3,Hammamet,Hammamet,apartment,5,6,False,False,False,2004,146964
198,7,1,Gabès,Gabès,apartment,4,5,False,False,False,1993,302385
323,3,1,Sousse,Sousse,apartment,1,2,True,False,False,2013,872972
446,6,2,Gabès,Gabès,villa,0,5,True,True,True,1992,2040508
342,5,3,Tataouine,Tataouine,house,0,3,False,False,False,2012,794944
271,2,2,Gabès,Gabès,apartment,3,4,True,False,False,2022,400418
203,1,4,Sousse,Sousse,villa,0,7,False,True,False,1997,941021
422,6,3,Monastir,Monastir,villa,0,3,False,False,True,1999,763124
453,5,4,Bizerte,Bizerte,house,0,9,False,True,False,1996,1039055
171,6,3,Gafsa,Gafsa,villa,0,7,True,False,True,2018,508545
142,1,4,Gafsa,Gafsa,villa,0,3,False,False,False,2020,323896
186,5,1,Sfax,Sfax,house,0,2,False,True,False,2013,444292
184,3,3,Nabeul,Nabeul,villa,0,6,False,True,True,2000,1398114
253,5,2,La Marsa,Tunis,villa,0,5,False,True,True,1999,3067255
99,4,4,Monastir,Monastir,villa,0,8,True,False,False,1994,125139
302,4,4,Bizerte,Bizerte,villa,0,3,True,False,False,1991,913704
346,5,3,Hammamet,Hammamet,house,0,9,True,False,False,2011,1349993
54,4,1,Kairouan,Kairouan,villa,0,6,False,True,True,2008,134992
164,3,3,Gabès,Gabès,apartment,9,2,True,False,False,2015,200027
363,2,3,Gafsa,Gafsa,house,0,7,True,True,False,1992,483999
138,3,2,Gafsa,Gafsa,villa,0,4,True,False,False,2014,246422
329,1,2,Gafsa,Gafsa,villa,0,5,False,True,False,2019,1144414
388,5,4,Kairouan,Kairouan,apartment,7,5,True,False,False,1995,449769
447,5,1,Gafsa,Gafsa,house,0,2,True,True,False,1993,742583
66,2,1,Kairouan,Kairouan,villa,0,9,True,False,True,2015,183956
353,4,1,Gafsa,Gafsa,house,0,7,False,True,False,2015,473291
466,7,4,Kairouan,Kairouan,apartment,5,8,False,False,False,1996,453697
157,5,2,Kairouan,Kairouan,house,0,4,False,True,False,1998,432675
305,1,4,Sousse,Sousse,house,0,6,False,False,False,2008,491977
90,5,1,Bizerte,Bizerte,apartment,5,9,True,False,False,2013,173577
449,4,4,Kairouan,Kairouan,villa,0,6,False,False,True,2010,1428057
397,6,1,Monastir,Monastir,villa,0,1,False,True,True,2003,1129788
263,3,1,Sfax,Sfax,house,0,4,True,False,False,2020,458652
234,7,2,Bizerte,Bizerte,apartment,2,2,False,False,False,2019,263764
91,3,3,Nabeul,Nabeul,apartment,7,3,True,False,False,1997,119475
67,5,1,Bizerte,Bizerte,house,0,8,False,False,False,2012,101105
226,6,3,Gabès,Gabès,villa,0,6,False,True,False,2017,721337
126,1,4,Nabeul,Nabeul,apartment,2,7,True,False,False,1995,171302
68,3,4,Sousse,Sousse,apartment,2,9,False,False,False,2018,140270
353,7,1,Nabeul,Nabeul,house,0,5,True,True,False,2015,517096
280,5,4,Sfax,Sfax,villa,0,6,True,False,True,1996,1305472
102,2,3,Kairouan,Kairouan,house,0,6,False,False,False,1990,214175
292,4,3,Kairouan,Kairouan,apartment,2,7,False,False,False,2016,380067
139,4,3,Kairouan,Kairouan,villa,0,8,False,False,False,2005,347477
180,5,4,Gafsa,Gafsa,apartment,9,6,False,False,False,1994,199872
209,1,1,Tataouine,Tataouine,house,0,6,False,False,False,2000,379945
57,1,4,Kairouan,Kairouan,house,0,8,False,True,False,2017,117635
436,4,4,Lac 1,Tunis,house,0,4,False,False,False,2004,2427037
332,5,1,Monastir,Monastir,villa,0,9,True,True,False,2017,879074
283,5,4,Kairouan,Kairouan,villa,0,1,False,True,False,2003,1107680
225,6,1,Nabeul,Nabeul,apartment,1,7,False,False,False,2004,446850
226,7,3,Kairouan,Kairouan,apartment,6,9,False,False,False,2004,270476
363,3,4,Kairouan,Kairouan,house,0,1,True,True,False,2005,798381
264,5,3,Kairouan,Kairouan,house,0,8,True,True,False,2003,475040
294,6,1,Gabès,Gabès,apartment,6,3,False,False,False,1995,261072
349,2,4,Monastir,Monastir,house,0,4,True,False,False,2018,582714
327,1,2,Gafsa,Gafsa,apartment,4,7,True,False,False,2018,348568
350,5,4,Nabeul,Nabeul,house,0,9,True,False,False,2013,1053725
213,5,3,Sousse,Sousse,villa,0,5,False,True,False,1996,764698
427,4,4,Gabès,Gabès,villa,0,4,True,False,True,2006,1885932
294,5,2,Sfax,Sfax,villa,0,1,True,False,True,2023,501027
393,5,1,Sfax,Sfax,house,0,7,False,False,False,1990,432425
356,7,3,Gabès,Gabès,apartment,5,6,True,False,False,2018,735040
236,6,1,Bizerte,Bizerte,house,0,1,True,True,False,2011,342164
174,1,1,Hammamet,Hammamet,apartment,2,2,False,False,False,2000,365608
376,2,3,Kairouan,Kairouan,villa,0,5,False,True,True,2010,1276753
148,4,3,Hammamet,Hammamet,villa,0,5,True,True,False,2002,361107
381,6,3,Hammamet,Hammamet,house,0,5,True,False,False,1995,1421649
75,2,4,Lac 1,Tunis,villa,0,8,False,False,True,1998,820989
70,7,1,Gafsa,Gafsa,villa,0,8,True,False,False,2014,153891
294,3,1,Tataouine,Tataouine,house,0,9,False,True,False,2017,375350
447,4,1,Hammamet,Hammamet,apartment,3,2,True,False,False,2001,937198
457,4,1,Tataouine,Tataouine,villa,0,6,True,True,True,2019,1888272
284,7,4,Monastir,Monastir,apartment,5,4,False,False,False,2004,395555
456,4,1,Sfax,Sfax,villa,0,1,False,False,True,2010,913386
63,2,4,Gabès,Gabès,villa,0,4,False,False,False,2016,208111
142,1,1,Bizerte,Bizerte,apartment,3,9,False,False,False,1996,236628
246,5,3,Bizerte,Bizerte,apartment,8,9,True,False,False,2019,351081
304,2,2,Bizerte,Bizerte,villa,0,3,False,False,True,2010,1207604
294,2,4,Sfax,Sfax,villa,0,5,True,True,False,1998,494359
205,2,2,Gafsa,Gafsa,house,0,3,True,False,False,1992,481746
149,7,1,Kairouan,Kairouan,house,0,1,False,False,False,2012,248090
154,1,1,Bizerte,Bizerte,apartment,2,3,True,False,False,2017,269327
151,4,4,Tataouine,Tataouine,apartment,4,1,True,False,False,1998,282092
423,1,3,Gafsa,Gafsa,villa,0,5,False,False,True,2020,1467309
315,4,1,Kairouan,Kairouan,villa,0,6,False,True,True,2004,586377
233,1,2,Gafsa,Gafsa,villa,0,4,False,True,True,2012,777265
486,1,2,Nabeul,Nabeul,apartment,9,3,False,False,False,2003,1403762
189,2,3,Kairouan,Kairouan,apartment,4,1,True,False,False,2017,359432
308,3,2,Hammamet,Hammamet,house,0,4,False,False,False,2023,430029
138,4,2,Gabès,Gabès,house,0,7,True,True,False,1997,178032
295,7,2,Sfax,Sfax,house,0,6,True,False,False,2018,391722
215,5,2,Sousse,Sousse,house,0,3,False,True,False,1992,608751
443,3,3,Gabès,Gabès,villa,0,8,True,True,True,2002,1960692
150,4,1,Hammamet,Hammamet,villa,0,9,True,False,False,2023,661008
342,7,1,Gafsa,Gafsa,apartment,9,5,True,False,False,2000,242177
420,2,4,Hammamet,Hammamet,villa,0,2,False,True,False,2023,1049811
181,4,3,Gabès,Gabès,villa,0,2,True,False,False,2008,293923
236,5,4,Gabès,Gabès,house,0,3,False,True,False,1997,356648
215,5,3,Gafsa,Gafsa,villa,0,7,True,False,False,2012,328005
95,3,4,Bizerte,Bizerte,apartment,9,4,True,False,False,1991,191679
184,7,4,Bizerte,Bizerte,apartment,9,3,True,False,False,2017,226739
196,5,3,Gabès,Gabès,apartment,3,1,True,False,False,2017,208434
309,6,2,Sfax,Sfax,villa,0,7,True,True,True,2023,769659
349,2,4,Tataouine,Tataouine,apartment,0,2,False,False,False,2017,529642
391,1,2,Monastir,Monastir,apartment,2,7,False,False,False,1997,556471
381,3,1,Kairouan,Kairouan,house,0,9,False,True,False,1999,1055226
151,1,1,Kairouan,Kairouan,villa,0,6,True,True,False,2002,609273
241,7,2,Nabeul,Nabeul,apartment,7,5,False,False,False,2023,336339
109,2,2,Gabès,Gabès,house,0,5,False,True,False,2008,220337
82,4,1,Bizerte,Bizerte,house,0,5,True,True,False,2014,208324
386,5,2,Nabeul,Nabeul,house,0,1,False,False,False,2019,1220578
221,4,3,Sfax,Sfax,villa,0,9,False,True,False,2013,870609
237,3,1,Gabès,Gabès,villa,0,8,False,True,True,1999,1112221
497,4,4,Hammamet,Hammamet,villa,0,9,False,True,True,1996,2132300
333,2,1,Sfax,Sfax,house,0,8,True,True,False,2002,609599
160,4,3,Sousse,Sousse,apartment,6,2,False,False,False,2001,313152
357,4,3,Sfax,Sfax,villa,0,5,False,True,True,1992,1146809
224,3,2,Monastir,Monastir,house,0,5,False,True,False,2006,290338
333,3,2,Nabeul,Nabeul,apartment,9,3,False,False,False,2014,711687
353,7,3,Gabès,Gabès,house,0,5,False,False,False,2019,421086
208,1,4,Tataouine,Tataouine,house,0,6,True,False,False,2010,472442
214,5,1,Hammamet,Hammamet,house,0,9,False,False,False,2006,624280
262,7,3,Sousse,Sousse,villa,0,6,True,False,False,2011,786147
241,7,2,Tataouine,Tataouine,apartment,4,5,True,False,False,1998,300623
281,6,4,Gabès,Gabès,apartment,9,4,False,False,False,2015,536822
414,5,3,Hammamet,Hammamet,house,0,8,False,True,False,2012,1741959
155,3,3,Nabeul,Nabeul,apartment,4,3,True,False,False,2021,192370
310,1,4,Nabeul,Nabeul,villa,0,6,False,True,False,2021,1531308
229,4,4,Hammamet,Hammamet,apartment,7,2,False,False,False,2009,672160
259,1,2,Monastir,Monastir,house,0,3,True,False,False,1995,618544
152,2,2,Sfax,Sfax,apartment,7,8,True,False,False,2009,231483
63,5,1,Bizerte,Bizerte,villa,0,8,True,False,True,2023,209401
257,5,3,Gafsa,Gafsa,villa,0,7,True,False,False,2016,937653
127,4,1,Gafsa,Gafsa,villa,0,1,True,False,True,2009,452331
416,4,3,Monastir,Monastir,villa,0,3,True,True,False,2018,923674
263,6,4,Centre Ville,Tunis,villa,0,8,False,False,True,2012,1732715
343,2,4,Gabès,Gabès,apartment,5,8,True,False,False,2022,614271
433,3,4,Bizerte,Bizerte,house,0,8,False,True,False,2016,985255
367,2,3,Gabès,Gabès,house,0,7,False,False,False,2002,447328
153,6,1,Bizerte,Bizerte,apartment,0,9,False,False,False,2002,274298
405,6,1,Gabès,Gabès,house,0,9,True,True,False,1991,1184593
451,5,3,Gabès,Gabès,villa,0,2,False,True,True,2021,1355900
315,5,1,Kairouan,Kairouan,villa,0,6,False,True,False,2002,1000913
194,1,4,Gabès,Gabès,apartment,7,7,False,False,False,2008,352304
269,6,1,Soukra,Tunis,apartment,6,8,True,False,False,2000,561369
134,7,4,Sousse,Sousse,apartment,2,7,False,False,False,2007,210648
382,4,3,Hammamet,Hammamet,apartment,1,5,False,False,False,2000,950263
108,3,3,Tataouine,Tataouine,house,0,1,False,False,False,2014,179712
146,6,3,Sfax,Sfax,villa,0,8,True,False,True,1995,407221
266,7,4,Kairouan,Kairouan,apartment,7,4,True,False,False,2019,271926
144,4,3,Sfax,Sfax,villa,0,4,True,False,True,1998,425135
410,6,1,La Marsa,Tunis,apartment,6,5,False,False,False,2001,1391540
190,6,3,Monastir,Monastir,apartment,3,4,False,False,False,2003,359480
334,4,1,Sfax,Sfax,apartment,5,2,True,False,False,1991,612462
489,6,2,Sfax,Sfax,house,0,8,True,False,False,2020,815933
110,4,1,Bizerte,Bizerte,house,0,3,True,True,False,2014,118126
364,5,1,Kairouan,Kairouan,villa,0,9,False,False,True,2012,990085
183,1,3,Hammamet,Hammamet,apartment,3,7,False,False,False,2023,301730
343,2,2,Tataouine,Tataouine,house,0,4,False,False,False,1997,470513
153,1,2,Gabès,Gabès,villa,0,4,True,True,True,2011,377785
89,5,3,Gafsa,Gafsa,villa,0,3,False,True,True,2011,170806
400,5,4,Sfax,Sfax,house,0,4,True,False,False,2022,998961
367,5,3,Monastir,Monastir,villa,0,8,True,False,False,2023,1157529
215,5,1,Tataouine,Tataouine,apartment,3,2,False,False,False,2011,248368
497,2,2,Gafsa,Gafsa,villa,0,7,False,False,True,2004,1427209
428,1,3,Kairouan,Kairouan,apartment,9,5,False,False,False,2014,479360
174,1,1,Hammamet,Hammamet,villa,0,9,False,False,False,2011,629156
392,1,4,Centre Ville,Tunis,apartment,0,6,True,False,False,2019,821759
338,1,4,Sousse,Sousse,apartment,3,6,True,False,False,2002,1051923
441,4,1,Nabeul,Nabeul,house,0,9,True,True,False,2014,933647
257,2,3,Gafsa,Gafsa,apartment,2,2,False,False,False,2006,355688
434,5,3,Hammamet,Hammamet,villa,0,4,False,False,True,2012,1929157
368,4,1,Gabès,Gabès,villa,0,5,False,True,False,2006,1160577
446,4,2,Gabès,Gabès,villa,0,5,True,True,True,2004,1214083
110,1,1,Sousse,Sousse,apartment,1,6,False,False,False,2006,170940
69,1,3,Hammamet,Hammamet,house,0,5,True,False,False,2012,108501
151,6,1,Hammamet,Hammamet,villa,0,9,False,False,False,2008,584478
434,5,2,Gafsa,Gafsa,villa,0,6,True,True,False,1995,1201123
399,6,3,Bizerte,Bizerte,house,0,7,True,False,False,1999,370351
452,3,4,Nabeul,Nabeul,apartment,6,4,False,False,False,2009,964387
91,3,1,Kairouan,Kairouan,house,0,2,True,False,False,1993,187316
312,5,3,Gafsa,Gafsa,villa,0,2,False,False,True,2015,706133
295,3,1,Kairouan,Kairouan,house,0,4,True,True,False,2005,370299
130,6,1,Gabès,Gabès,villa,0,1,True,True,False,2021,372972
313,5,2,Ariana,Tunis,apartment,1,2,True,False,False,1998,911510
399,4,4,Monastir,Monastir,villa,0,2,True,True,True,1997,1691758
353,7,3,Hammamet,Hammamet,villa,0,2,True,False,True,2003,2072203
168,7,1,Sousse,Sousse,house,0,5,True,True,False,2007,505210
456,6,2,Sfax,Sfax,apartment,6,3,True,False,False,2004,718583
241,7,4,Bizerte,Bizerte,house,0,8,False,True,False,1995,414934
190,4,3,Monastir,Monastir,house,0,9,False,True,False,2023,219098
462,5,3,Centre Ville,Tunis,villa,0,6,True,True,False,2013,1568973
481,4,3,Bizerte,Bizerte,apartment,0,9,True,False,False,2002,668282
407,5,2,Hammamet,Hammamet,house,0,3,False,False,False,1990,1349839
363,5,1,Monastir,Monastir,house,0,9,False,True,False,2002,380804
54,4,4,Tataouine,Tataouine,house,0,3,False,False,False,2010,139669
177,4,2,Gabès,Gabès,apartment,4,6,True,False,False,1999,217518
409,7,1,Kairouan,Kairouan,apartment,8,4,False,False,False,2012,645565
211,6,4,Sfax,Sfax,apartment,2,7,False,False,False,2012,221634
201,1,1,Bizerte,Bizerte,villa,0,1,False,True,False,1995,439369
170,5,4,Gabès,Gabès,apartment,6,2,False,False,False,2018,284376
152,7,3,Bizerte,Bizerte,apartment,0,8,False,False,False,2008,213286
185,7,4,Tataouine,Tataouine,villa,0,2,False,False,True,2019,442250
418,7,1,Sfax,Sfax,house,0,1,False,True,False,2002,999421
187,3,2,Bizerte,Bizerte,villa,0,8,True,False,False,2009,429770
66,4,1,Nabeul,Nabeul,apartment,6,4,False,False,False,1999,158162
461,1,3,Tataouine,Tataouine,house,0,7,True,True,False,2018,1024443
451,4,2,Monastir,Monastir,apartment,9,5,False,False,False,1999,421775
70,6,3,Sousse,Sousse,villa,0,8,False,False,True,2020,445994
410,5,1,Tataouine,Tataouine,house,0,2,False,False,False,1991,766667
418,2,4,Sousse,Sousse,house,0,2,True,True,False,2009,1638859
117,5,4,Sousse,Sousse,house,0,5,False,True,False,2014,390903
342,2,1,Carthage,Tunis,house,0,6,True,True,False,2007,2346754
324,6,4,Sousse,Sousse,house,0,1,True,False,False,2018,989777
428,3,4,Gafsa,Gafsa,apartment,0,5,True,False,False,1996,664033
77,6,3,Nabeul,Nabeul,house,0,1,True,True,False,2009,111268
470,2,3,Monastir,Monastir,house,0,3,True,True,False,1997,741837
242,1,3,Gafsa,Gafsa,villa,0,9,True,False,False,2015,368831
489,2,1,Bizerte,Bizerte,apartment,7,3,True,False,False,2002,987467
474,5,1,Gabès,Gabès,villa,0,9,False,True,True,1993,1502157
496,4,2,Gafsa,Gafsa,apartment,8,6,True,False,False,2016,436222
189,6,4,Sfax,Sfax,house,0,3,False,True,False,2022,299459
400,7,3,Tataouine,Tataouine,house,0,4,True,True,False,2003,1175734
255,3,1,Gafsa,Gafsa,villa,0,5,False,True,True,1992,1157836
135,3,3,Hammamet,Hammamet,house,0,6,False,True,False,1994,306022
466,5,4,Tataouine,Tataouine,apartment,2,3,False,False,False,2021,850729
161,6,4,Centre Ville,Tunis,house,0,3,True,True,False,2008,593596
217,6,1,Nabeul,Nabeul,villa,0,3,True,True,True,1993,945884
254,4,2,Gabès,Gabès,villa,0,3,True,True,True,2001,444842
119,4,3,Gabès,Gabès,villa,0,9,True,True,False,2014,229786
308,3,4,Bizerte,Bizerte,apartment,6,3,False,False,False,2013,349395
473,6,4,Tataouine,Tataouine,apartment,4,2,True,False,False,2002,453342
84,7,2,Hammamet,Hammamet,villa,0,5,True,True,False,2007,200761
493,5,2,Lac 1,Tunis,house,0,5,True,False,False,2010,3161495
396,4,4,Sfax,Sfax,house,0,7,False,True,False,2020,412251
173,5,3,Tataouine,Tataouine,apartment,2,4,True,False,False,2008,343245
266,6,4,Tataouine,Tataouine,house,0,7,False,False,False,2018,508464
492,3,2,Hammamet,Hammamet,house,0,8,False,False,False,2005,1313994
177,3,3,Nabeul,Nabeul,villa,0,5,True,False,False,1994,860277
63,2,2,Nabeul,Nabeul,villa,0,8,True,True,True,1994,243145
432,7,2,Nabeul,Nabeul,apartment,4,8,True,False,False,1993,1297114
297,1,3,Gafsa,Gafsa,villa,0,4,True,False,True,1995,1267977
87,5,4,Bizerte,Bizerte,apartment,8,9,True,False,False,2018,166987
53,4,4,Hammamet,Hammamet,villa,0,4,True,False,False,2002,240047
304,2,1,Gabès,Gabès,villa,0,5,True,False,False,2005,756580
490,5,1,Sousse,Sousse,villa,0,6,True,False,False,1992,1225785
466,4,1,Sousse,Sousse,house,0,5,True,False,False,2016,1363268
121,5,2,Bizerte,Bizerte,villa,0,2,True,True,True,2001,549666
66,7,3,Gafsa,Gafsa,villa,0,4,True,False,False,2021,119151
50,1,2,Hammamet,Hammamet,apartment,3,8,False,False,False,2006,109860
492,5,3,Monastir,Monastir,apartment,3,2,True,False,False,2016,442622
371,5,2,Nabeul,Nabeul,apartment,2,6,True,False,False,2006,829741
119,3,3,Gafsa,Gafsa,apartment,1,6,False,False,False,2004,232859
352,1,3,Ariana,Tunis,apartment,8,5,False,False,False,1994,538560
401,4,1,Ariana,Tunis,apartment,5,2,False,False,False,1995,854731
476,4,4,Monastir,Monastir,house,0,9,False,True,False,1998,709540
180,2,4,Sfax,Sfax,villa,0,4,False,True,False,2021,556554
106,5,2,Lac 2,Tunis,villa,0,3,True,False,False,2000,407491
153,7,3,Sfax,Sfax,apartment,0,5,False,False,False,1998,214812
236,4,2,Gabès,Gabès,villa,0,8,False,True,True,2016,842674
260,1,2,Gabès,Gabès,villa,0,5,True,True,False,2013,1020107
301,4,3,Nabeul,Nabeul,house,0,2,True,False,False,1991,842601
102,2,4,Nabeul,Nabeul,villa,0,7,True,True,True,2002,670552
57,7,2,Sfax,Sfax,house,0,3,True,True,False,2016,139196
286,4,3,Gabès,Gabès,villa,0,1,True,False,True,2016,1389663
216,1,3,Bizerte,Bizerte,apartment,9,7,False,False,False,1996,373075
116,5,2,Kairouan,Kairouan,house,0,2,False,True,False,1996,270185
230,6,1,Gabès,Gabès,villa,0,7,True,True,True,2016,520669
263,7,1,Gafsa,Gafsa,villa,0,6,False,True,True,1993,1034939
200,3,2,Sfax,Sfax,villa,0,3,False,False,True,2016,587808
461,7,1,Bizerte,Bizerte,apartment,9,1,False,False,False,2011,423751
175,1,1,Gabès,Gabès,apartment,3,5,True,False,False,2012,301791
394,6,1,Bizerte,Bizerte,villa,0,4,True,True,False,1996,1549131
97,5,1,Tataouine,Tataouine,apartment,2,2,True,False,False,2005,114479
407,6,1,Tataouine,Tataouine,villa,0,7,False,True,False,1994,1376408
432,1,1,Monastir,Monastir,apartment,8,5,False,False,False,2010,860889
363,4,2,Tataouine,Tataouine,house,0,5,False,True,False,2007,516183
476,1,1,Kairouan,Kairouan,house,0,6,False,True,False,2006,635482
478,6,1,Tataouine,Tataouine,villa,0,4,False,False,False,1995,1190105
240,6,4,Nabeul,Nabeul,villa,0,7,True,True,True,2009,632042
352,4,1,Sfax,Sfax,apartment,9,2,True,False,False,2003,592247
426,4,4,Nabeul,Nabeul,house,0,8,True,True,False,2011,1514409
65,3,4,Hammamet,Hammamet,house,0,9,False,True,False,2020,205679
268,1,1,Gafsa,Gafsa,villa,0,2,False,False,True,2015,1117778
85,1,4,Hammamet,Hammamet,house,0,4,True,True,False,2015,299414
58,6,3,Bizerte,Bizerte,apartment,3,5,False,False,False,2012,37816
71,5,4,Sfax,Sfax,villa,0,1,False,True,True,2005,323401
257,7,3,Hammamet,Hammamet,house,0,1,False,False,False,1998,866388
350,2,3,Lac 2,Tunis,apartment,2,8,True,False,False,2017,1535415
378,5,4,Sousse,Sousse,villa,0,3,False,True,True,2012,2556970
287,7,4,Monastir,Monastir,villa,0,5,False,False,False,2009,736878
288,5,1,Bizerte,Bizerte,villa,0,6,True,True,True,2017,1132072
303,5,1,Sousse,Sousse,house,0,7,False,False,False,1991,670260
344,6,1,Sfax,Sfax,apartment,7,5,True,False,False,2007,394430
289,6,4,Gabès,Gabès,house,0,1,True,False,False,2004,739107
127,2,1,Soukra,Tunis,house,0,6,False,False,False,1992,413080
349,7,3,Nabeul,Nabeul,house,0,2,True,False,False,2006,576235
494,3,4,Sfax,Sfax,house,0,2,False,True,False,2006,1313941
495,4,2,Hammamet,Hammamet,house,0,7,True,True,False,2016,1673187
267,4,1,Nabeul,Nabeul,villa,0,2,True,True,True,2023,1543114
107,6,4,Gafsa,Gafsa,villa,0,3,False,False,False,2000,268561
338,3,3,Nabeul,Nabeul,apartment,8,9,False,False,False,1992,413712
213,7,3,Sousse,Sousse,house,0,2,True,True,False,1994,782150
424,6,2,Tataouine,Tataouine,villa,0,8,False,False,False,2008,1141747
114,3,3,Nabeul,Nabeul,apartment,1,2,False,False,False,2019,301644
115,5,1,Sfax,Sfax,villa,0,1,False,False,False,2009,317455
155,5,2,Bizerte,Bizerte,villa,0,5,False,False,True,2004,590475
57,1,3,Monastir,Monastir,house,0,5,False,False,False,2019,143813
285,2,1,Hammamet,Hammamet,apartment,9,4,False,False,False,1990,716148
163,1,3,Sousse,Sousse,villa,0,7,True,True,True,1991,456751
221,6,2,Nabeul,Nabeul,villa,0,2,False,True,True,2006,1439655
59,3,2,Tataouine,Tataouine,house,0,5,False,False,False,2005,120081
372,1,3,Sfax,Sfax,apartment,4,2,True,False,False,2013,258108
117,6,4,Nabeul,Nabeul,house,0,8,False,True,False,1999,276463
217,6,4,Gabès,Gabès,apartment,1,1,False,False,False,2012,380010
335,2,1,Nabeul,Nabeul,apartment,9,8,True,False,False,2002,801567
58,4,3,Hammamet,Hammamet,apartment,7,6,False,False,False,2023,131126
474,5,3,Sousse,Sousse,villa,0,2,False,False,False,1993,2442882
101,2,3,Monastir,Monastir,house,0,8,False,True,False,2013,184292
424,3,3,Gabès,Gabès,house,0,1,True,True,False,2023,839340
406,6,2,Bizerte,Bizerte,house,0,6,True,False,False,2015,634880
329,7,4,Monastir,Monastir,apartment,4,3,True,False,False,2002,469259
465,3,3,Gabès,Gabès,villa,0,6,True,False,False,2006,828228
373,5,4,Nabeul,Nabeul,villa,0,3,False,True,True,1991,2043865
115,3,1,Gafsa,Gafsa,house,0,7,False,False,False,1999,287279
308,6,1,Gafsa,Gafsa,apartment,9,3,False,False,False,2013,281635
66,2,2,Monastir,Monastir,villa,0,7,True,False,False,1995,201280
198,7,4,Gabès,Gabès,apartment,2,1,False,False,False,2018,249321
270,5,1,Lac 2,Tunis,house,0,7,True,True,False,2022,1795944
125,6,4,Kairouan,Kairouan,apartment,9,5,False,False,False,2013,199800
283,5,4,Sfax,Sfax,apartment,6,3,False,False,False,1991,530002
70,1,2,Gabès,Gabès,house,0,4,True,False,False,1992,157160
265,6,1,Tataouine,Tataouine,apartment,9,1,True,False,False,2011,312530
388,6,1,Sfax,Sfax,house,0,3,True,False,False,2002,553346
331,6,1,Bizerte,Bizerte,house,0,4,False,True,False,1991,537324
463,3,3,Sfax,Sfax,house,0,4,True,False,False,2020,1122423
386,4,1,Tataouine,Tataouine,apartment,3,3,False,False,False,2015,548737
273,6,3,Bizerte,Bizerte,villa,0,3,True,False,False,1990,1000981
457,1,3,Sfax,Sfax,house,0,3,True,False,False,2002,1124845
355,6,1,Tataouine,Tataouine,house,0,3,True,True,False,1993,1065638
356,3,1,Sfax,Sfax,house,0,8,False,True,False,2022,901682
422,4,4,Hammamet,Hammamet,apartment,7,6,False,False,False,2005,427908
381,1,2,Sousse,Sousse,house,0,8,True,False,False,2007,1510892
186,1,2,Lac 1,Tunis,villa,0,8,False,True,False,2002,719619
406,6,1,Tataouine,Tataouine,villa,0,3,True,False,True,1996,1738915
330,3,4,Nabeul,Nabeul,apartment,9,2,True,False,False,1994,1016631
246,2,4,Hammamet,Hammamet,house,0,8,False,False,False,2015,603654
193,4,4,Gafsa,Gafsa,house,0,3,True,False,False,1995,226351
67,7,3,Nabeul,Nabeul,villa,0,5,True,False,True,1998,208210
436,6,3,Tataouine,Tataouine,villa,0,8,True,True,True,1993,1910856
221,7,1,Kairouan,Kairouan,house,0,5,False,False,False,2005,487490
369,6,2,La Marsa,Tunis,villa,0,9,True,True,False,1996,1735295
214,2,4,Nabeul,Nabeul,villa,0,2,False,True,True,1992,657698
407,4,3,Gafsa,Gafsa,villa,0,1,False,True,False,2006,1350621
58,1,1,Hammamet,Hammamet,apartment,8,7,True,False,False,1998,180873
168,1,3,Sfax,Sfax,villa,0,2,False,False,True,2000,657296
57,7,4,Gafsa,Gafsa,villa,0,6,False,True,True,2009,203527
404,2,1,Tataouine,Tataouine,house,0,2,False,False,False,2008,473100
464,2,4,Kairouan,Kairouan,apartment,6,5,False,False,False,2006,455462
442,2,4,Hammamet,Hammamet,house,0,9,True,False,False,2017,614672
453,1,4,Gabès,Gabès,house,0,5,True,True,False,2016,961501
337,1,1,Tataouine,Tataouine,villa,0,9,False,True,True,1998,1501014
350,2,4,Tataouine,Tataouine,apartment,8,4,False,False,False,1990,509320
298,5,3,Bizerte,Bizerte,house,0,3,True,True,False,1990,724506
271,4,2,Gafsa,Gafsa,apartment,8,4,False,False,False,2014,439020
184,2,1,Gabès,Gabès,apartment,3,2,True,False,False,2003,235085
121,3,4,Gafsa,Gafsa,house,0,5,False,False,False,2012,238340
253,1,3,Hammamet,Hammamet,villa,0,4,True,True,False,2004,888076
398,2,1,Nabeul,Nabeul,apartment,5,3,False,False,False,2018,926066
484,2,2,Nabeul,Nabeul,apartment,8,1,True,False,False,1991,1145889
128,7,4,Tataouine,Tataouine,house,0,1,False,True,False,1994,207494
327,5,4,Bizerte,Bizerte,apartment,0,7,True,False,False,2011,307366
81,3,3,Sousse,Sousse,apartment,9,4,True,False,False,2001,113796
370,5,1,Tataouine,Tataouine,house,0,9,False,True,False,2017,801692
391,2,1,Nabeul,Nabeul,villa,0,7,False,True,False,2004,2085640
198,6,2,Gabès,Gabès,apartment,7,7,False,False,False,1995,264211
466,1,2,Monastir,Monastir,villa,0,4,True,False,True,2015,1081760
152,1,1,Nabeul,Nabeul,villa,0,5,False,True,False,1997,778643
446,3,4,Kairouan,Kairouan,house,0,2,True,False,False,2008,844026
337,6,2,Monastir,Monastir,house,0,7,True,True,False,2014,619755
491,3,1,Sfax,Sfax,apartment,7,2,True,False,False,2019,521324
153,2,2,Kairouan,Kairouan,house,0,6,False,True,False,1994,260797
129,5,2,Gafsa,Gafsa,villa,0,4,False,True,False,2012,225382
110,4,2,Nabeul,Nabeul,house,0,8,True,True,False,2007,239819
333,2,4,Sousse,Sousse,house,0,4,True,False,False,2005,1036362
491,5,1,Hammamet,Hammamet,villa,0,9,True,True,False,2002,1602230
213,1,3,Sousse,Sousse,apartment,2,5,False,False,False,2021,459313
299,1,2,Bizerte,Bizerte,house,0,4,True,False,False,2005,531881
133,7,1,Tataouine,Tataouine,house,0,6,True,False,False,1997,258229
207,1,2,Bizerte,Bizerte,apartment,1,6,False,False,False,2006,258832
64,2,4,Carthage,Tunis,apartment,4,1,False,False,False,2022,265728
490,2,3,Sfax,Sfax,house,0,3,True,True,False,2005,1466172
403,7,1,Monastir,Monastir,villa,0,9,False,True,True,2020,1861370
157,1,1,Ariana,Tunis,house,0,7,True,True,False,2007,698012
493,7,3,Bizerte,Bizerte,apartment,9,9,False,False,False,2005,734372
289,5,2,Nabeul,Nabeul,villa,0,1,False,False,False,2001,1312776
165,5,4,Monastir,Monastir,house,0,4,True,True,False,2004,220197
102,4,2,Sousse,Sousse,house,0,2,True,False,False,2017,197985
298,7,2,Gafsa,Gafsa,house,0,3,False,True,False,2015,562845
411,4,4,Monastir,Monastir,villa,0,4,False,True,False,2000,651675
494,7,1,Gabès,Gabès,apartment,8,4,False,False,False,2008,510598
387,1,3,Bizerte,Bizerte,villa,0,6,True,True,True,1999,1580631
329,6,4,Monastir,Monastir,villa,0,5,False,False,True,1991,687331
479,5,2,Gabès,Gabès,villa,0,2,False,False,True,2004,1841797
154,5,3,Sousse,Sousse,villa,0,4,True,True,True,2023,416548
211,5,2,Kairouan,Kairouan,house,0,7,False,True,False,2008,384041
389,7,4,Hammamet,Hammamet,apartment,5,7,False,False,False,2006,441592
423,3,4,Sfax,Sfax,apartment,6,9,True,False,False,2019,881193
91,7,1,Lac 2,Tunis,house,0,6,False,True,False,2006,211591
457,1,2,Kairouan,Kairouan,villa,0,9,False,False,True,2021,1152363
419,5,4,Nabeul,Nabeul,apartment,2,9,True,False,False,2006,1006253
93,4,4,Sousse,Sousse,villa,0,9,False,True,False,2000,407685
181,1,4,Sfax,Sfax,house,0,2,True,False,False,2000,315847
444,6,4,Sousse,Sousse,apartment,5,5,True,False,False,2010,1081397
143,2,2,Gabès,Gabès,apartment,7,7,False,False,False,1997,259344
377,7,2,Sousse,Sousse,villa,0,9,False,True,False,2002,2169511
253,3,3,Gabès,Gabès,apartment,5,9,False,False,False,2016,330114
307,5,4,Tataouine,Tataouine,house,0,1,False,False,False,2015,652289
132,3,1,Gabès,Gabès,villa,0,1,True,False,True,2009,547199
286,6,1,Sousse,Sousse,apartment,0,1,True,False,False,1992,535134
395,7,4,Sfax,Sfax,apartment,7,3,False,False,False,2017,349496
53,1,4,Sfax,Sfax,house,0,4,False,True,False,1994,65179
201,4,2,Gabès,Gabès,apartment,9,6,False,False,False,2023,355689
394,2,4,Kairouan,Kairouan,house,0,7,True,False,False,1997,878566
256,5,1,Gafsa,Gafsa,house,0,6,False,False,False,2009,284344
69,2,3,Tataouine,Tataouine,apartment,6,3,True,False,False,1995,47121
181,6,3,Bizerte,Bizerte,villa,0,7,False,True,True,2023,594108
312,3,3,Gabès,Gabès,apartment,0,2,False,False,False,2005,301516
365,7,4,Kairouan,Kairouan,apartment,5,6,True,False,False,2003,583766
323,4,3,Sousse,Sousse,apartment,0,8,False,False,False,2021,754657
413,1,3,Gabès,Gabès,villa,0,4,True,False,False,2022,1257654
123,7,1,Soukra,Tunis,house,0,1,False,True,False,2006,401293
165,7,2,Nabeul,Nabeul,apartment,7,7,True,False,False,2009,450103
485,7,1,Kairouan,Kairouan,house,0,3,True,True,False,1992,790563
130,5,3,Bizerte,Bizerte,apartment,6,9,True,False,False,2003,234234
344,1,2,Monastir,Monastir,apartment,5,5,False,False,False,2017,509120
51,1,4,Sfax,Sfax,apartment,6,6,True,False,False,2002,94462
233,2,2,Kairouan,Kairouan,apartment,7,6,False,False,False,2017,448478
259,1,3,Gafsa,Gafsa,villa,0,4,True,True,True,1993,694399
463,4,2,Tataouine,Tataouine,villa,0,8,True,True,True,2020,2344529
382,6,4,Kairouan,Kairouan,apartment,6,5,False,False,False,2002,507296
325,6,4,Hammamet,Hammamet,villa,0,2,False,True,True,2016,1950499
330,4,4,Gafsa,Gafsa,apartment,4,2,True,False,False,2004,236174
343,4,4,Sfax,Sfax,house,0,8,True,True,False,2017,522430
449,4,2,Monastir,Monastir,villa,0,3,False,True,True,2006,924580
298,3,4,Tataouine,Tataouine,house,0,7,True,False,False,2007,805404
132,6,3,Nabeul,Nabeul,villa,0,8,True,True,False,2004,727124
371,6,1,Nabeul,Nabeul,villa,0,2,False,True,True,1998,2612754
247,6,3,Kairouan,Kairouan,apartment,2,5,True,False,False,2004,308937
427,3,4,Sfax,Sfax,house,0,6,False,False,False,1991,633258
88,2,4,Kairouan,Kairouan,villa,0,1,True,False,False,1996,156074
281,7,4,Hammamet,Hammamet,apartment,2,3,True,False,False,2020,631643
410,5,2,Gafsa,Gafsa,house,0,5,True,False,False,1990,918273
291,4,4,Sfax,Sfax,house,0,5,False,True,False,2010,658484
324,7,3,Sousse,Sousse,house,0,2,True,False,False,1994,825257
218,3,4,Hammamet,Hammamet,apartment,6,8,True,False,False,2010,620502
456,1,2,Bizerte,Bizerte,house,0,8,True,False,False,1996,508408
126,6,3,Gafsa,Gafsa,apartment,5,5,False,False,False,2009,96768
78,2,3,Gabès,Gabès,apartment,6,3,True,False,False,2018,103194
391,5,1,Gafsa,Gafsa,house,0,2,False,True,False,1990,863744
325,4,1,Bizerte,Bizerte,house,0,5,True,True,False,1997,622281
224,3,3,Tataouine,Tataouine,villa,0,6,False,False,True,2008,655828
195,1,1,Sousse,Sousse,house,0,7,True,True,False,2018,566026
156,4,3,Nabeul,Nabeul,villa,0,6,True,False,True,2014,911621
314,4,2,Sousse,Sousse,apartment,4,9,True,False,False,1991,918280
134,1,4,Tataouine,Tataouine,villa,0,5,False,True,True,2023,646786
435,7,4,Lac 2,Tunis,house,0,6,True,False,False,2000,1850202
284,1,4,Bizerte,Bizerte,villa,0,7,False,False,False,2005,732856
94,1,3,Hammamet,Hammamet,house,0,6,True,False,False,2009,177683
285,7,1,Bizerte,Bizerte,villa,0,9,False,True,False,2015,539470
495,6,4,Nabeul,Nabeul,apartment,9,3,True,False,False,1994,774011
182,1,3,Nabeul,Nabeul,villa,0,4,True,True,True,2010,1378869
397,2,2,Bizerte,Bizerte,apartment,6,1,False,False,False,2015,708883
126,1,1,Gabès,Gabès,villa,0,8,True,True,False,1994,329642
72,4,2,Hammamet,Hammamet,villa,0,6,True,True,True,2012,248925
464,6,3,Kairouan,Kairouan,house,0,6,False,False,False,1991,658211
148,7,4,Sousse,Sousse,villa,0,1,False,True,False,2017,358329
455,6,3,Gafsa,Gafsa,house,0,8,True,False,False,1992,1047877
299,2,1,Hammamet,Hammamet,villa,0,9,True,False,True,2007,1877747
477,7,3,Gafsa,Gafsa,house,0,2,True,True,False,1998,1329295
262,1,1,Monastir,Monastir,villa,0,8,False,True,False,2013,801380
294,7,1,Bizerte,Bizerte,house,0,7,True,True,False,2002,482053
358,1,2,Hammamet,Hammamet,house,0,1,False,False,False,2015,639459
242,1,3,Kairouan,Kairouan,villa,0,4,False,True,True,2010,981204
365,2,1,Bizerte,Bizerte,apartment,7,2,True,False,False,2008,279006
157,7,1,Sfax,Sfax,apartment,1,6,False,False,False,2001,175212
392,6,2,Tataouine,Tataouine,house,0,6,False,False,False,2019,446817
143,1,2,Kairouan,Kairouan,apartment,3,1,True,False,False,2023,97897
393,6,2,Sousse,Sousse,house,0,8,False,True,False,2003,732385
115,4,1,Gafsa,Gafsa,villa,0,7,False,True,False,2009,401116
217,1,4,Kairouan,Kairouan,villa,0,9,True,True,False,1992,590455
151,6,2,Gabès,Gabès,apartment,7,6,False,False,False,1993,190139
463,3,3,Tataouine,Tataouine,apartment,2,8,False,False,False,2022,924518
127,6,2,Kairouan,Kairouan,house,0,9,False,True,False,2017,183208
149,6,4,Gafsa,Gafsa,villa,0,5,True,False,True,2017,412367
55,1,3,Sfax,Sfax,villa,0,3,False,False,False,2003,78645
206,4,2,Monastir,Monastir,villa,0,3,True,True,True,2001,698840
194,3,4,Tataouine,Tataouine,villa,0,6,True,True,True,2010,341439
468,6,1,Tataouine,Tataouine,apartment,4,5,True,False,False,2021,316068
280,1,1,Soukra,Tunis,apartment,1,5,False,False,False,1997,972300
275,2,3,Bizerte,Bizerte,villa,0,9,True,False,False,2013,748024
201,1,2,Gabès,Gabès,villa,0,9,False,False,False,2023,475260
400,2,3,Bizerte,Bizerte,villa,0,6,False,True,True,2007,691067
352,1,3,Monastir,Monastir,apartment,6,4,False,False,False,2002,399872
242,4,4,Bizerte,Bizerte,apartment,7,4,True,False,False,1991,480350
203,7,3,Tataouine,Tataouine,apartment,3,6,True,False,False,1999,370539
358,1,2,Kairouan,Kairouan,house,0,6,False,True,False,2018,532008
236,3,3,Gabès,Gabès,villa,0,2,False,False,False,1993,447229
117,4,3,Gafsa,Gafsa,apartment,8,2,True,False,False,2011,216117
457,3,3,Sousse,Sousse,house,0,4,True,True,False,2005,1179964
279,3,4,Gafsa,Gafsa,apartment,5,2,True,False,False,1997,413879
460,1,4,Carthage,Tunis,villa,0,9,True,False,True,2004,3019947
391,2,4,Gafsa,Gafsa,house,0,7,False,True,False,2014,934418
271,2,2,Sfax,Sfax,apartment,5,6,True,False,False,1998,225363
470,6,1,Nabeul,Nabeul,house,0,9,True,True,False,1997,1685223
217,6,3,Gabès,Gabès,apartment,6,8,False,False,False,2022,288696
376,3,2,Gabès,Gabès,villa,0,2,False,False,True,2008,921368
356,6,3,Monastir,Monastir,villa,0,1,False,True,True,2017,1162657
332,4,1,Monastir,Monastir,apartment,2,1,True,False,False,1996,694968
220,5,2,Gafsa,Gafsa,house,0,1,True,False,False,1997,355795
253,2,1,Gafsa,Gafsa,house,0,2,True,False,False,2009,684888
406,3,2,Hammamet,Hammamet,house,0,2,False,False,False,2011,1463694
328,3,2,Gafsa,Gafsa,villa,0,1,False,True,False,1993,807383
359,1,1,Gabès,Gabès,apartment,6,9,True,False,False,2013,691175
282,6,3,Kairouan,Kairouan,apartment,4,8,False,False,False,2014,532641
226,7,1,Ariana,Tunis,apartment,8,7,False,False,False,2022,813600
118,1,4,Sfax,Sfax,villa,0,6,False,True,True,2017,360590
331,4,4,Monastir,Monastir,villa,0,6,True,True,True,2016,965445
245,3,1,Sousse,Sousse,apartment,1,3,True,False,False,1992,621413
61,3,1,Hammamet,Hammamet,villa,0,5,True,False,True,2010,246577
343,7,2,Hammamet,Hammamet,villa,0,4,False,False,False,2018,1433602
279,4,1,Nabeul,Nabeul,house,0,1,True,False,False,2007,566682
424,5,4,Monastir,Monastir,apartment,5,4,True,False,False,2009,538513
434,2,3,Gafsa,Gafsa,villa,0,5,False,False,False,2012,711204
360,7,2,Lac 2,Tunis,house,0,4,True,True,False,2008,2618375
268,3,3,Nabeul,Nabeul,house,0,4,False,True,False,2001,1069699
76,6,2,Nabeul,Nabeul,villa,0,1,False,False,False,2017,335871
401,2,4,Lac 2,Tunis,house,0,8,False,True,False,2020,2304041
464,6,2,Carthage,Tunis,house,0,9,False,False,False,1998,2184790
442,7,3,Nabeul,Nabeul,house,0,6,True,False,False,2005,972326
499,2,2,Hammamet,Hammamet,villa,0,6,True,True,False,2023,1163986
326,6,3,Gafsa,Gafsa,villa,0,8,True,False,True,2017,541463
285,6,4,Sousse,Sousse,villa,0,1,False,False,True,1996,1055569
435,1,4,Lac 2,Tunis,villa,0,5,False,False,True,2006,4830953
404,4,3,Bizerte,Bizerte,villa,0,7,True,False,True,2019,842542
117,3,1,Sfax,Sfax,apartment,2,9,False,False,False,1998,171849
492,6,4,Gabès,Gabès,villa,0,4,False,False,False,1991,969909
85,5,2,Bizerte,Bizerte,villa,0,2,False,False,True,1998,239316
382,2,3,Nabeul,Nabeul,villa,0,2,True,False,True,2020,2429404
359,7,2,Bizerte,Bizerte,apartment,6,3,False,False,False,2016,699619
86,3,4,Sousse,Sousse,apartment,3,9,False,False,False,2013,191023
85,4,4,Sfax,Sfax,house,0,2,True,False,False,2014,208102
245,6,3,Tataouine,Tataouine,house,0,8,True,False,False,2013,543373
261,7,3,Tataouine,Tataouine,house,0,1,False,True,False,2011,410553
61,2,4,Hammamet,Hammamet,apartment,4,5,False,False,False,1991,76347
397,1,1,Gabès,Gabès,apartment,5,9,True,False,False,1990,539237
270,1,4,Nabeul,Nabeul,apartment,8,6,True,False,False,2007,540577
90,4,3,Sfax,Sfax,house,0,9,True,True,False,1994,196540
467,7,3,Kairouan,Kairouan,villa,0,9,True,True,False,1996,1214004
406,7,4,Hammamet,Hammamet,villa,0,4,False,True,False,2004,996489
73,2,1,Monastir,Monastir,apartment,9,1,True,False,False,2003,96211
161,5,3,Nabeul,Nabeul,house,0,9,False,False,False,1996,508599
297,6,1,Monastir,Monastir,house,0,6,True,False,False,2012,336972
122,3,4,Sfax,Sfax,villa,0,1,True,True,False,2009,202504
92,7,4,Monastir,Monastir,house,0,3,False,True,False,2009,115667
472,7,2,Nabeul,Nabeul,house,0,9,False,False,False,2002,1229654
391,1,1,Nabeul,Nabeul,house,0,6,False,True,False,2023,577693
313,1,1,Gabès,Gabès,house,0,2,False,True,False,2013,377765
365,6,4,Centre Ville,Tunis,house,0,2,True,False,False,1991,1621722
63,7,1,Gafsa,Gafsa,apartment,4,8,True,False,False,2001,81020
360,4,2,Gafsa,Gafsa,apartment,8,4,True,False,False,2015,252504
227,3,1,Bizerte,Bizerte,apartment,0,7,True,False,False,1994,473267
408,6,2,Hammamet,Hammamet,villa,0,3,True,True,False,2005,2352316
480,7,3,Bizerte,Bizerte,apartment,8,6,True,False,False,2014,900345
105,6,2,Sfax,Sfax,house,0,9,False,False,False,1993,193720
337,2,2,Nabeul,Nabeul,house,0,1,True,False,False,2009,1047155
59,3,4,Sfax,Sfax,villa,0,2,False,True,False,2017,160931
89,1,3,Tataouine,Tataouine,house,0,1,False,True,False,1993,140709
186,5,2,Monastir,Monastir,villa,0,7,True,True,False,2014,700380
484,5,4,Kairouan,Kairouan,villa,0,8,False,False,True,2000,1234943
66,5,1,Monastir,Monastir,house,0,4,True,True,False,2022,88079
270,3,2,Gabès,Gabès,house,0,7,True,True,False,2010,505945
305,6,2,Gafsa,Gafsa,villa,0,4,False,True,False,2018,610180
498,1,2,Sousse,Sousse,villa,0,5,True,True,True,2008,2203042
134,1,2,Gabès,Gabès,villa,0,8,False,False,True,2010,438482
410,5,1,Kairouan,Kairouan,villa,0,3,False,False,True,1996,1461358
242,5,1,Kairouan,Kairouan,house,0,6,False,False,False,2015,620391
108,1,4,Hammamet,Hammamet,house,0,6,False,True,False,1994,297266
336,4,3,La Marsa,Tunis,villa,0,6,False,True,True,2004,1629403
238,4,1,Hammamet,Hammamet,house,0,2,True,False,False,2018,961355
58,3,3,Hammamet,Hammamet,house,0,9,False,False,False,2011,145582
223,1,4,Tataouine,Tataouine,apartment,4,6,True,False,False,2018,403112
110,5,4,Ariana,Tunis,villa,0,1,False,False,False,1990,577665
367,6,3,Sousse,Sousse,villa,0,5,True,False,False,2011,1485755
486,6,4,Monastir,Monastir,house,0,7,True,True,False,2023,1381231
61,3,4,Gafsa,Gafsa,house,0,6,False,True,False,1992,69295
357,5,3,Tataouine,Tataouine,house,0,9,False,False,False,2011,643056
488,3,4,Monastir,Monastir,villa,0,3,True,False,False,2020,675876
241,4,2,Sousse,Sousse,villa,0,2,False,False,True,1993,1592340
356,4,4,Sfax,Sfax,villa,0,9,False,False,True,2005,1317536
407,1,4,Tataouine,Tataouine,apartment,8,9,False,False,False,2008,634920
454,7,3,Sfax,Sfax,villa,0,5,True,True,True,2005,1174999
314,7,3,Hammamet,Hammamet,house,0,6,False,False,False,2010,1151124
485,2,4,Kairouan,Kairouan,house,0,1,True,False,False,2021,758945
290,3,1,Monastir,Monastir,house,0,6,False,False,False,2009,419525
312,7,2,Hammamet,Hammamet,apartment,1,2,False,False,False,2003,789984
99,5,1,Tataouine,Tataouine,house,0,5,True,True,False,2000,183491
310,5,3,Sfax,Sfax,apartment,4,1,True,False,False,2021,484083
128,3,4,Kairouan,Kairouan,villa,0,6,False,True,False,2023,225257
66,4,1,Monastir,Monastir,house,0,8,False,True,False,2006,96267
259,3,2,Bizerte,Bizerte,villa,0,8,True,False,True,2005,1083853
107,2,4,Sousse,Sousse,apartment,0,7,True,False,False,2001,241732
59,5,1,Tataouine,Tataouine,apartment,2,3,True,False,False,1995,84698
181,5,3,Monastir,Monastir,villa,0,2,True,True,False,2018,525915
343,4,4,Soukra,Tunis,villa,0,3,False,False,True,2008,2339235
373,1,2,Kairouan,Kairouan,villa,0,2,True,True,False,2019,648290
393,4,1,Kairouan,Kairouan,house,0,9,True,True,False,1999,618885
387,3,3,Sousse,Sousse,villa,0,9,False,True,True,2008,1049530
218,2,3,Kairouan,Kairouan,apartment,3,4,True,False,False,1993,422824
309,5,1,Bizerte,Bizerte,villa,0,7,True,False,True,2000,751924
380,5,2,Gabès,Gabès,villa,0,8,True,True,True,2014,1917662
164,4,4,Monastir,Monastir,house,0,2,False,False,False,1999,170218
301,2,4,Sousse,Sousse,apartment,1,2,True,False,False,2020,685322
382,4,1,Monastir,Monastir,house,0,2,True,True,False,2012,885137
146,6,3,Tataouine,Tataouine,apartment,2,4,True,False,False,2009,104734
244,3,4,Bizerte,Bizerte,house,0,7,False,True,False,1991,461132
439,4,4,Monastir,Monastir,house,0,4,False,True,False,2021,681004
347,5,2,Hammamet,Hammamet,villa,0,9,True,False,False,2000,1100220
419,3,1,Kairouan,Kairouan,apartment,1,3,False,False,False,2000,542018
468,2,3,Hammamet,Hammamet,villa,0,9,False,False,True,2009,1170902
458,3,3,Tataouine,Tataouine,house,0,1,False,True,False,1994,926871
91,6,2,Sfax,Sfax,house,0,4,True,False,False,1991,132065
382,3,1,Lac 2,Tunis,apartment,3,2,True,False,False,2000,1922873
337,2,2,Hammamet,Hammamet,villa,0,6,True,False,True,2017,1121786
296,1,2,Sousse,Sousse,house,0,3,False,True,False,2006,619173
145,2,4,Tataouine,Tataouine,villa,0,4,True,False,False,2017,248398
491,4,2,Kairouan,Kairouan,house,0,9,False,True,False,2010,916139
381,5,2,Kairouan,Kairouan,apartment,7,8,True,False,False,1993,511423
204,2,1,Ariana,Tunis,villa,0,9,False,True,False,1994,991825
310,3,3,Gafsa,Gafsa,villa,0,8,True,False,True,1998,963969
298,1,3,Hammamet,Hammamet,house,0,8,False,False,False,2004,686162
132,7,2,Sfax,Sfax,house,0,3,True,False,False,2017,311351
452,7,3,Sousse,Sousse,villa,0,7,True,False,True,1992,1147434
436,2,1,Gafsa,Gafsa,house,0,4,False,True,False,2018,487311
426,7,3,Gafsa,Gafsa,apartment,9,5,True,False,False,2018,778302
315,5,3,Kairouan,Kairouan,villa,0,7,False,False,False,2012,811944
181,4,1,Bizerte,Bizerte,house,0,3,True,True,False,2010,185239
179,4,1,Lac 2,Tunis,apartment,8,1,True,False,False,1995,928473
196,4,3,Nabeul,Nabeul,house,0,1,False,True,False,2008,822005
331,4,4,Monastir,Monastir,house,0,6,False,True,False,2002,773610
447,6,2,Lac 1,Tunis,villa,0,4,False,False,False,2016,3200698
236,2,4,Tataouine,Tataouine,house,0,8,True,False,False,2023,413885
90,1,4,Kairouan,Kairouan,apartment,4,1,True,False,False,2004,149914
313,1,2,Nabeul,Nabeul,villa,0,1,False,False,True,1994,1786811
432,2,2,Sousse,Sousse,apartment,3,1,False,False,False,2012,416793
83,1,3,Tataouine,Tataouine,apartment,6,1,True,False,False,2017,64421
327,7,1,Bizerte,Bizerte,house,0,2,False,False,False,2014,289748
198,7,2,Nabeul,Nabeul,villa,0,2,False,False,True,2016,1361048
337,5,4,Sfax,Sfax,villa,0,3,True,True,False,1991,1143977
275,6,3,Nabeul,Nabeul,apartment,3,2,False,False,False,2008,520080
248,6,1,Sousse,Sousse,villa,0,3,True,False,True,2002,1484342
223,1,1,Gafsa,Gafsa,villa,0,7,False,False,False,1992,575768
68,4,3,Monastir,Monastir,house,0,8,False,False,False,1996,146814
191,6,3,Kairouan,Kairouan,apartment,2,3,True,False,False,2013,372702
159,5,2,Bizerte,Bizerte,apartment,2,4,False,False,False,2003,217639
457,6,3,Sousse,Sousse,apartment,8,6,True,False,False,2004,845303
116,3,3,Nabeul,Nabeul,apartment,9,2,True,False,False,2022,315559
428,2,1,Kairouan,Kairouan,villa,0,4,True,True,True,1992,1632413
189,1,4,Kairouan,Kairouan,house,0,8,False,True,False,2021,259242
158,5,4,Lac 2,Tunis,house,0,4,False,True,False,2010,499779
70,4,3,Gafsa,Gafsa,house,0,5,False,False,False,1995,138028
498,4,2,Monastir,Monastir,villa,0,6,True,True,False,1990,1793212
339,3,3,Sfax,Sfax,house,0,6,True,False,False,1995,366486
197,5,2,Gafsa,Gafsa,villa,0,8,True,False,False,2021,240971
136,2,2,Tataouine,Tataouine,apartment,6,1,True,False,False,2019,105900
127,5,3,Kairouan,Kairouan,villa,0,1,False,True,True,2023,504207
221,3,2,Tataouine,Tataouine,house,0,7,False,False,False,2010,481514
325,3,4,Gafsa,Gafsa,apartment,1,3,False,False,False,2021,261560
444,7,1,Kairouan,Kairouan,house,0,2,True,True,False,1993,964265
213,7,3,Bizerte,Bizerte,apartment,2,8,True,False,False,2011,443184
496,1,1,Tataouine,Tataouine,apartment,2,1,True,False,False,2013,835779
381,2,2,Monastir,Monastir,apartment,9,4,False,False,False,2020,324916
167,5,1,Sfax,Sfax,villa,0,3,False,False,False,2020,425168
486,7,2,Bizerte,Bizerte,villa,0,8,False,False,True,2013,2015189
260,7,4,Gabès,Gabès,house,0,6,True,False,False,1998,697591
495,4,3,Kairouan,Kairouan,villa,0,4,False,False,True,1997,2046021
247,7,4,Hammamet,Hammamet,villa,0,5,True,False,False,2000,1167448
227,7,2,Centre Ville,Tunis,house,0,4,False,False,False,2017,922482
335,1,2,Tataouine,Tataouine,apartment,1,5,False,False,False,2020,375736
489,1,1,Bizerte,Bizerte,villa,0,6,False,False,False,2001,1521689
211,7,1,Gabès,Gabès,villa,0,7,False,False,False,2016,277102
322,5,2,Monastir,Monastir,apartment,7,3,True,False,False,2006,544205
355,2,2,Bizerte,Bizerte,apartment,6,6,True,False,False,2017,450580
104,6,2,Hammamet,Hammamet,apartment,7,3,True,False,False,2018,325765
160,2,3,Hammamet,Hammamet,house,0,1,True,False,False,1990,404127
78,3,1,Monastir,Monastir,house,0,3,True,False,False,2020,178017
263,2,4,Tataouine,Tataouine,villa,0,3,False,True,True,1995,1023566
111,5,1,Tataouine,Tataouine,house,0,3,True,True,False,2017,238133
254,5,2,Sfax,Sfax,villa,0,5,False,False,True,2010,849221
239,6,2,Gabès,Gabès,villa,0,6,True,True,True,2000,533292
294,1,4,Bizerte,Bizerte,villa,0,7,False,False,True,1996,1214111
207,5,1,Kairouan,Kairouan,apartment,8,9,False,False,False,1997,228528
79,3,4,Sousse,Sousse,villa,0,1,False,False,False,2008,220296
364,7,2,Bizerte,Bizerte,villa,0,4,True,True,False,2016,1150269
127,5,2,Monastir,Monastir,villa,0,7,True,False,True,2002,229910
193,4,3,Bizerte,Bizerte,house,0,7,False,False,False,2016,374944
302,7,3,Kairouan,Kairouan,apartment,2,7,False,False,False,2009,463630
343,5,4,Gabès,Gabès,villa,0,7,True,True,False,2009,940717
99,7,4,Sousse,Sousse,house,0,6,True,False,False,2011,221188
262,2,4,Bizerte,Bizerte,apartment,4,2,True,False,False,2012,471631
304,1,1,Sousse,Sousse,house,0,1,False,True,False,1996,1246255
114,2,4,Hammamet,Hammamet,villa,0,4,True,False,False,1991,600099
292,6,4,Gabès,Gabès,house,0,9,False,True,False,1997,596943
240,6,1,Sousse,Sousse,villa,0,7,False,True,False,2021,752146
272,5,4,Hammamet,Hammamet,villa,0,8,False,True,True,2016,1618975
410,2,3,Gabès,Gabès,house,0,1,True,False,False,2004,787091
102,3,1,Hammamet,Hammamet,apartment,7,2,True,False,False,2020,193165
406,1,1,Sfax,Sfax,house,0,2,True,True,False,2023,1007561
488,3,3,Sfax,Sfax,villa,0,1,True,True,False,2003,1231260
351,6,3,Gabès,Gabès,villa,0,1,False,False,False,2018,564071
402,1,4,Gabès,Gabès,house,0,2,False,True,False,2015,1136383
467,3,2,Kairouan,Kairouan,apartment,9,8,False,False,False,2001,495767
61,3,4,Sousse,Sousse,villa,0,3,True,True,False,1990,164661
244,4,2,Sousse,Sousse,apartment,8,5,True,False,False,1990,376614
354,4,4,Gabès,Gabès,villa,0,3,False,True,False,2016,703723
493,7,3,Kairouan,Kairouan,apartment,6,8,True,False,False,2019,884974
296,2,2,Hammamet,Hammamet,villa,0,4,False,False,False,2011,758280
384,3,3,Ariana,Tunis,apartment,5,1,False,False,False,2003,1308672
166,1,2,Nabeul,Nabeul,apartment,7,2,True,False,False,2005,335701
443,2,1,Sfax,Sfax,villa,0,4,True,False,True,2003,735792
212,5,4,Bizerte,Bizerte,apartment,3,2,True,False,False,1991,312352
322,2,2,Tataouine,Tataouine,villa,0,6,False,True,True,2008,568244
102,1,4,Hammamet,Hammamet,villa,0,4,False,True,False,2014,559106
303,7,3,Hammamet,Hammamet,apartment,1,3,True,False,False,2001,870840
144,5,1,Tataouine,Tataouine,apartment,5,7,True,False,False,2012,144910
459,3,3,Hammamet,Hammamet,house,0,4,False,False,False,1997,1684842
218,6,3,Kairouan,Kairouan,apartment,3,5,True,False,False,1994,188613
303,1,3,Tataouine,Tataouine,villa,0,9,True,True,True,2009,530003
495,2,4,Gafsa,Gafsa,villa,0,6,False,False,False,2013,625125
474,1,1,Bizerte,Bizerte,house,0,8,False,False,False,2016,523523
378,3,3,Gabès,Gabès,apartment,9,5,True,False,False,1992,685208
134,2,1,Gabès,Gabès,house,0,4,True,True,False,1995,256893
168,1,1,Gafsa,Gafsa,villa,0,4,False,False,False,1993,417070
278,6,4,Carthage,Tunis,apartment,3,9,True,False,False,2012,1202628
162,1,1,Sfax,Sfax,house,0,6,True,False,False,2004,197778
481,4,2,Sfax,Sfax,house,0,5,False,True,False,2016,1191321
438,2,3,Sfax,Sfax,house,0,3,False,True,False,2006,816246
393,3,1,La Marsa,Tunis,villa,0,7,True,True,True,2014,3311818
372,7,1,Gafsa,Gafsa,villa,0,2,True,False,True,2018,1199904
81,7,3,Monastir,Monastir,house,0,9,False,False,False,2003,202428
241,4,4,Kairouan,Kairouan,house,0,2,False,False,False,2002,384481
421,7,4,Monastir,Monastir,villa,0,9,False,True,True,2021,1255304
205,2,3,Tataouine,Tataouine,house,0,1,True,False,False,2012,253409
360,2,4,Gafsa,Gafsa,apartment,5,4,True,False,False,1992,617803
302,1,3,Sfax,Sfax,villa,0,4,True,True,False,2006,1208501
205,6,1,Gabès,Gabès,house,0,1,True,False,False,2004,358847
269,7,2,Sousse,Sousse,house,0,5,False,True,False,2000,394671
400,4,3,La Marsa,Tunis,house,0,2,False,False,False,2016,1061840
222,4,1,Kairouan,Kairouan,house,0,5,True,False,False,2018,230302
234,2,1,Hammamet,Hammamet,villa,0,9,True,True,False,2001,1380647
430,3,1,Tataouine,Tataouine,villa,0,2,True,False,False,2003,700222
369,5,1,Bizerte,Bizerte,villa,0,1,False,False,True,2004,1284137
352,6,2,Bizerte,Bizerte,house,0,6,True,True,False,2022,876510
300,7,3,Centre Ville,Tunis,apartment,6,2,True,False,False,1991,939802
296,3,1,Lac 2,Tunis,apartment,3,3,True,False,False,1996,1553378
334,7,1,Tataouine,Tataouine,house,0,1,True,True,False,2012,532393
80,2,2,Nabeul,Nabeul,apartment,0,2,False,False,False,2004,145920
221,2,4,Bizerte,Bizerte,apartment,5,8,True,False,False,2023,284957
228,6,2,Kairouan,Kairouan,house,0,4,False,True,False,2009,214664
265,7,2,Sousse,Sousse,apartment,8,4,False,False,False,1996,562542
235,7,4,Sfax,Sfax,villa,0,1,False,True,False,2014,374845
182,3,4,Ariana,Tunis,apartment,5,1,False,False,False,1998,649740
293,6,4,Tataouine,Tataouine,house,0,7,True,True,False,1998,466687
86,2,3,Centre Ville,Tunis,house,0,5,True,True,False,2009,168707
401,7,1,Gafsa,Gafsa,house,0,9,True,True,False,2008,491314
363,7,2,Sfax,Sfax,house,0,6,False,False,False,1993,414516
398,2,3,Sousse,Sousse,apartment,0,7,True,False,False,2004,937767
134,6,2,Nabeul,Nabeul,apartment,6,1,True,False,False,2008,141487
301,3,2,Nabeul,Nabeul,villa,0,3,False,False,True,2018,1474887
495,4,2,Sfax,Sfax,apartment,2,7,False,False,False,2020,343728
212,2,3,Sfax,Sfax,villa,0,4,True,False,True,2003,359201
341,3,4,Kairouan,Kairouan,apartment,7,5,True,False,False,2011,599805
418,5,4,Monastir,Monastir,apartment,3,2,True,False,False,2019,690301
375,7,1,Hammamet,Hammamet,villa,0,8,True,False,False,1998,770553
428,2,3,Gafsa,Gafsa,villa,0,4,True,False,False,2016,1226969
246,3,2,Sousse,Sousse,apartment,2,5,False,False,False,1995,358668
475,5,2,Kairouan,Kairouan,house,0,9,True,False,False,2021,864154
135,7,4,Gafsa,Gafsa,house,0,6,False,True,False,2019,271505
419,7,3,Bizerte,Bizerte,apartment,7,1,False,False,False,2014,408608
201,7,2,Kairouan,Kairouan,apartment,6,7,False,False,False,2007,174789
402,4,4,Hammamet,Hammamet,apartment,1,8,False,False,False,2005,751579
297,3,2,Kairouan,Kairouan,house,0,1,False,False,False,2001,719072
343,4,1,Hammamet,Hammamet,villa,0,1,False,True,False,1990,677238
441,6,4,Tataouine,Tataouine,villa,0,8,False,False,False,2013,554389
160,7,3,Tataouine,Tataouine,villa,0,4,True,True,False,2014,242960
428,1,2,Nabeul,Nabeul,house,0,3,True,False,False,2004,885443
435,5,4,Monastir,Monastir,villa,0,5,True,True,False,2018,739408
130,2,3,La Marsa,Tunis,villa,0,5,True,True,True,2004,1143296
285,7,1,Ariana,Tunis,villa,0,9,True,False,True,2015,1484169
100,4,4,Tataouine,Tataouine,apartment,0,3,False,False,False,1992,186560
319,1,1,Nabeul,Nabeul,apartment,8,1,True,False,False,2006,738363
295,7,3,Gabès,Gabès,house,0,1,True,False,False,1992,536363
89,1,1,Bizerte,Bizerte,villa,0,2,True,False,True,2023,312265
400,1,2,Bizerte,Bizerte,villa,0,4,False,True,False,2010,1132876
330,6,2,Bizerte,Bizerte,villa,0,9,True,False,False,1998,960996
239,4,2,Sousse,Sousse,apartment,8,5,False,False,False,2005,324370
201,2,4,Hammamet,Hammamet,apartment,8,7,True,False,False,2018,339874
68,4,3,Sousse,Sousse,villa,0,5,True,True,False,1996,421571
379,7,3,Sfax,Sfax,house,0,2,True,True,False,2002,595018
181,2,4,Kairouan,Kairouan,villa,0,7,True,True,True,2022,751785
339,4,3,Gafsa,Gafsa,villa,0,1,True,False,True,2017,1053481
211,3,1,Sfax,Sfax,apartment,0,9,False,False,False,1991,302658
166,5,1,Ariana,Tunis,villa,0,4,True,True,False,2001,1205655
238,4,3,Hammamet,Hammamet,house,0,4,True,False,False,1999,780857
323,5,3,Tataouine,Tataouine,villa,0,5,False,True,False,2016,1079543
155,1,2,Monastir,Monastir,house,0,2,False,False,False,2009,157976
262,5,2,Sfax,Sfax,house,0,5,True,True,False,2008,333282
382,2,4,Tataouine,Tataouine,house,0,9,True,False,False,2002,652830
496,3,4,Tataouine,Tataouine,villa,0,3,True,False,True,1990,1689566
388,4,1,Gabès,Gabès,apartment,7,1,True,False,False,2010,789052
64,2,3,Bizerte,Bizerte,apartment,6,1,True,False,False,1993,86661
337,4,1,Monastir,Monastir,apartment,0,1,True,False,False,1996,428016
242,2,2,Monastir,Monastir,villa,0,6,False,False,True,1991,1003901
414,7,2,Monastir,Monastir,apartment,2,8,True,False,False,2014,483734
468,1,2,Nabeul,Nabeul,house,0,1,True,True,False,1994,1388820
192,2,2,Sousse,Sousse,villa,0,2,True,True,True,2008,1060461
288,2,2,Bizerte,Bizerte,house,0,5,True,True,False,2015,527567
413,7,2,Lac 2,Tunis,apartment,8,1,True,False,False,2009,1581087
141,4,1,Monastir,Monastir,apartment,4,8,True,False,False,2022,203124
493,6,4,Kairouan,Kairouan,house,0,9,False,False,False,2006,1117216
63,3,3,Lac 2,Tunis,house,0,3,False,True,False,2022,311170
416,3,2,Kairouan,Kairouan,villa,0,2,True,True,False,2015,1170679
245,1,1,Sousse,Sousse,villa,0,8,False,False,False,2012,537138
142,4,2,Sousse,Sousse,apartment,2,8,True,False,False,1995,210767
328,7,2,Sousse,Sousse,villa,0,4,False,False,False,1997,1156947
254,1,1,Kairouan,Kairouan,apartment,3,4,True,False,False,2016,505876
161,7,3,Gabès,Gabès,villa,0,5,True,True,True,2002,335575
352,2,4,Hammamet,Hammamet,villa,0,7,False,False,True,2011,1508322
107,6,2,Nabeul,Nabeul,villa,0,2,True,False,True,1999,785226
376,7,1,Sousse,Sousse,house,0,1,False,True,False,2007,1432379
202,2,4,Nabeul,Nabeul,house,0,1,True,True,False,2004,521195
225,7,4,Tataouine,Tataouine,villa,0,3,False,False,True,2009,774165
404,6,2,La Marsa,Tunis,villa,0,9,False,True,False,1997,2044595
177,7,4,Tataouine,Tataouine,apartment,9,4,True,False,False,2004,359359
62,6,4,Hammamet,Hammamet,apartment,5,8,False,False,False,2014,78566
266,2,2,Hammamet,Hammamet,apartment,0,8,False,False,False,2013,664893
265,7,1,Nabeul,Nabeul,apartment,1,5,True,False,False,2019,809707
197,3,1,Monastir,Monastir,apartment,4,8,False,False,False,2014,331275
285,3,1,Sfax,Sfax,house,0,1,True,False,False,2004,607190
386,2,1,Gafsa,Gafsa,house,0,4,False,True,False,1993,1090712
95,3,1,Gabès,Gabès,villa,0,7,False,True,True,2022,413157
389,4,1,Soukra,Tunis,house,0,6,False,True,False,2023,1917462
390,7,3,Gafsa,Gafsa,villa,0,9,True,True,True,1998,1335695
198,4,1,Gabès,Gabès,apartment,2,4,False,False,False,1993,366537
312,2,3,Nabeul,Nabeul,villa,0,8,True,True,False,1999,1198701
318,5,4,Kairouan,Kairouan,villa,0,7,False,True,False,2008,1137381
324,4,4,Monastir,Monastir,villa,0,6,False,False,False,2019,467959
198,3,4,Tataouine,Tataouine,villa,0,5,True,True,True,2007,826675
236,3,1,Nabeul,Nabeul,apartment,6,2,False,False,False,2012,567532
74,6,4,Tataouine,Tataouine,apartment,9,1,False,False,False,2003,73348
224,7,4,Kairouan,Kairouan,house,0,2,True,True,False,2014,408984
209,7,1,Nabeul,Nabeul,villa,0,5,True,True,False,2015,972435
414,7,2,Gafsa,Gafsa,apartment,9,6,True,False,False,2001,378015
140,1,1,Tataouine,Tataouine,house,0,5,False,True,False,2009,144464
410,3,1,Lac 1,Tunis,house,0,8,True,True,False,2011,2818285
353,5,3,Bizerte,Bizerte,house,0,3,False,True,False,2023,530635
117,6,1,Kairouan,Kairouan,house,0,4,True,False,False,2018,277886
336,2,4,Gafsa,Gafsa,house,0,5,False,False,False,2016,846343
82,4,3,Gafsa,Gafsa,house,0,5,True,False,False,2013,109870
400,4,4,Sousse,Sousse,villa,0,8,True,True,True,1999,1764322
418,2,2,Tataouine,Tataouine,house,0,9,False,True,False,1993,467671
444,1,4,Tataouine,Tataouine,apartment,1,6,True,False,False,1998,711234
206,5,1,Hammamet,Hammamet,apartment,6,8,False,False,False,2020,265740
332,6,1,Nabeul,Nabeul,apartment,6,6,True,False,False,1992,739589
56,4,4,Gabès,Gabès,villa,0,7,False,False,False,1994,137571
174,7,4,Tataouine,Tataouine,villa,0,2,True,True,True,2002,537612
289,7,4,Gabès,Gabès,apartment,5,8,True,False,False,2019,572185
458,4,2,Gafsa,Gafsa,villa,0,4,False,False,True,1992,1457539
242,7,2,Gafsa,Gafsa,villa,0,3,False,True,True,2023,1030040
118,7,3,Tataouine,Tataouine,apartment,0,6,True,False,False,2004,195960
323,1,1,Bizerte,Bizerte,house,0,9,True,False,False,2012,680741
222,2,2,Gabès,Gabès,house,0,6,False,True,False,2007,467047
176,5,1,Bizerte,Bizerte,house,0,6,False,False,False,1992,429960
115,7,3,La Marsa,Tunis,villa,0,6,True,True,True,1992,885809
208,1,2,Nabeul,Nabeul,villa,0,8,False,True,False,1990,859427
64,5,3,Monastir,Monastir,villa,0,6,True,True,True,2016,249495
61,3,2,Gafsa,Gafsa,house,0,7,True,True,False,1991,180984
339,5,3,Nabeul,Nabeul,apartment,2,4,True,False,False,2006,990537
308,1,2,Tataouine,Tataouine,villa,0,5,False,True,False,2007,797182
408,6,2,Gafsa,Gafsa,house,0,4,False,False,False,1998,684428
360,6,3,Gafsa,Gafsa,house,0,1,False,False,False,2015,453024
215,6,2,Lac 1,Tunis,house,0,6,False,False,False,1994,680862
499,3,1,Monastir,Monastir,villa,0,3,False,True,False,2007,1847992
259,6,3,Tataouine,Tataouine,house,0,1,True,True,False,1995,513021
350,7,2,Sfax,Sfax,house,0,3,True,False,False,1998,783510
200,4,4,Hammamet,Hammamet,house,0,8,False,False,False,1998,581256
231,2,1,Sfax,Sfax,house,0,7,True,False,False,2006,489873
431,2,4,Bizerte,Bizerte,apartment,1,3,False,False,False,2017,684083
198,5,2,Kairouan,Kairouan,villa,0,5,True,False,True,1998,612193
356,5,2,Carthage,Tunis,apartment,6,3,True,False,False,2007,744609
74,3,2,Gafsa,Gafsa,apartment,0,4,True,False,False,2015,63527
401,5,2,Monastir,Monastir,apartment,1,1,True,False,False,2003,659869
499,3,3,Ariana,Tunis,house,0,2,False,True,False,1990,1937342
390,2,1,Nabeul,Nabeul,villa,0,4,True,False,True,2019,1221168
199,1,2,Kairouan,Kairouan,apartment,9,8,True,False,False,1997,170168
443,6,2,Hammamet,Hammamet,villa,0,4,False,False,False,2000,1260210
70,6,1,Sfax,Sfax,house,0,3,False,False,False,2013,92092
148,4,2,Bizerte,Bizerte,villa,0,5,True,True,False,2008,612184
105,6,2,Kairouan,Kairouan,house,0,6,False,True,False,1993,118198
59,2,4,Hammamet,Hammamet,villa,0,1,True,True,True,2017,210486
370,2,3,Soukra,Tunis,villa,0,9,False,True,True,1994,2389997
443,4,2,Bizerte,Bizerte,villa,0,5,True,False,False,2010,1521821
180,5,1,La Marsa,Tunis,house,0,1,True,True,False,1997,1271350
378,6,1,Bizerte,Bizerte,apartment,7,5,True,False,False,1996,288943
295,3,4,Kairouan,Kairouan,villa,0,9,False,False,True,2017,548374
96,2,2,Gabès,Gabès,house,0,2,False,False,False,1999,218949
338,7,3,Sfax,Sfax,apartment,3,6,True,False,False,1994,586862
343,6,2,Monastir,Monastir,apartment,5,7,True,False,False,2015,247206
126,4,3,Nabeul,Nabeul,apartment,9,7,False,False,False,1990,257493
432,4,1,Sousse,Sousse,house,0,6,True,False,False,1992,1122278
178,5,3,Sfax,Sfax,apartment,0,7,False,False,False,2012,132716
376,1,2,Sousse,Sousse,apartment,5,1,True,False,False,2011,977840
126,4,4,Nabeul,Nabeul,house,0,8,True,True,False,2020,393210
177,5,2,Gabès,Gabès,house,0,8,True,True,False,2022,516222
54,4,1,Kairouan,Kairouan,villa,0,8,False,False,True,2006,209252
392,5,1,Kairouan,Kairouan,house,0,2,False,False,False,2021,868358
165,1,3,Nabeul,Nabeul,apartment,6,3,True,False,False,1998,168191
110,6,2,Bizerte,Bizerte,apartment,9,1,True,False,False,2019,114576
87,6,3,Bizerte,Bizerte,apartment,8,6,False,False,False,2007,139687
116,1,3,Sousse,Sousse,apartment,7,1,True,False,False,2006,316874
495,1,4,Bizerte,Bizerte,house,0,9,False,True,False,2014,650089
188,4,4,Monastir,Monastir,apartment,5,1,True,False,False,1991,279044
341,2,3,Nabeul,Nabeul,apartment,3,9,True,False,False,1993,740733
176,6,1,Nabeul,Nabeul,house,0,7,False,True,False,1990,311378
496,1,3,Sfax,Sfax,villa,0,1,False,False,True,1990,1312915
326,5,2,Gafsa,Gafsa,villa,0,1,False,True,True,2011,782063
53,7,3,Bizerte,Bizerte,villa,0,9,False,True,False,2001,170590
123,3,3,Nabeul,Nabeul,house,0,4,False,True,False,2018,481868
114,1,2,Hammamet,Hammamet,villa,0,2,False,False,True,1991,729535
327,6,2,Gabès,Gabès,apartment,9,9,False,False,False,2010,233870
293,7,3,Bizerte,Bizerte,villa,0,6,True,False,True,2003,1437498
120,1,3,Gafsa,Gafsa,villa,0,8,True,False,True,2012,275262
100,2,3,Hammamet,Hammamet,villa,0,3,True,True,False,2017,496465
285,4,4,Sousse,Sousse,apartment,9,6,False,False,False,2019,836190
148,1,3,Bizerte,Bizerte,villa,0,5,False,True,False,2021,362197
116,2,3,Monastir,Monastir,apartment,0,2,False,False,False,2008,199984
393,5,4,Tataouine,Tataouine,apartment,5,2,True,False,False,2016,629538
241,1,4,Hammamet,Hammamet,villa,0,4,True,False,True,1994,1514923
427,6,2,Gafsa,Gafsa,house,0,7,True,True,False,2011,827327
79,6,1,Kairouan,Kairouan,villa,0,5,True,True,False,1992,309824
238,2,1,Tataouine,Tataouine,apartment,6,2,False,False,False,2014,299880
454,2,2,Tataouine,Tataouine,house,0,8,True,False,False,2012,507170
121,4,4,Hammamet,Hammamet,apartment,2,7,False,False,False,2007,314503
146,4,3,Monastir,Monastir,villa,0,2,True,True,True,2022,698905
164,4,1,Hammamet,Hammamet,apartment,7,7,False,False,False,2023,240489
68,7,1,Tataouine,Tataouine,villa,0,9,False,False,True,2013,208256
260,1,1,Sousse,Sousse,villa,0,2,False,False,True,2022,1821549
492,4,1,Sousse,Sousse,villa,0,9,False,False,True,2001,2442555
291,7,3,Gafsa,Gafsa,villa,0,1,False,False,False,2008,840175
106,2,2,Gabès,Gabès,villa,0,7,True,False,False,2020,238965
51,3,2,Bizerte,Bizerte,apartment,9,9,True,False,False,1997,65502
271,3,1,Bizerte,Bizerte,villa,0,4,False,True,True,2009,1088184
314,4,3,Gafsa,Gafsa,house,0,2,False,True,False,2013,597735
154,1,1,Hammamet,Hammamet,house,0,8,True,False,False,2016,529729
310,5,3,Sfax,Sfax,apartment,4,4,True,False,False,2005,472886
239,4,3,Kairouan,Kairouan,house,0,6,False,True,False,2022,434184
385,7,3,Sfax,Sfax,villa,0,2,False,True,True,2004,1652971
499,1,4,Kairouan,Kairouan,villa,0,1,True,False,True,1990,1313337
405,4,4,Soukra,Tunis,house,0,8,False,True,False,1990,1773067
100,3,1,Tataouine,Tataouine,villa,0,9,False,False,True,1999,427377
474,7,4,Sousse,Sousse,house,0,8,False,True,False,2006,1018356
432,6,2,Sfax,Sfax,house,0,1,False,True,False,1990,550547
291,2,4,Tataouine,Tataouine,house,0,3,True,True,False,1994,420158
156,7,1,Gabès,Gabès,apartment,3,3,True,False,False,2001,176510
175,7,4,Gabès,Gabès,apartment,1,1,True,False,False,2023,227997
146,1,2,Kairouan,Kairouan,villa,0,9,True,True,False,2018,220487
54,1,4,Bizerte,Bizerte,apartment,5,1,False,False,False,1999,78580
264,2,2,Monastir,Monastir,house,0,8,False,True,False,2013,378728
163,5,4,Kairouan,Kairouan,apartment,4,9,True,False,False,2004,142533
239,6,1,Sfax,Sfax,villa,0,2,False,False,True,2001,526599
437,7,1,Ariana,Tunis,villa,0,1,True,False,True,2020,1312609
346,2,4,Sousse,Sousse,house,0,1,True,False,False,2001,1162966
168,2,4,Nabeul,Nabeul,villa,0,2,False,False,True,2004,575999
455,4,1,Gafsa,Gafsa,house,0,2,True,False,False,2021,1062286
69,4,2,Bizerte,Bizerte,apartment,0,2,False,False,False,1992,134025
140,5,3,Kairouan,Kairouan,house,0,8,True,False,False,2020,174436
468,6,3,Sousse,Sousse,apartment,5,6,True,False,False,1990,897492
312,4,4,Nabeul,Nabeul,villa,0,4,True,False,False,2012,1035949
399,3,1,Tataouine,Tataouine,house,0,2,True,False,False,2008,901479
181,1,1,Sfax,Sfax,villa,0,6,False,False,False,1997,312246
256,2,3,Ariana,Tunis,villa,0,6,True,True,True,2007,2506375
179,4,4,Hammamet,Hammamet,apartment,2,8,False,False,False,2019,183439
115,3,2,Tataouine,Tataouine,house,0,9,False,True,False,1994,189577
292,4,2,Kairouan,Kairouan,house,0,2,False,False,False,2023,472829
105,7,4,Gabès,Gabès,apartment,1,9,True,False,False,2009,83966
102,6,4,Bizerte,Bizerte,house,0,7,False,True,False,2001,225791
374,7,2,Tataouine,Tataouine,apartment,5,7,True,False,False,2019,546010
494,6,1,Monastir,Monastir,house,0,3,False,True,False,2013,661209
207,5,1,Gafsa,Gafsa,villa,0,5,True,True,False,2000,301935
456,5,4,Gabès,Gabès,house,0,2,True,True,False,2010,818334
53,1,2,Hammamet,Hammamet,apartment,2,5,False,False,False,2020,114734
451,4,3,Gabès,Gabès,villa,0,7,False,True,False,2019,1225882
224,6,3,Monastir,Monastir,apartment,8,4,True,False,False,1994,447068
222,2,3,Sousse,Sousse,villa,0,4,False,True,True,2010,1017598
294,7,1,Nabeul,Nabeul,villa,0,4,True,True,False,2009,1088471
232,3,1,Ariana,Tunis,house,0,6,True,False,False,2021,545797
331,5,1,Sousse,Sousse,apartment,4,9,False,False,False,2002,708207
272,4,3,Nabeul,Nabeul,apartment,7,9,False,False,False,2010,632563
432,5,4,Gabès,Gabès,house,0,6,False,False,False,2000,808704
430,3,3,Gabès,Gabès,house,0,3,False,False,False,2023,603272
494,7,1,Tataouine,Tataouine,house,0,1,False,False,False,1992,905245
205,6,4,Monastir,Monastir,villa,0,6,False,True,False,1994,379272
192,6,2,Lac 1,Tunis,house,0,9,True,False,False,1997,955543
121,3,4,Gafsa,Gafsa,villa,0,9,False,True,True,2000,492844
324,2,1,Gabès,Gabès,house,0,3,True,True,False,1998,609469
273,4,2,Nabeul,Nabeul,house,0,3,True,False,False,2021,445385
441,6,4,Monastir,Monastir,villa,0,3,False,True,True,2013,1899760
220,5,4,Gafsa,Gafsa,villa,0,3,False,True,True,2020,1056451
496,2,2,Gabès,Gabès,apartment,9,2,True,False,False,1996,379559
97,7,4,Monastir,Monastir,apartment,0,8,False,False,False,1992,179178
53,4,4,Kairouan,Kairouan,apartment,9,9,False,False,False,2006,103116
325,6,2,Nabeul,Nabeul,villa,0,4,True,False,False,2016,1375428
180,6,4,Nabeul,Nabeul,apartment,5,9,False,False,False,1999,482976
473,6,1,Tataouine,Tataouine,villa,0,4,False,False,True,2010,1592049
457,1,4,Tataouine,Tataouine,house,0,6,False,True,False,2015,556267
197,3,4,Sousse,Sousse,apartment,9,4,False,False,False,1998,466417
50,5,1,Lac 1,Tunis,apartment,4,6,True,False,False,2008,198975
412,5,4,Kairouan,Kairouan,villa,0,4,True,False,False,2019,636648
330,5,4,Monastir,Monastir,apartment,6,5,False,False,False,1998,323400
91,2,4,Hammamet,Hammamet,villa,0,8,True,True,False,2021,300810
162,5,3,Gafsa,Gafsa,apartment,4,8,True,False,False,2007,309037
369,2,4,Sfax,Sfax,villa,0,9,True,True,True,2022,883205
400,2,3,Lac 2,Tunis,apartment,2,9,True,False,False,2020,1324680
288,4,2,Hammamet,Hammamet,apartment,2,3,True,False,False,1997,892684
273,3,1,Nabeul,Nabeul,apartment,5,4,True,False,False,1995,641866
482,5,2,Gafsa,Gafsa,villa,0,8,True,True,True,2006,1932166
230,2,4,Kairouan,Kairouan,villa,0,6,True,True,False,1993,942951
61,3,2,Gabès,Gabès,apartment,7,8,False,False,False,2010,100918
299,6,1,Gabès,Gabès,house,0,3,False,False,False,2004,429746
448,5,2,Gafsa,Gafsa,house,0,1,False,False,False,1993,864281
172,6,3,Nabeul,Nabeul,villa,0,3,True,True,False,2011,772819
279,4,1,Monastir,Monastir,villa,0,9,True,True,True,2023,619530
122,7,2,Sousse,Sousse,house,0,4,True,True,False,1997,300933
269,3,3,Monastir,Monastir,apartment,8,8,False,False,False,2022,187869
303,2,3,Kairouan,Kairouan,apartment,1,3,False,False,False,2016,332088
333,6,4,Sfax,Sfax,house,0,6,False,False,False,2003,589436
251,7,3,Sousse,Sousse,villa,0,6,False,True,True,2006,1211001
100,5,1,La Marsa,Tunis,house,0,9,True,True,False,1994,394894
289,1,1,Sousse,Sousse,house,0,3,True,False,False,1992,1147951
227,1,4,Sfax,Sfax,villa,0,2,True,False,False,2013,458204
404,7,4,Tataouine,Tataouine,apartment,6,2,True,False,False,2008,727927
109,3,2,Monastir,Monastir,villa,0,8,False,False,False,2010,271540
246,3,3,Sousse,Sousse,villa,0,8,False,True,True,1996,1389756
430,1,2,Nabeul,Nabeul,apartment,0,1,True,False,False,2019,1096061
473,6,3,Kairouan,Kairouan,villa,0,6,False,False,True,1993,1501733
384,7,1,Sfax,Sfax,house,0,1,False,True,False,1994,746803
277,1,1,Sfax,Sfax,house,0,4,True,False,False,2003,743203
334,2,4,Kairouan,Kairouan,house,0,1,True,False,False,2018,631344
484,5,1,Gabès,Gabès,apartment,4,5,False,False,False,2021,357385
485,3,4,Gabès,Gabès,villa,0,4,False,False,True,1990,1777707
194,7,2,Gabès,Gabès,house,0,7,True,True,False,2006,468395
52,5,2,Sousse,Sousse,apartment,5,6,False,False,False,2018,80932
483,6,2,Monastir,Monastir,villa,0,5,True,False,False,2019,1067692
262,2,2,Tataouine,Tataouine,house,0,5,True,False,False,2009,711254
245,5,1,Ariana,Tunis,villa,0,1,True,True,True,2004,2336105
100,7,2,La Marsa,Tunis,house,0,3,False,False,False,2023,542100
414,1,2,Kairouan,Kairouan,house,0,5,False,True,False,1994,745471
402,5,3,Centre Ville,Tunis,villa,0,6,False,False,True,1990,1687579
220,3,3,Tataouine,Tataouine,house,0,4,False,False,False,1992,439296
66,5,2,Soukra,Tunis,house,0,5,True,True,False,2012,308296
265,5,2,Nabeul,Nabeul,villa,0,6,True,False,False,2016,1464685
166,5,2,Sousse,Sousse,apartment,6,4,True,False,False,2006,313740
342,3,4,Gafsa,Gafsa,house,0,7,False,True,False,1994,794233
101,1,2,Tataouine,Tataouine,house,0,6,True,True,False,2021,223958
194,6,4,Gafsa,Gafsa,house,0,9,True,False,False,2004,422636
235,6,2,Nabeul,Nabeul,villa,0,4,True,True,True,1995,1339879
491,7,4,Gabès,Gabès,villa,0,3,False,True,True,2020,1369996
485,3,4,Monastir,Monastir,apartment,2,2,False,False,False,2016,904816
109,6,2,Sousse,Sousse,villa,0,1,True,True,False,2004,622727
122,4,3,Gafsa,Gafsa,apartment,2,8,True,False,False,1990,166017
208,2,4,Sousse,Sousse,villa,0,1,False,False,True,1996,1118482
162,3,3,Tataouine,Tataouine,apartment,5,6,False,False,False,2004,262051
476,6,3,Gafsa,Gafsa,apartment,0,7,True,False,False,2007,686525
110,5,1,Hammamet,Hammamet,apartment,9,3,True,False,False,2016,187248
393,4,4,Gafsa,Gafsa,villa,0,5,False,False,True,2018,1733299
436,7,3,Bizerte,Bizerte,house,0,9,True,False,False,2022,700836
395,4,4,Sfax,Sfax,house,0,5,False,True,False,1990,456850
125,1,3,Hammamet,Hammamet,apartment,1,2,False,False,False,2005,350850
377,2,2,Sousse,Sousse,house,0,9,True,False,False,2004,510694
250,2,1,Tataouine,Tataouine,house,0,9,False,False,False,2020,324740
137,6,3,Bizerte,Bizerte,apartment,0,1,False,False,False,1999,121656
461,6,4,Hammamet,Hammamet,apartment,1,4,False,False,False,1990,1218699
52,7,4,Monastir,Monastir,villa,0,5,False,True,False,2004,178409
255,7,2,Gabès,Gabès,house,0,8,True,False,False,1998,330810
74,2,1,Sousse,Sousse,apartment,9,8,False,False,False,2011,177866
394,4,1,Monastir,Monastir,apartment,9,9,True,False,False,2015,424290
268,4,3,Tataouine,Tataouine,apartment,2,6,True,False,False,1995,460145
352,5,2,Tataouine,Tataouine,apartment,4,5,False,False,False,1991,242457
72,4,4,La Marsa,Tunis,villa,0,3,False,False,False,2013,427939
96,3,4,Sousse,Sousse,villa,0,8,False,True,False,2006,202549
223,7,3,Tataouine,Tataouine,apartment,1,6,False,False,False,1994,220680
477,2,4,Monastir,Monastir,house,0,6,True,False,False,2017,1045935
96,4,1,Sfax,Sfax,house,0,9,False,True,False,2004,169897
410,3,1,Gafsa,Gafsa,villa,0,2,False,False,False,2002,846633
254,4,2,Hammamet,Hammamet,villa,0,6,True,False,True,2021,997526
157,4,1,Bizerte,Bizerte,house,0,7,True,True,False,2015,455252
489,1,2,Hammamet,Hammamet,villa,0,7,True,True,False,2004,2985235
230,5,2,Sousse,Sousse,house,0,4,False,False,False,1991,696789
392,6,3,Nabeul,Nabeul,house,0,3,False,True,False,1990,1124707
71,5,2,Kairouan,Kairouan,apartment,4,6,True,False,False,1990,93038
309,3,1,Sfax,Sfax,villa,0,2,False,True,True,2008,1172687
264,6,3,Hammamet,Hammamet,house,0,8,True,False,False,2014,905512
471,7,4,Kairouan,Kairouan,villa,0,2,False,False,False,2004,663996
212,2,2,Gabès,Gabès,villa,0,6,True,False,True,2003,374203
82,4,1,Tataouine,Tataouine,house,0,2,True,False,False,2008,222695
309,4,1,Gabès,Gabès,apartment,9,9,False,False,False,2005,383901
116,4,4,Gafsa,Gafsa,house,0,8,False,True,False,2011,120893
380,1,2,Monastir,Monastir,house,0,8,False,True,False,1998,409506
81,5,3,Hammamet,Hammamet,apartment,3,5,True,False,False,2008,157376
353,6,3,Nabeul,Nabeul,villa,0,4,True,False,True,2020,2240810
195,3,3,Sfax,Sfax,villa,0,4,True,True,True,2007,611350
135,3,4,Nabeul,Nabeul,apartment,1,2,False,False,False,2012,221292
123,5,1,Kairouan,Kairouan,apartment,5,7,True,False,False,1998,171717
450,3,4,Monastir,Monastir,house,0,5,True,False,False,2007,912038
309,7,3,Sousse,Sousse,villa,0,4,False,False,False,1998,1578495
441,5,4,Kairouan,Kairouan,villa,0,1,False,True,True,2004,1736300
471,2,4,Monastir,Monastir,villa,0,5,True,False,False,2015,977072
428,3,2,Tataouine,Tataouine,villa,0,6,True,False,False,2015,1233441
413,7,4,Nabeul,Nabeul,apartment,6,4,False,False,False,2010,800394
331,7,1,Gabès,Gabès,apartment,3,8,True,False,False,2015,619473
195,7,3,Nabeul,Nabeul,house,0,6,True,True,False,2020,290567
185,5,1,Tataouine,Tataouine,house,0,1,False,True,False,2013,263068
483,4,1,Tataouine,Tataouine,apartment,1,2,True,False,False,1992,570036
377,4,3,Monastir,Monastir,house,0,3,True,False,False,2015,472201
303,7,2,Tataouine,Tataouine,house,0,3,True,True,False,2018,615462
359,6,1,Hammamet,Hammamet,apartment,6,4,False,False,False,2002,1045120
493,3,1,Centre Ville,Tunis,villa,0,8,False,False,False,1991,2316114
217,5,3,Sousse,Sousse,apartment,3,2,False,False,False,1991,629907
487,5,3,Hammamet,Hammamet,apartment,0,1,True,False,False,1996,537531
418,1,2,Gabès,Gabès,villa,0,3,True,True,False,2013,1668522
481,2,1,Gafsa,Gafsa,villa,0,4,False,False,True,1998,1769348
149,2,4,Gafsa,Gafsa,apartment,6,3,True,False,False,1996,217402
404,2,3,Gabès,Gabès,villa,0,9,False,False,True,2006,1553415
357,2,3,Nabeul,Nabeul,house,0,2,False,False,False,2013,522947
200,5,2,Ariana,Tunis,villa,0,8,False,True,True,2019,742084
179,5,3,Bizerte,Bizerte,villa,0,1,False,False,False,1993,586919
452,3,1,Gafsa,Gafsa,villa,0,8,False,True,False,2002,985171
183,7,4,Hammamet,Hammamet,apartment,3,2,False,False,False,2012,340819
137,7,3,Gabès,Gabès,apartment,3,5,False,False,False,2006,232023
443,6,2,Gabès,Gabès,villa,0,6,True,True,False,1995,627014
64,4,1,Sfax,Sfax,villa,0,6,False,True,True,1996,314448
363,1,1,Hammamet,Hammamet,house,0,2,True,False,False,2017,1146971
62,2,2,Tataouine,Tataouine,house,0,7,False,False,False,2000,159652
164,5,4,Carthage,Tunis,villa,0,9,False,False,False,2018,1033790
359,5,3,Kairouan,Kairouan,house,0,3,True,True,False,2002,363527
255,6,2,Gabès,Gabès,house,0,6,False,True,False,1998,576730
286,5,1,Kairouan,Kairouan,villa,0,6,False,True,False,2011,906048
308,4,2,Tataouine,Tataouine,villa,0,9,True,False,False,1995,879234
330,4,3,Monastir,Monastir,villa,0,2,True,False,True,2006,935350
244,5,1,Kairouan,Kairouan,apartment,6,1,False,False,False,1990,398403
408,3,4,Gafsa,Gafsa,apartment,5,7,True,False,False,2003,741303
139,3,1,Gafsa,Gafsa,house,0,9,True,False,False,2001,297656
55,2,2,Bizerte,Bizerte,apartment,3,9,True,False,False,2008,60845
435,7,1,Sfax,Sfax,villa,0,5,True,True,True,1997,1724009
187,2,2,Gabès,Gabès,apartment,8,8,False,False,False,2008,306380
117,3,2,Tataouine,Tataouine,apartment,1,7,True,False,False,2009,192333
358,2,2,Soukra,Tunis,house,0,2,False,True,False,2019,1406811
219,2,4,Tataouine,Tataouine,house,0,8,True,False,False,2006,534734
277,2,4,Nabeul,Nabeul,villa,0,1,False,False,False,1998,897480
351,6,2,Kairouan,Kairouan,apartment,0,2,False,False,False,1994,546436
280,6,1,Tataouine,Tataouine,house,0,1,False,True,False,2016,381180
441,7,4,Gafsa,Gafsa,house,0,2,False,False,False,2001,1077804
269,7,2,Gafsa,Gafsa,villa,0,2,False,True,False,2020,498958
314,6,3,Carthage,Tunis,apartment,2,8,False,False,False,2023,617952
80,6,3,Sousse,Sousse,villa,0,3,True,True,False,2008,321330
334,2,4,Nabeul,Nabeul,villa,0,2,False,True,False,2013,1878413
352,7,2,Nabeul,Nabeul,villa,0,3,True,True,True,2012,2605177
123,2,4,Bizerte,Bizerte,apartment,5,5,True,False,False,2002,147954
395,4,1,Gafsa,Gafsa,apartment,3,8,True,False,False,2002,527893
128,3,1,Gabès,Gabès,apartment,5,2,True,False,False,1992,127196
424,2,2,Sousse,Sousse,villa,0,9,True,True,False,1997,1777095
360,7,4,Monastir,Monastir,house,0,5,False,False,False,1999,608025
202,6,2,Ariana,Tunis,apartment,0,6,False,False,False,1993,708717
271,2,1,Sousse,Sousse,apartment,3,5,True,False,False,2010,485897
134,4,1,Monastir,Monastir,apartment,9,8,False,False,False,1991,210112
296,1,1,Sousse,Sousse,house,0,2,True,True,False,2000,1019732
267,5,2,Centre Ville,Tunis,villa,0,4,True,True,False,1992,1726894
90,3,2,Hammamet,Hammamet,villa,0,8,True,True,True,2011,665220
128,5,3,La Marsa,Tunis,house,0,3,False,True,False,2006,660408
171,5,4,Nabeul,Nabeul,apartment,8,6,True,False,False,1994,413898
378,6,4,Gabès,Gabès,house,0,9,False,True,False,1998,348972
221,2,4,Gabès,Gabès,apartment,2,3,True,False,False,2023,347518
405,2,2,Tataouine,Tataouine,villa,0,2,True,False,False,2002,1015292
108,5,4,Nabeul,Nabeul,villa,0,1,True,True,False,2020,426251
170,6,4,Sfax,Sfax,apartment,4,7,False,False,False,2007,325176
380,2,3,Tataouine,Tataouine,apartment,9,5,False,False,False,2017,243504
261,4,4,Nabeul,Nabeul,apartment,7,6,True,False,False,2018,744867
85,2,3,Sousse,Sousse,villa,0,9,True,False,True,2007,244599
313,2,3,Gafsa,Gafsa,house,0,9,False,False,False,2006,350910
243,6,1,Gafsa,Gafsa,house,0,5,False,True,False,2023,227119
113,2,2,Gafsa,Gafsa,house,0,6,True,False,False,2006,153257
190,4,4,Kairouan,Kairouan,house,0,5,True,False,False,1991,238602
136,7,2,Tataouine,Tataouine,house,0,1,True,True,False,2001,378349
125,3,1,Kairouan,Kairouan,house,0,1,False,False,False,1999,238550
384,7,3,Sfax,Sfax,house,0,4,False,False,False,1990,418928
147,7,1,Sousse,Sousse,house,0,7,True,False,False,2022,407169
331,6,4,Hammamet,Hammamet,villa,0,5,False,True,True,2022,1132811
311,5,2,Bizerte,Bizerte,apartment,8,5,True,False,False,1994,466313
218,3,1,Bizerte,Bizerte,house,0,5,True,False,False,1991,389221
108,3,2,Gabès,Gabès,house,0,5,False,True,False,1999,305914
285,2,2,Hammamet,Hammamet,villa,0,9,False,True,False,1999,1509389
281,1,3,Kairouan,Kairouan,apartment,7,5,False,False,False,2010,385981
159,1,1,Sousse,Sousse,house,0,8,True,False,False,2011,582608
239,1,1,Gabès,Gabès,apartment,2,2,False,False,False,1994,402667
247,6,4,Lac 1,Tunis,apartment,7,8,True,False,False,2010,1286894
383,7,2,Gafsa,Gafsa,apartment,9,5,True,False,False,2021,266062
472,3,4,Tataouine,Tataouine,villa,0,2,True,False,True,1995,2276730
188,4,1,Monastir,Monastir,apartment,7,8,False,False,False,1994,254627
404,7,2,Gafsa,Gafsa,villa,0,5,True,True,True,2013,712786
451,2,4,Carthage,Tunis,house,0,4,True,True,False,2014,1994961
141,6,3,Gabès,Gabès,villa,0,9,False,False,False,1999,323036
114,5,1,Hammamet,Hammamet,villa,0,9,True,False,True,2017,839957
131,6,2,Hammamet,Hammamet,house,0,3,True,True,False,1997,573566
353,3,2,Nabeul,Nabeul,house,0,6,False,False,False,2003,476888
225,1,4,Gafsa,Gafsa,villa,0,3,True,False,True,2008,951743
120,6,1,Gabès,Gabès,house,0,2,True,False,False,1996,156199
309,1,1,Hammamet,Hammamet,house,0,6,False,True,False,2007,1249254
448,3,2,Sousse,Sousse,house,0,8,True,True,False,1993,774110
243,6,1,Sousse,Sousse,villa,0,2,True,False,True,2023,754433
332,4,2,Sfax,Sfax,house,0,7,False,True,False,2007,317139
68,3,1,Carthage,Tunis,apartment,3,5,False,False,False,2012,277440
272,3,2,Gafsa,Gafsa,villa,0,8,False,False,True,2008,680779
77,4,3,Bizerte,Bizerte,apartment,2,6,True,False,False,1999,147470
472,4,3,Sfax,Sfax,house,0,4,True,False,False,2008,708708
429,3,4,Bizerte,Bizerte,villa,0,9,False,True,False,2014,1649233
91,5,3,Gafsa,Gafsa,house,0,5,True,True,False,2006,131280
156,7,1,Sousse,Sousse,house,0,6,False,True,False,1995,406630
499,3,1,Hammamet,Hammamet,villa,0,9,True,False,False,2019,1983926
412,4,1,Sousse,Sousse,house,0,7,False,True,False,1990,578319
95,3,2,Kairouan,Kairouan,house,0,8,True,True,False,2006,218528
131,1,3,Tataouine,Tataouine,house,0,6,True,True,False,2016,335800
209,4,1,Centre Ville,Tunis,house,0,3,True,False,False,2017,846868
425,2,4,Gabès,Gabès,house,0,9,False,True,False,2010,613098
391,5,2,Kairouan,Kairouan,apartment,6,7,False,False,False,2006,395692
312,4,2,Kairouan,Kairouan,apartment,9,3,True,False,False,2016,625322
124,7,4,Sousse,Sousse,house,0,8,True,True,False,1992,436345
301,6,4,Carthage,Tunis,apartment,3,8,False,False,False,2018,1395436
159,2,4,Nabeul,Nabeul,villa,0,2,True,True,False,2003,704888
51,1,4,Gafsa,Gafsa,villa,0,2,True,False,False,2000,177203
72,6,4,Sousse,Sousse,apartment,2,7,False,False,False,1990,127872
453,6,2,Sousse,Sousse,apartment,2,4,True,False,False,2018,1338479
100,5,2,Tataouine,Tataouine,apartment,0,8,False,False,False,1997,83840
151,1,3,Bizerte,Bizerte,villa,0,1,True,False,True,2004,611419
336,5,3,Hammamet,Hammamet,apartment,1,3,True,False,False,2005,849683
94,3,3,Nabeul,Nabeul,villa,0,2,False,True,True,2010,607115
302,4,1,Kairouan,Kairouan,house,0,4,True,True,False,2010,404480
101,6,3,Gafsa,Gafsa,house,0,9,True,True,False,2011,198724
184,6,2,Kairouan,Kairouan,house,0,8,False,False,False,2013,160551
289,4,3,Sousse,Sousse,house,0,8,True,False,False,1998,743209
231,5,3,Monastir,Monastir,house,0,8,True,False,False,1993,329945
496,2,3,Bizerte,Bizerte,apartment,9,5,False,False,False,2000,582502
384,6,4,Hammamet,Hammamet,apartment,3,2,True,False,False,1991,1044610
68,2,1,Nabeul,Nabeul,apartment,7,5,False,False,False,1999,142310
414,1,4,Sfax,Sfax,apartment,3,8,False,False,False,2018,486201
363,7,3,Kairouan,Kairouan,apartment,6,1,True,False,False,1993,618682
283,2,2,Kairouan,Kairouan,villa,0,2,False,False,True,2015,1181400
378,5,1,Sfax,Sfax,villa,0,8,True,False,True,2003,1502339
440,1,3,Gafsa,Gafsa,apartment,0,2,True,False,False,2011,501547
395,2,4,Sousse,Sousse,villa,0,9,True,True,True,2015,2501948
380,1,4,Hammamet,Hammamet,apartment,1,3,True,False,False,2007,511358
182,2,3,Bizerte,Bizerte,villa,0,8,False,False,False,2013,451825
161,7,4,Gafsa,Gafsa,house,0,9,True,False,False,1990,347931
162,6,3,Nabeul,Nabeul,villa,0,2,False,False,True,2020,537232
226,5,3,Tataouine,Tataouine,apartment,4,4,False,False,False,1994,230520
274,3,3,Hammamet,Hammamet,apartment,5,7,False,False,False,1991,414945
392,6,1,Nabeul,Nabeul,apartment,7,4,True,False,False,2019,701366
58,1,3,Sfax,Sfax,villa,0,6,False,False,False,1997,173220
428,4,2,Nabeul,Nabeul,villa,0,2,False,False,True,2021,2875964
226,5,4,Gabès,Gabès,villa,0,6,True,True,True,2010,788189
464,5,4,Soukra,Tunis,villa,0,9,False,True,False,2013,2811283
110,6,3,Sousse,Sousse,apartment,2,1,False,False,False,1993,132264
96,7,2,Bizerte,Bizerte,villa,0,8,False,False,True,1991,220326
467,7,1,Nabeul,Nabeul,house,0,5,True,False,False,2002,1762435
248,7,2,Tataouine,Tataouine,apartment,5,4,True,False,False,2002,424764
333,3,2,Sfax,Sfax,apartment,1,2,False,False,False,1990,224308
291,2,3,Hammamet,Hammamet,villa,0,2,True,True,False,1990,1174646
449,2,3,Hammamet,Hammamet,house,0,1,False,True,False,2012,992383
275,1,1,Nabeul,Nabeul,house,0,8,False,False,False,1995,795366
246,6,1,Gabès,Gabès,apartment,6,1,False,False,False,1993,192273
283,3,4,La Marsa,Tunis,house,0,1,False,True,False,2016,1769304
355,5,1,Sousse,Sousse,house,0,8,True,True,False,2021,1301665
484,1,2,Sousse,Sousse,apartment,2,3,False,False,False,2013,867134
195,2,2,Nabeul,Nabeul,villa,0,7,False,True,False,2022,600462
138,5,3,Sfax,Sfax,apartment,0,5,False,False,False,1999,112828
285,1,4,Bizerte,Bizerte,apartment,8,2,True,False,False,2004,289913
318,2,4,Gabès,Gabès,house,0,4,False,False,False,2003,809933
499,2,3,Sfax,Sfax,apartment,4,9,False,False,False,2004,834727
175,1,2,Gafsa,Gafsa,apartment,4,6,True,False,False,1997,277830
115,3,2,Nabeul,Nabeul,apartment,8,6,False,False,False,2017,322782
187,3,1,Tataouine,Tataouine,apartment,1,4,True,False,False,1998,191480
78,4,1,Sfax,Sfax,house,0,8,True,True,False,1991,110464
236,6,3,Soukra,Tunis,apartment,5,7,True,False,False,2020,927763
264,4,1,La Marsa,Tunis,apartment,0,1,False,False,False,1990,849552
456,3,1,Bizerte,Bizerte,villa,0,3,True,True,False,2013,1474366
52,4,4,Centre Ville,Tunis,house,0,3,True,False,False,2004,264045
291,7,3,Hammamet,Hammamet,villa,0,7,False,False,False,1994,538675
473,5,4,Monastir,Monastir,apartment,2,9,True,False,False,1996,383016
264,3,2,Monastir,Monastir,villa,0,9,False,True,True,2010,709979
90,1,4,Sfax,Sfax,apartment,0,8,True,False,False,2023,123152
324,3,1,Centre Ville,Tunis,apartment,7,8,False,False,False,2002,993384
310,2,2,Monastir,Monastir,villa,0,6,False,False,True,2004,582641
178,6,2,Bizerte,Bizerte,house,0,5,True,True,False,1990,173189
363,3,4,Sousse,Sousse,villa,0,8,False,False,True,2011,1788878
292,4,2,Tataouine,Tataouine,villa,0,7,False,True,False,1997,371872
411,6,4,Hammamet,Hammamet,apartment,0,6,True,False,False,1998,1181238
261,6,2,Monastir,Monastir,villa,0,1,False,False,False,2016,309692
469,2,4,Monastir,Monastir,villa,0,1,False,True,True,1992,979285
444,2,4,Nabeul,Nabeul,apartment,1,9,True,False,False,2018,838041
99,5,4,Sousse,Sousse,house,0,8,False,True,False,1992,179567
202,3,4,Kairouan,Kairouan,apartment,1,3,False,False,False,1990,159822
140,6,1,Bizerte,Bizerte,villa,0,7,False,True,False,1994,490311
450,6,1,Gafsa,Gafsa,house,0,5,False,False,False,2020,725868
199,3,2,Kairouan,Kairouan,house,0,1,False,False,False,2004,270703
187,6,4,Sousse,Sousse,villa,0,5,True,False,True,2020,602075
157,4,3,Tataouine,Tataouine,apartment,5,7,False,False,False,2005,232108
472,2,2,Monastir,Monastir,apartment,8,7,True,False,False,2023,666879
89,3,4,Nabeul,Nabeul,villa,0,9,False,False,False,2005,366217
126,3,1,Monastir,Monastir,apartment,1,1,False,False,False,2002,203616
323,6,1,Bizerte,Bizerte,villa,0,7,False,True,True,1997,1586315
421,1,4,Gabès,Gabès,house,0,3,False,True,False,2016,660306
82,5,3,Gabès,Gabès,apartment,7,1,False,False,False,2008,150355
346,5,1,Nabeul,Nabeul,house,0,8,False,True,False,2012,1354905
82,4,1,Gabès,Gabès,villa,0,8,False,True,False,2001,124562
466,2,4,Ariana,Tunis,villa,0,3,True,False,True,1995,3287185
246,5,2,Sousse,Sousse,apartment,2,6,False,False,False,2023,670104
195,1,3,Monastir,Monastir,apartment,9,6,False,False,False,2022,373776
412,6,3,Bizerte,Bizerte,house,0,3,True,True,False,2013,754219
353,7,2,Sousse,Sousse,villa,0,7,True,True,True,2014,2241643
132,7,3,Sfax,Sfax,apartment,7,1,True,False,False,2002,230852
486,4,2,Gafsa,Gafsa,apartment,2,4,False,False,False,1992,783432
117,5,2,Sfax,Sfax,villa,0,9,True,True,False,1999,206853
317,6,2,Sousse,Sousse,villa,0,3,False,True,True,2016,1332622
456,2,1,Hammamet,Hammamet,house,0,6,True,True,False,2012,1470701
126,1,4,Kairouan,Kairouan,apartment,2,2,True,False,False,2010,204694
178,5,2,Tataouine,Tataouine,apartment,8,9,False,False,False,2012,307156
60,7,3,Monastir,Monastir,villa,0,8,True,False,False,2015,180079
479,6,1,Tataouine,Tataouine,house,0,5,True,False,False,2008,717649
411,7,2,Ariana,Tunis,house,0,1,True,False,False,2019,1669580
283,3,1,Kairouan,Kairouan,apartment,8,3,False,False,False,1990,261944
250,4,1,Sfax,Sfax,villa,0,2,False,False,False,2022,895680
475,5,2,Bizerte,Bizerte,apartment,8,6,False,False,False,1998,400140
448,4,1,Kairouan,Kairouan,house,0,6,True,True,False,2009,1317360
72,5,2,Tataouine,Tataouine,villa,0,8,True,False,True,2022,117747
184,7,2,Nabeul,Nabeul,villa,0,5,True,True,False,2004,424614
394,1,4,Gabès,Gabès,house,0,2,True,False,False,1996,614824
427,2,4,Kairouan,Kairouan,house,0,3,True,False,False,1996,809002
222,3,2,Kairouan,Kairouan,house,0,8,False,True,False,2000,554666
360,1,2,Sfax,Sfax,villa,0,8,True,True,True,1991,737901
355,1,3,Gabès,Gabès,house,0,4,True,False,False,1998,844323
453,3,2,Sousse,Sousse,apartment,3,8,True,False,False,1990,1054230
480,3,2,Sfax,Sfax,house,0,6,False,False,False,2018,1204070
117,5,1,Gabès,Gabès,house,0,1,True,False,False,1994,310083
137,1,2,Monastir,Monastir,villa,0,7,False,False,False,2000,412512
446,1,1,Monastir,Monastir,villa,0,2,True,True,False,2003,1266972
289,2,4,Tataouine,Tataouine,villa,0,3,True,True,True,1993,742963
392,5,2,Bizerte,Bizerte,apartment,2,3,True,False,False,2003,312157
429,3,4,Gabès,Gabès,house,0,5,False,False,False,2013,894550
215,1,2,Gabès,Gabès,apartment,2,6,False,False,False,1999,169936
188,5,2,Ariana,Tunis,apartment,1,1,False,False,False,2020,690054
340,5,3,Sousse,Sousse,villa,0,4,False,True,True,2012,2355580
473,7,2,Centre Ville,Tunis,apartment,8,1,True,False,False,2004,1265712
455,1,2,Bizerte,Bizerte,apartment,0,1,True,False,False,1997,929892
395,5,2,Sfax,Sfax,villa,0,6,False,True,False,2005,879080
129,6,2,Tataouine,Tataouine,villa,0,8,False,True,False,1995,307934
439,2,1,Lac 1,Tunis,apartment,8,6,True,False,False,2005,2229154
476,5,3,Sousse,Sousse,house,0,8,True,False,False,2020,787484
490,3,4,Kairouan,Kairouan,house,0,9,True,False,False,2012,909100
315,7,1,Sfax,Sfax,villa,0,3,False,True,True,2004,1506160
403,2,3,Sfax,Sfax,house,0,3,False,False,False,2010,617363
292,1,2,Tataouine,Tataouine,apartment,0,2,False,False,False,1990,435897
362,2,1,Tataouine,Tataouine,villa,0,8,False,False,True,1994,579402
168,4,4,Sfax,Sfax,villa,0,7,True,True,False,1998,432259
64,5,1,Nabeul,Nabeul,apartment,4,8,True,False,False,1996,161925
104,4,4,Tataouine,Tataouine,apartment,7,6,True,False,False,2019,171312
152,7,4,Hammamet,Hammamet,apartment,2,8,False,False,False,2009,434841
145,3,3,Hammamet,Hammamet,villa,0,1,True,True,True,2015,508361
85,3,2,Gabès,Gabès,house,0,3,False,False,False,2001,186700
405,6,1,Tataouine,Tataouine,apartment,7,1,False,False,False,2001,348948
200,7,2,Hammamet,Hammamet,apartment,1,4,True,False,False,2002,408744
387,3,4,Sousse,Sousse,apartment,5,9,True,False,False,2008,848946
160,3,2,Gabès,Gabès,apartment,2,3,True,False,False,2009,110745
380,5,4,Bizerte,Bizerte,apartment,0,1,True,False,False,2003,594350
234,3,3,Tataouine,Tataouine,villa,0,2,True,True,True,2011,520617
332,5,1,Gabès,Gabès,apartment,4,2,True,False,False,1998,602938
475,4,2,Hammamet,Hammamet,villa,0,8,True,False,False,1996,2244015
192,4,4,Sousse,Sousse,house,0,6,True,False,False,1998,544078
249,7,4,Bizerte,Bizerte,house,0,3,True,True,False,1996,323026
477,2,3,Gafsa,Gafsa,house,0,9,False,False,False,2018,1090879
253,3,3,Gabès,Gabès,apartment,7,4,True,False,False,1995,440979
443,2,4,Sousse,Sousse,villa,0,9,True,False,True,1996,3018492
392,3,2,Nabeul,Nabeul,house,0,4,True,False,False,2012,1331707
56,3,1,Hammamet,Hammamet,house,0,3,True,True,False,2006,122594
203,1,4,Monastir,Monastir,villa,0,6,True,False,False,2002,362184
317,7,1,Ariana,Tunis,apartment,0,4,True,False,False,2003,1035496
416,3,4,Sfax,Sfax,apartment,9,9,False,False,False,2006,773094
164,7,1,Monastir,Monastir,apartment,8,8,False,False,False,2023,319209
137,3,2,Hammamet,Hammamet,house,0,1,False,False,False,2002,295361
186,4,3,Monastir,Monastir,apartment,2,7,True,False,False,2012,348883
306,6,4,La Marsa,Tunis,house,0,3,True,True,False,1999,793945
118,3,1,Monastir,Monastir,house,0,2,True,True,False,2016,129551
423,1,2,Nabeul,Nabeul,apartment,1,2,False,False,False,2002,883224
129,3,4,Bizerte,Bizerte,apartment,5,7,False,False,False,2022,257380
253,1,1,Gafsa,Gafsa,apartment,8,2,False,False,False,2019,260488
316,6,4,Kairouan,Kairouan,villa,0,3,False,True,False,2015,436974
329,5,1,Hammamet,Hammamet,villa,0,4,False,True,False,2023,1948006
213,7,3,Gabès,Gabès,house,0,1,False,True,False,2002,356492
231,7,3,Sfax,Sfax,house,0,2,False,True,False,2010,582966
170,1,3,Gafsa,Gafsa,villa,0,3,False,False,False,1995,402696
232,6,1,Gabès,Gabès,villa,0,4,True,True,True,1997,1023808
256,6,4,La Marsa,Tunis,house,0,4,False,False,False,2008,1024358
137,2,4,Tataouine,Tataouine,apartment,1,2,False,False,False,2005,236516
67,7,3,Bizerte,Bizerte,house,0,6,False,True,False,2021,123403
388,1,3,Gabès,Gabès,house,0,5,False,True,False,2001,445203
390,3,2,Monastir,Monastir,apartment,2,9,False,False,False,2021,559728
272,4,1,Tataouine,Tataouine,villa,0,7,False,True,False,2021,756999
470,3,4,Nabeul,Nabeul,villa,0,5,True,True,True,2019,2281911
81,5,2,Monastir,Monastir,villa,0,3,True,True,False,2000,305273
453,5,1,Tataouine,Tataouine,villa,0,6,True,False,False,2008,1198638
217,7,1,Bizerte,Bizerte,apartment,9,8,True,False,False,1996,147646
250,1,2,Sfax,Sfax,apartment,8,3,False,False,False,2011,321400
356,4,4,Kairouan,Kairouan,apartment,6,7,True,False,False,2009,724872
158,3,4,Hammamet,Hammamet,house,0,8,False,True,False,2002,230729
161,7,4,Tataouine,Tataouine,villa,0,1,True,False,False,1990,334232
307,6,4,Bizerte,Bizerte,house,0,5,True,False,False,2007,297696
216,4,2,Gafsa,Gafsa,apartment,8,4,False,False,False,2018,274752
129,5,3,Soukra,Tunis,villa,0,9,False,True,False,2015,393857
199,3,2,Gafsa,Gafsa,house,0,7,True,False,False,1998,526754
64,5,2,Kairouan,Kairouan,house,0,5,False,True,False,2012,62965
413,4,1,Sfax,Sfax,villa,0,3,True,False,True,2001,823969
126,2,2,Hammamet,Hammamet,house,0,7,False,False,False,2001,441473
420,6,2,Gabès,Gabès,villa,0,9,False,True,False,2008,1574052
284,2,3,Sousse,Sousse,villa,0,9,True,False,True,1993,1943479
484,5,4,Gabès,Gabès,apartment,9,6,False,False,False,1992,637718
281,7,3,Sfax,Sfax,apartment,0,5,False,False,False,1990,185684
200,7,3,Hammamet,Hammamet,villa,0,5,False,True,True,1991,575752
442,4,2,La Marsa,Tunis,apartment,1,6,True,False,False,1997,1783072
122,7,2,Sfax,Sfax,apartment,1,5,True,False,False,1994,238368
206,7,1,Bizerte,Bizerte,villa,0,6,False,True,True,2003,591328
468,2,4,Bizerte,Bizerte,house,0,6,False,True,False,1992,1062753
350,2,2,Hammamet,Hammamet,house,0,5,False,False,False,2004,818454
401,5,4,Bizerte,Bizerte,apartment,0,2,False,False,False,2021,580327
416,4,3,Sousse,Sousse,apartment,2,5,True,False,False,2022,566092
159,5,4,Sousse,Sousse,house,0,5,True,True,False,2023,234345
396,1,1,Nabeul,Nabeul,villa,0,5,True,True,False,2014,1194420
452,6,4,Gafsa,Gafsa,house,0,7,True,False,False,2007,485193
454,7,1,Sfax,Sfax,apartment,2,9,True,False,False,1997,573565
367,7,3,Kairouan,Kairouan,apartment,7,3,True,False,False,2006,762684
416,1,1,Bizerte,Bizerte,apartment,5,9,True,False,False,1991,347692
397,1,3,Gafsa,Gafsa,house,0,3,False,False,False,1994,964074
165,5,2,Sfax,Sfax,villa,0,6,True,True,True,2000,300745
230,5,2,Hammamet,Hammamet,apartment,3,3,False,False,False,2002,528540
295,3,3,Sousse,Sousse,villa,0,5,True,True,True,2010,1628398
322,6,3,Kairouan,Kairouan,apartment,0,1,True,False,False,2023,668626
126,5,2,Soukra,Tunis,villa,0,9,False,True,True,1996,706864
303,7,2,Tataouine,Tataouine,apartment,1,3,True,False,False,1995,368290
329,3,4,Monastir,Monastir,house,0,1,False,True,False,2023,341749
314,7,4,Bizerte,Bizerte,villa,0,2,False,False,True,2012,623664
265,1,4,Hammamet,Hammamet,house,0,5,True,True,False,2020,678972
491,1,4,Gafsa,Gafsa,apartment,7,2,False,False,False,2007,871623
468,7,1,Nabeul,Nabeul,apartment,7,9,False,False,False,1995,941803
237,4,1,Kairouan,Kairouan,villa,0,6,True,True,False,2017,415858
199,7,4,Monastir,Monastir,villa,0,1,False,False,True,2002,641493
451,2,1,Kairouan,Kairouan,apartment,5,7,False,False,False,2011,462906
66,3,4,Hammamet,Hammamet,apartment,9,9,False,False,False,2018,154994
163,1,4,Nabeul,Nabeul,apartment,7,7,False,False,False,2017,275796
256,4,2,Gabès,Gabès,house,0,5,True,True,False,1990,274296
457,6,4,Centre Ville,Tunis,apartment,2,1,False,False,False,2009,850020
257,1,3,Gabès,Gabès,apartment,0,7,True,False,False,1995,317127
360,7,4,Lac 2,Tunis,villa,0,8,True,True,True,2000,3738158
317,4,4,Gabès,Gabès,house,0,4,True,False,False,2016,628979
189,5,4,Monastir,Monastir,apartment,2,3,False,False,False,1991,338688
239,1,1,Sousse,Sousse,apartment,7,5,True,False,False,2021,483329
397,7,3,Nabeul,Nabeul,apartment,7,5,False,False,False,2001,441622
318,7,3,Hammamet,Hammamet,villa,0,2,False,False,False,2017,646354
194,5,2,Nabeul,Nabeul,house,0,2,False,True,False,2011,823271
423,5,1,Nabeul,Nabeul,villa,0,7,True,True,False,2015,2477845
129,6,3,Kairouan,Kairouan,apartment,4,9,False,False,False,2011,187204
477,5,1,Bizerte,Bizerte,villa,0,4,True,False,True,2004,1461704
221,2,1,Monastir,Monastir,apartment,0,3,False,False,False,2009,433867
283,2,4,Nabeul,Nabeul,villa,0,1,False,False,True,2005,1324704
311,3,3,Hammamet,Hammamet,house,0,2,True,True,False,2007,1152660
77,4,4,Monastir,Monastir,house,0,1,False,False,False,2005,89129
224,2,4,Nabeul,Nabeul,apartment,3,1,False,False,False,2012,479808
252,2,2,Nabeul,Nabeul,apartment,0,8,False,False,False,1999,284558
255,7,3,Monastir,Monastir,villa,0,6,True,True,True,2016,965415
435,7,3,Tataouine,Tataouine,villa,0,3,False,True,False,1996,1156209
182,6,1,Gafsa,Gafsa,apartment,3,7,False,False,False,1996,160888
95,2,4,Nabeul,Nabeul,house,0,9,False,True,False,2019,391900
114,1,1,Sfax,Sfax,villa,0,4,False,False,True,2000,258010
349,3,2,Gabès,Gabès,house,0,8,True,False,False,2018,381489
211,6,1,Carthage,Tunis,villa,0,1,True,False,False,2021,1532151
296,5,3,Sfax,Sfax,house,0,2,True,True,False,2005,520532
377,5,4,Sfax,Sfax,house,0,9,False,False,False,2012,677906
143,2,1,Sfax,Sfax,house,0,2,True,False,False,2021,183014
334,1,2,Tataouine,Tataouine,villa,0,9,False,False,False,1996,1175947
118,7,2,Sousse,Sousse,apartment,1,6,False,False,False,2007,283200
410,5,4,Kairouan,Kairouan,apartment,4,4,True,False,False,1997,754236
422,6,3,Monastir,Monastir,house,0,3,False,True,False,1998,956363
105,1,4,Sfax,Sfax,villa,0,4,False,True,True,1995,311134
175,5,4,Carthage,Tunis,apartment,9,9,False,False,False,2012,396200
224,1,1,Tataouine,Tataouine,villa,0,6,True,True,True,2016,846113
327,5,3,Kairouan,Kairouan,apartment,6,3,True,False,False,2002,451848
144,5,2,Sfax,Sfax,house,0,4,False,True,False,2003,249080
368,7,4,Gafsa,Gafsa,house,0,9,False,False,False,2017,894416
432,1,3,Kairouan,Kairouan,villa,0,4,True,False,False,1993,572189
436,3,1,Sfax,Sfax,apartment,0,9,False,False,False,2013,527036
84,2,1,Monastir,Monastir,villa,0,6,True,False,True,2002,323781
386,6,3,Monastir,Monastir,apartment,4,9,True,False,False,1998,367039
237,7,4,Sfax,Sfax,villa,0,7,True,False,True,2019,928899
70,3,1,Kairouan,Kairouan,house,0,7,True,True,False,2005,112168
491,7,3,Kairouan,Kairouan,apartment,8,5,True,False,False,1995,693724
498,3,4,Monastir,Monastir,house,0,2,False,False,False,2013,1116635
443,7,1,Sfax,Sfax,house,0,6,False,True,False,2005,773871
165,6,2,Kairouan,Kairouan,apartment,2,7,False,False,False,2023,197868
153,5,3,Gafsa,Gafsa,apartment,7,2,False,False,False,2017,262792
397,1,4,Centre Ville,Tunis,villa,0,5,False,True,True,2009,3815181
361,2,2,Kairouan,Kairouan,apartment,7,9,True,False,False,1994,538554
226,2,2,Gabès,Gabès,house,0,5,True,True,False,1996,425123
453,6,2,Tataouine,Tataouine,house,0,3,True,False,False,1991,640605
52,7,1,Sfax,Sfax,house,0,4,False,True,False,1996,130338
182,2,1,Nabeul,Nabeul,house,0,6,True,True,False,2005,325960
300,3,3,Gafsa,Gafsa,house,0,9,True,True,False,2010,302702
71,3,2,Bizerte,Bizerte,villa,0,5,True,False,False,2006,149111
280,1,4,Sfax,Sfax,apartment,0,3,True,False,False,2011,200390
398,2,2,Tataouine,Tataouine,house,0,3,True,True,False,2005,742454
354,7,2,Nabeul,Nabeul,villa,0,3,False,True,False,2012,1278478
70,2,1,Nabeul,Nabeul,apartment,6,1,True,False,False,2008,95608
69,4,3,Bizerte,Bizerte,house,0,8,True,True,False,2022,76169
74,1,1,Lac 1,Tunis,apartment,3,4,False,False,False,1998,290968
331,7,2,Kairouan,Kairouan,house,0,7,False,False,False,2021,653711
148,4,3,Sousse,Sousse,house,0,9,True,False,False,2003,569211
489,4,4,Carthage,Tunis,villa,0,1,True,False,True,2021,5195169
463,4,2,Nabeul,Nabeul,villa,0,2,True,False,False,2007,2011960
329,6,4,Sfax,Sfax,house,0,6,False,True,False,1990,895022
360,2,2,Nabeul,Nabeul,house,0,1,True,True,False,1993,1284971
294,4,2,Hammamet,Hammamet,apartment,3,7,True,False,False,1996,338211
334,7,2,Nabeul,Nabeul,villa,0,4,True,False,True,2004,1386549
358,1,4,Monastir,Monastir,villa,0,4,True,False,True,2002,1538958
265,6,3,Kairouan,Kairouan,villa,0,8,True,False,False,1996,528496
127,4,1,Kairouan,Kairouan,villa,0,6,True,True,True,2019,350656
124,6,1,Gabès,Gabès,house,0,9,False,False,False,2003,311180
371,6,1,Sousse,Sousse,villa,0,3,True,False,True,2019,2153803
103,4,1,Tataouine,Tataouine,villa,0,5,False,False,False,2008,177835
205,4,3,Carthage,Tunis,apartment,6,1,False,False,False,2005,900770
69,1,1,Bizerte,Bizerte,villa,0,5,False,False,False,1994,230018
213,6,1,Nabeul,Nabeul,house,0,4,False,True,False,2012,673996
368,5,2,Nabeul,Nabeul,house,0,8,True,False,False,2020,840280
407,6,4,Bizerte,Bizerte,apartment,1,8,False,False,False,2004,703947
473,1,1,Gafsa,Gafsa,house,0,5,False,False,False,1995,750669
116,5,1,Bizerte,Bizerte,villa,0,5,False,True,False,2009,276350
280,7,1,Nabeul,Nabeul,house,0,8,False,False,False,2015,950913
446,4,1,Sousse,Sousse,villa,0,6,True,False,False,2014,1049966
239,7,2,Monastir,Monastir,house,0,5,False,True,False,2019,483946
416,4,1,Gabès,Gabès,apartment,4,8,False,False,False,1996,289868
274,1,1,Hammamet,Hammamet,villa,0,3,True,False,False,2017,1000505
146,6,1,Sfax,Sfax,villa,0,6,False,False,True,2016,666061
340,2,4,Gafsa,Gafsa,villa,0,6,True,False,False,2023,673444
461,6,1,Kairouan,Kairouan,apartment,3,4,False,False,False,2012,701088
465,3,3,Nabeul,Nabeul,house,0,3,True,False,False,2011,950564
482,1,3,Kairouan,Kairouan,house,0,3,True,True,False,1995,682615
192,4,4,Sousse,Sousse,house,0,1,False,True,False,2013,440833
482,3,1,Ariana,Tunis,villa,0,7,True,False,True,2022,3311230
287,7,4,Sousse,Sousse,house,0,1,True,False,False,2023,684944
311,4,4,Gabès,Gabès,apartment,0,4,False,False,False,2021,201279
284,5,1,Carthage,Tunis,house,0,5,False,True,False,2000,1242727
245,2,3,Gafsa,Gafsa,house,0,1,False,True,False,1997,488808
457,7,1,Hammamet,Hammamet,villa,0,9,False,False,False,2008,1548791
360,3,3,Kairouan,Kairouan,apartment,0,3,False,False,False,2011,313920
266,7,2,Bizerte,Bizerte,villa,0,1,False,True,True,1996,1219833
476,7,2,Gafsa,Gafsa,villa,0,7,False,True,True,2010,1084078
479,3,4,Nabeul,Nabeul,villa,0,8,True,False,False,1993,2096697
449,3,3,Sfax,Sfax,house,0,2,False,True,False,1990,637447
50,6,3,Monastir,Monastir,house,0,7,False,False,False,2013,105040
141,2,4,Tataouine,Tataouine,house,0,1,False,True,False,1999,223244
482,1,1,Nabeul,Nabeul,villa,0,7,False,True,False,1993,1826645
136,5,4,Nabeul,Nabeul,villa,0,7,True,True,False,1999,392901
85,2,4,Sousse,Sousse,house,0,2,False,False,False,2005,204734
470,1,3,Sousse,Sousse,house,0,9,False,True,False,1997,1850963
417,6,4,Gafsa,Gafsa,villa,0,2,False,True,False,1993,1320395
277,6,3,Nabeul,Nabeul,house,0,2,False,False,False,2007,369462
456,3,2,Hammamet,Hammamet,apartment,5,5,True,False,False,2013,658445
81,4,4,Kairouan,Kairouan,house,0,5,True,False,False,1996,183891
391,3,3,Sousse,Sousse,apartment,6,9,True,False,False,2015,1161692
190,2,3,Kairouan,Kairouan,villa,0,2,True,True,False,2017,401330
469,1,2,Sousse,Sousse,apartment,5,6,True,False,False,2023,965595
413,6,2,La Marsa,Tunis,villa,0,6,False,False,True,2018,2649923
103,5,1,Nabeul,Nabeul,apartment,9,5,False,False,False,1998,145971
262,5,2,Sousse,Sousse,house,0,6,False,False,False,2000,350273
305,7,1,Hammamet,Hammamet,house,0,4,False,True,False,2023,704469
408,7,1,Sfax,Sfax,house,0,8,True,False,False,2021,741371
185,6,2,Nabeul,Nabeul,apartment,1,8,True,False,False,1996,562237
103,5,3,Soukra,Tunis,villa,0,2,False,False,False,2023,559537
413,7,1,Monastir,Monastir,apartment,8,8,False,False,False,2006,582825
61,6,3,Nabeul,Nabeul,apartment,1,5,False,False,False,1995,70857
384,2,1,Nabeul,Nabeul,house,0,3,True,True,False,2001,1466809
480,6,1,Sousse,Sousse,house,0,1,True,True,False,2022,1622484
167,5,3,Bizerte,Bizerte,house,0,8,True,True,False,2019,381140
385,2,1,Tataouine,Tataouine,house,0,2,False,False,False,2008,402001
373,3,2,Monastir,Monastir,villa,0,9,True,False,False,2020,543108
373,7,3,Bizerte,Bizerte,villa,0,7,True,False,True,2005,816750
353,5,3,Gafsa,Gafsa,apartment,6,4,False,False,False,2021,539666
74,5,4,Sousse,Sousse,house,0,3,False,False,False,1996,202366
282,1,2,Sfax,Sfax,apartment,6,2,False,False,False,1990,281097
436,7,1,Ariana,Tunis,villa,0,6,True,True,True,2014,3501547
265,5,4,Tataouine,Tataouine,apartment,6,6,False,False,False,1997,316516
117,2,3,Bizerte,Bizerte,villa,0,4,True,False,False,2002,205208
122,7,1,Kairouan,Kairouan,apartment,2,3,True,False,False,2014,247079
270,3,4,Bizerte,Bizerte,house,0,4,True,False,False,2000,306633
203,5,2,Sousse,Sousse,house,0,8,False,True,False,1999,289128
272,4,2,Monastir,Monastir,apartment,9,4,True,False,False,1998,376078
58,7,2,Hammamet,Hammamet,apartment,7,4,True,False,False,2003,96977
78,3,3,Gafsa,Gafsa,house,0,3,True,False,False,2021,159790
325,3,4,Hammamet,Hammamet,house,0,4,False,False,False,1997,1245699
91,5,1,Monastir,Monastir,villa,0,6,False,False,False,2005,113742
102,5,3,Gabès,Gabès,apartment,1,6,True,False,False,2022,195864
64,6,3,Lac 1,Tunis,house,0,5,False,False,False,2015,343283
156,7,4,Monastir,Monastir,apartment,2,6,True,False,False,2012,181883
274,5,1,Tataouine,Tataouine,house,0,2,True,True,False,2023,672081
192,3,2,Gafsa,Gafsa,villa,0,9,False,True,True,2015,418297
405,7,1,Sousse,Sousse,house,0,4,False,False,False,2009,1559282
443,7,1,Kairouan,Kairouan,apartment,8,6,False,False,False,2017,815474
324,6,2,Monastir,Monastir,apartment,3,3,False,False,False,2011,227577
188,6,2,Sfax,Sfax,villa,0,9,False,True,True,2013,385968
322,4,2,Gabès,Gabès,apartment,3,7,True,False,False,1998,357304
198,2,2,Nabeul,Nabeul,house,0,1,False,True,False,1990,553482
497,7,1,Gafsa,Gafsa,house,0,9,True,False,False,1990,1139720
327,6,4,Tataouine,Tataouine,villa,0,1,True,False,False,1999,1185628
192,4,4,Kairouan,Kairouan,house,0,4,False,False,False,1994,283944
224,3,1,Monastir,Monastir,villa,0,4,False,False,True,2014,674279
498,5,1,Kairouan,Kairouan,villa,0,4,True,True,True,1994,1863864
289,2,2,Hammamet,Hammamet,apartment,1,2,True,False,False,2005,720997
274,3,3,Sfax,Sfax,house,0,1,True,True,False,1993,468679
373,3,1,Sfax,Sfax,house,0,1,False,False,False,2003,736272
330,4,3,Gabès,Gabès,house,0,1,True,False,False,1999,882161
341,7,3,Sfax,Sfax,apartment,1,1,True,False,False,1995,340863
151,1,4,Gabès,Gabès,apartment,8,2,True,False,False,2023,299342
486,1,3,Tataouine,Tataouine,house,0,9,False,True,False,1995,976863
243,6,1,Lac 2,Tunis,villa,0,3,False,True,True,2005,1591226
265,7,1,Hammamet,Hammamet,apartment,6,8,True,False,False,2015,279474
212,7,4,Hammamet,Hammamet,house,0,5,False,False,False,1996,278135
484,3,2,Sfax,Sfax,villa,0,1,True,True,True,2002,2554470
477,6,2,Bizerte,Bizerte,villa,0,6,False,True,False,2022,685300
168,7,2,Monastir,Monastir,villa,0,9,False,True,True,2004,717837
456,4,1,Sousse,Sousse,house,0,1,False,True,False,1997,827880
319,1,2,Sfax,Sfax,house,0,6,True,False,False,1994,717945
228,1,4,Ariana,Tunis,apartment,2,2,False,False,False,2019,562932
166,7,4,Gafsa,Gafsa,apartment,8,1,False,False,False,1999,159625
372,4,4,Kairouan,Kairouan,apartment,8,1,False,False,False,2017,380630
426,7,4,Bizerte,Bizerte,villa,0,9,True,False,False,2000,758763
354,3,1,Sfax,Sfax,apartment,5,8,True,False,False,2010,247403
233,5,1,Kairouan,Kairouan,apartment,7,2,False,False,False,2002,320980
495,2,4,Gabès,Gabès,villa,0,9,True,False,True,1992,2168754
204,7,3,Gafsa,Gafsa,house,0,1,True,True,False,1991,590557
223,2,3,Sousse,Sousse,apartment,6,1,True,False,False,1996,264683
331,3,4,Sfax,Sfax,house,0,6,False,False,False,2016,712232
184,1,2,Sfax,Sfax,apartment,4,8,True,False,False,2013,334158
308,7,3,Sousse,Sousse,villa,0,4,False,False,True,1995,1902700
91,2,4,Gabès,Gabès,apartment,1,6,True,False,False,2008,99066
355,6,1,Gafsa,Gafsa,apartment,6,4,False,False,False,2001,291100
108,4,4,Monastir,Monastir,apartment,7,4,True,False,False,2003,219179
354,3,2,Gafsa,Gafsa,house,0,7,False,True,False,2002,435754
410,1,4,Monastir,Monastir,house,0,3,False,True,False,2005,401498
415,4,2,Gabès,Gabès,house,0,6,True,True,False,2009,1154521
97,7,1,Gabès,Gabès,villa,0,2,True,True,False,2018,304914
379,4,2,Bizerte,Bizerte,apartment,7,8,False,False,False,2006,298652
423,1,2,Bizerte,Bizerte,villa,0,7,True,False,True,2007,1044299
377,1,3,Hammamet,Hammamet,apartment,9,4,False,False,False,2009,784914
242,7,4,Hammamet,Hammamet,apartment,6,9,False,False,False,2002,273847
267,7,3,Kairouan,Kairouan,apartment,1,1,True,False,False,2006,263304
214,4,1,Bizerte,Bizerte,villa,0,6,True,True,False,2020,310722
487,1,2,Nabeul,Nabeul,apartment,2,4,True,False,False,1995,703822
364,5,1,Tataouine,Tataouine,house,0,2,True,True,False,1991,395699
240,1,4,Sfax,Sfax,villa,0,8,True,True,True,1997,806399
180,1,1,Kairouan,Kairouan,house,0,9,True,True,False,2020,183999
111,7,1,Hammamet,Hammamet,villa,0,8,True,True,False,2020,468553
304,5,1,Kairouan,Kairouan,house,0,1,False,True,False,2008,657296
95,6,2,La Marsa,Tunis,villa,0,1,False,True,False,2018,387862
451,4,1,Gafsa,Gafsa,villa,0,7,True,False,True,2000,1453836
167,1,3,Lac 2,Tunis,apartment,8,9,True,False,False,2001,319838
215,4,4,Tataouine,Tataouine,house,0,9,True,True,False,1998,398750
237,3,1,Monastir,Monastir,apartment,1,3,False,False,False,2006,291794
358,4,2,Tataouine,Tataouine,apartment,2,6,True,False,False,1995,254409
248,4,4,Bizerte,Bizerte,villa,0,9,True,False,False,2009,889443
252,2,4,Carthage,Tunis,villa,0,6,False,True,True,1994,1783782
312,6,4,Tataouine,Tataouine,apartment,5,8,False,False,False,2009,334214
136,3,1,Sfax,Sfax,villa,0,9,False,True,False,1998,397457
305,7,2,Nabeul,Nabeul,apartment,7,6,False,False,False,2002,843264
452,7,1,Kairouan,Kairouan,villa,0,1,False,True,False,2001,969420
270,1,4,Tataouine,Tataouine,apartment,6,7,True,False,False,2002,385560
237,6,2,Sousse,Sousse,apartment,4,7,True,False,False,2017,711014
443,4,3,Sousse,Sousse,house,0,9,True,True,False,2012,1732088
110,6,4,Gabès,Gabès,apartment,6,8,False,False,False,1992,202928
62,2,4,Gabès,Gabès,apartment,0,8,False,False,False,2008,78169
461,6,4,Gafsa,Gafsa,apartment,1,9,True,False,False,1995,570017
278,2,1,Nabeul,Nabeul,apartment,5,7,True,False,False,2022,403872
361,4,1,Gabès,Gabès,house,0,7,False,False,False,1991,641626
298,7,1,Gabès,Gabès,apartment,8,2,False,False,False,2008,514705
284,4,1,Hammamet,Hammamet,apartment,0,2,False,False,False,2016,796449
299,6,3,Tataouine,Tataouine,villa,0,3,False,True,False,2005,445199
481,2,4,Gabès,Gabès,villa,0,8,False,True,True,2020,962741
492,7,4,Tataouine,Tataouine,apartment,4,7,True,False,False,2018,993938
387,1,4,Tataouine,Tataouine,house,0,3,True,False,False,2016,988893
251,2,3,Sousse,Sousse,apartment,8,4,True,False,False,1999,551873
276,5,4,Monastir,Monastir,villa,0,4,False,False,True,2002,782241
427,5,3,Kairouan,Kairouan,house,0,6,True,False,False,1993,936298
103,5,3,Gabès,Gabès,apartment,4,5,False,False,False,2003,136948
269,4,4,Monastir,Monastir,apartment,5,3,True,False,False,1990,185739
497,4,4,Carthage,Tunis,villa,0,4,True,True,False,2007,4686880
98,7,3,Nabeul,Nabeul,house,0,7,True,False,False,2014,326345
311,3,1,Bizerte,Bizerte,apartment,8,3,False,False,False,1990,231881
498,7,3,Sfax,Sfax,house,0,2,False,False,False,1998,880464
296,4,4,Kairouan,Kairouan,apartment,0,8,True,False,False,1990,326712
327,2,1,Hammamet,Hammamet,house,0,4,True,False,False,2009,1335851
335,2,1,Hammamet,Hammamet,apartment,9,7,True,False,False,1998,1008396
495,1,1,Sfax,Sfax,apartment,8,5,False,False,False,2013,635976
252,1,2,Monastir,Monastir,house,0,2,False,True,False,1999,633080
201,3,3,Tataouine,Tataouine,house,0,6,False,False,False,1995,307497
88,5,3,Nabeul,Nabeul,apartment,2,8,True,False,False,2006,195370
339,4,4,Sousse,Sousse,house,0,6,False,False,False,2000,887922
332,2,3,Tataouine,Tataouine,villa,0,6,True,False,False,2010,1137495
420,2,4,Kairouan,Kairouan,villa,0,1,False,True,True,2007,1357836
201,1,2,Hammamet,Hammamet,apartment,2,6,False,False,False,1997,487224
485,1,3,Hammamet,Hammamet,apartment,4,4,False,False,False,2013,1140138
165,5,1,Sousse,Sousse,villa,0,2,False,True,False,2009,796233
211,3,2,Sfax,Sfax,house,0,3,True,False,False,2014,508288
490,6,3,Hammamet,Hammamet,apartment,8,7,False,False,False,2009,592704
308,7,2,Kairouan,Kairouan,house,0,8,False,False,False,2015,382141
467,6,4,Nabeul,Nabeul,villa,0,7,False,True,False,2016,1581168
128,5,2,Bizerte,Bizerte,house,0,2,True,False,False,2020,243210
400,6,2,Gabès,Gabès,apartment,9,4,False,False,False,2004,505920
208,5,3,Kairouan,Kairouan,apartment,4,9,False,False,False,2009,170726
235,7,4,Bizerte,Bizerte,villa,0,1,False,True,False,2005,429937
380,1,4,Gafsa,Gafsa,villa,0,3,True,False,False,2008,1331255
154,3,4,Sfax,Sfax,apartment,8,4,False,False,False,2000,293955
175,7,2,Sfax,Sfax,house,0,1,True,False,False,2013,217662
263,6,3,Sousse,Sousse,apartment,4,5,False,False,False,2009,753968
360,2,3,Kairouan,Kairouan,house,0,1,False,False,False,2019,691516
250,3,2,Sousse,Sousse,house,0,4,False,False,False,1996,370110
63,5,2,Monastir,Monastir,apartment,1,7,True,False,False,2014,111449
384,4,1,Gafsa,Gafsa,villa,0,7,False,True,True,2005,1158423
130,7,4,Gafsa,Gafsa,villa,0,2,True,False,True,2020,251439
229,2,3,Monastir,Monastir,apartment,8,3,False,False,False,1997,415131
51,7,2,Bizerte,Bizerte,house,0,3,False,True,False,2009,122989
194,2,1,Monastir,Monastir,apartment,5,6,False,False,False,2023,287740
239,7,4,Kairouan,Kairouan,villa,0,9,True,True,True,2011,459913
137,4,1,Bizerte,Bizerte,apartment,1,4,True,False,False,2001,141778
466,6,3,Kairouan,Kairouan,villa,0,2,True,False,True,2022,1415173
289,6,1,Gabès,Gabès,apartment,1,8,False,False,False,2012,449915
469,6,4,Carthage,Tunis,apartment,3,5,False,False,False,1995,1923838
286,4,2,Kairouan,Kairouan,house,0,4,False,False,False,1990,681732
217,7,1,Lac 1,Tunis,apartment,2,1,True,False,False,2012,1040818
352,3,3,Nabeul,Nabeul,villa,0,4,False,True,True,2002,1354722
349,5,3,Nabeul,Nabeul,villa,0,9,True,True,False,1992,1251174
284,2,1,Sfax,Sfax,villa,0,1,False,True,False,2002,394523
435,2,3,Kairouan,Kairouan,apartment,8,8,True,False,False,2020,842247
260,2,1,Kairouan,Kairouan,apartment,8,8,False,False,False,2002,228592
132,1,2,Kairouan,Kairouan,apartment,2,8,True,False,False,2009,259348
157,4,2,Sfax,Sfax,apartment,6,5,False,False,False,2021,261876
300,6,2,Sfax,Sfax,apartment,5,8,True,False,False,1999,495684
485,2,4,Bizerte,Bizerte,apartment,8,4,True,False,False,2006,906057
408,4,1,Tataouine,Tataouine,villa,0,4,True,False,True,2018,1678512
66,5,1,Kairouan,Kairouan,villa,0,2,True,False,True,2016,277880
287,1,1,Sfax,Sfax,house,0,5,False,False,False,2008,672475
329,6,3,Gafsa,Gafsa,house,0,5,True,False,False,1994,699854
102,2,2,Soukra,Tunis,villa,0,8,True,False,False,1998,516457
461,2,2,Gafsa,Gafsa,villa,0,2,True,True,True,1997,2472951
363,5,4,Gafsa,Gafsa,apartment,0,2,False,False,False,1996,696960
338,2,4,Nabeul,Nabeul,house,0,7,False,True,False,2009,1347358
213,1,3,Gafsa,Gafsa,villa,0,6,True,False,True,2017,872932
222,7,3,Sousse,Sousse,apartment,7,4,False,False,False,1990,384948
73,5,1,Monastir,Monastir,apartment,2,4,False,False,False,2013,97469
478,7,1,Lac 2,Tunis,house,0,5,False,False,False,2021,1501302
315,3,3,Tataouine,Tataouine,villa,0,9,False,True,False,2016,484989
145,3,4,Bizerte,Bizerte,apartment,3,3,True,False,False,2006,215342
114,2,1,Monastir,Monastir,house,0,5,True,False,False,2009,154365
154,2,3,Sfax,Sfax,villa,0,3,True,False,False,2005,488980
382,3,2,Hammamet,Hammamet,house,0,6,False,True,False,2021,598482
87,6,2,Sousse,Sousse,villa,0,6,False,False,False,2002,315141
294,7,1,Sousse,Sousse,apartment,4,1,True,False,False,2017,720135
308,2,2,Nabeul,Nabeul,house,0,6,False,True,False,1991,458233
163,4,4,Monastir,Monastir,villa,0,9,False,True,False,2015,399681
480,2,2,Hammamet,Hammamet,house,0,2,False,False,False,2019,1554508
454,4,1,Hammamet,Hammamet,house,0,7,False,False,False,2022,1560252
307,3,4,Bizerte,Bizerte,villa,0,6,False,False,True,2023,762632
453,2,4,Ariana,Tunis,house,0,6,False,False,False,2012,1195172
86,6,1,Sousse,Sousse,apartment,3,6,False,False,False,1995,191436
194,6,1,Monastir,Monastir,apartment,4,7,True,False,False,2002,197996
432,6,3,Tataouine,Tataouine,villa,0,7,True,False,True,2011,750639
311,5,2,Tataouine,Tataouine,house,0,3,False,True,False,1998,665316
390,2,2,Sfax,Sfax,villa,0,7,False,True,False,1992,1205867
372,1,1,Gafsa,Gafsa,villa,0,7,False,False,False,1992,601032
360,4,3,Sousse,Sousse,house,0,2,False,True,False,2003,1188570
369,7,1,Nabeul,Nabeul,apartment,1,6,True,False,False,1999,1080055
399,1,3,Nabeul,Nabeul,house,0,9,True,False,False,1990,1421497
458,5,1,Bizerte,Bizerte,apartment,0,6,True,False,False,1991,319702
145,2,4,Hammamet,Hammamet,villa,0,8,False,False,False,1995,591948
227,6,3,Tataouine,Tataouine,apartment,5,3,False,False,False,1994,405149
103,2,3,Tataouine,Tataouine,house,0,7,False,True,False,2013,150235
353,1,2,Centre Ville,Tunis,apartment,3,7,True,False,False,2007,767801
419,4,3,Lac 1,Tunis,house,0,2,False,True,False,2018,1263050
191,5,1,Monastir,Monastir,villa,0,7,True,False,False,1997,715626
388,3,3,Sfax,Sfax,villa,0,4,False,True,False,2007,1050337
491,6,1,Monastir,Monastir,villa,0,2,False,False,True,1990,2006508
114,1,3,Gafsa,Gafsa,apartment,4,9,False,False,False,2016,108801
99,4,4,Hammamet,Hammamet,apartment,0,1,True,False,False,1997,256590
75,2,2,Gafsa,Gafsa,house,0,9,True,True,False,1991,196125
247,7,3,Nabeul,Nabeul,house,0,6,True,False,False,2017,382738
253,2,4,Nabeul,Nabeul,apartment,1,5,False,False,False,2014,508226
70,2,4,Hammamet,Hammamet,apartment,8,5,True,False,False,2022,76557
129,7,1,Nabeul,Nabeul,house,0,5,True,False,False,2018,361960
270,6,1,Bizerte,Bizerte,villa,0,2,True,True,False,2021,759367
91,7,3,Monastir,Monastir,villa,0,8,True,False,False,2000,342466
269,3,3,Bizerte,Bizerte,apartment,8,4,True,False,False,1992,444463
152,4,1,Hammamet,Hammamet,villa,0,8,True,True,False,1990,313985
79,6,4,Bizerte,Bizerte,house,0,3,True,False,False,1997,106454
341,2,3,Gabès,Gabès,apartment,2,4,False,False,False,2014,555148
494,6,4,Gafsa,Gafsa,house,0,5,True,True,False,2006,1133380
458,4,1,Gabès,Gabès,villa,0,1,False,True,False,2020,1373318
276,4,4,Nabeul,Nabeul,apartment,3,8,False,False,False,2009,341798
103,1,1,Gabès,Gabès,house,0,2,True,True,False,1999,307576
484,1,4,Kairouan,Kairouan,house,0,7,False,False,False,1999,897490
274,6,3,Tataouine,Tataouine,apartment,1,1,True,False,False,2010,441677
244,2,3,Bizerte,Bizerte,apartment,7,6,True,False,False,2015,281820
207,1,1,Kairouan,Kairouan,apartment,5,2,False,False,False,2007,241444
231,2,1,Ariana,Tunis,house,0,2,True,True,False,2001,417776
92,3,3,Lac 1,Tunis,house,0,5,True,False,False,1995,608309
411,1,2,Monastir,Monastir,apartment,3,4,True,False,False,2021,821325
192,2,2,Gabès,Gabès,villa,0,9,True,False,True,2000,761206
204,6,2,Monastir,Monastir,apartment,9,8,False,False,False,2010,175603
121,1,2,Gabès,Gabès,house,0,9,False,False,False,2017,230161
288,7,4,Nabeul,Nabeul,house,0,4,True,True,False,2006,1249555
61,6,3,Sousse,Sousse,house,0,4,True,True,False,2001,255540
119,4,1,Gabès,Gabès,apartment,3,5,True,False,False,1992,230407
313,2,3,Tataouine,Tataouine,house,0,9,True,False,False,1998,715379
396,1,4,Nabeul,Nabeul,apartment,3,2,True,False,False,2022,888148
50,4,3,Hammamet,Hammamet,apartment,0,7,True,False,False,1991,59346
377,6,4,Sfax,Sfax,apartment,8,8,False,False,False,2010,278376
106,6,4,Sfax,Sfax,villa,0,8,False,True,False,1999,363680
181,4,2,Kairouan,Kairouan,house,0,9,False,True,False,2012,166479
262,6,1,Tataouine,Tataouine,house,0,1,False,True,False,2014,400136
391,5,1,Gafsa,Gafsa,house,0,2,True,True,False,2015,955307
75,4,3,Gabès,Gabès,villa,0,2,True,False,False,2017,206955
199,7,4,Hammamet,Hammamet,villa,0,1,False,False,True,2009,485590
250,4,4,Kairouan,Kairouan,villa,0,4,False,False,True,2015,806364
182,3,2,Nabeul,Nabeul,house,0,2,True,False,False,2004,389935
402,5,1,Bizerte,Bizerte,apartment,7,6,False,False,False,2011,716846
485,7,1,Sousse,Sousse,house,0,3,True,False,False,2017,1596804
263,5,2,Monastir,Monastir,villa,0,1,True,True,False,1994,609328
450,4,2,Gabès,Gabès,apartment,6,9,False,False,False,1998,352080
72,7,4,Lac 1,Tunis,apartment,3,1,True,False,False,2011,203515
79,5,3,Kairouan,Kairouan,villa,0,8,False,False,True,2015,211923
183,2,4,Hammamet,Hammamet,villa,0,9,False,True,False,2002,931358
279,6,2,Sfax,Sfax,apartment,9,8,True,False,False,1994,474813
316,6,1,Nabeul,Nabeul,house,0,8,False,False,False,2010,894229
118,6,2,Gabès,Gabès,villa,0,8,False,False,True,2023,249612
469,3,1,Hammamet,Hammamet,apartment,5,8,True,False,False,2023,960277
160,5,4,Hammamet,Hammamet,house,0,1,False,False,False,1993,609273
82,3,4,Soukra,Tunis,house,0,9,True,False,False,2023,215912
228,6,2,La Marsa,Tunis,house,0,4,False,False,False,2012,1408492
349,5,3,Gabès,Gabès,villa,0,7,False,False,False,2012,816660
150,1,3,Sfax,Sfax,apartment,6,3,True,False,False,2019,288792
390,2,3,Kairouan,Kairouan,villa,0,9,True,True,True,2015,1780927
428,4,4,Gabès,Gabès,apartment,8,8,True,False,False,1991,366710
328,6,3,Monastir,Monastir,house,0,4,False,True,False,2010,452154
314,2,3,Nabeul,Nabeul,villa,0,9,False,True,False,2015,1456316
157,5,1,Nabeul,Nabeul,villa,0,6,True,True,True,1993,961857
193,5,4,La Marsa,Tunis,villa,0,8,True,True,True,2011,1168431
256,4,3,Sfax,Sfax,house,0,2,False,True,False,2006,342358
478,4,4,Nabeul,Nabeul,villa,0,1,True,True,False,1991,1774461
327,5,3,Gafsa,Gafsa,apartment,0,8,False,False,False,2019,384290
475,7,2,Sfax,Sfax,apartment,1,6,False,False,False,1996,472340
162,6,4,Kairouan,Kairouan,apartment,0,2,False,False,False,1991,201657
402,3,2,Monastir,Monastir,villa,0,6,False,False,True,2022,1820403
377,3,2,Bizerte,Bizerte,villa,0,1,True,False,False,2015,1275143
144,1,3,Sousse,Sousse,house,0,5,True,False,False,1994,204029
446,7,2,Gafsa,Gafsa,villa,0,9,False,True,True,2003,1502507
108,2,4,Nabeul,Nabeul,apartment,1,4,False,False,False,2001,295747
117,3,1,La Marsa,Tunis,villa,0,6,True,False,True,2004,1072259
80,6,1,Bizerte,Bizerte,apartment,5,1,True,False,False,2018,158323
429,6,4,Sfax,Sfax,house,0,4,True,False,False,2019,1163674
305,4,3,Hammamet,Hammamet,apartment,9,6,False,False,False,2009,862662
293,4,4,Kairouan,Kairouan,villa,0,3,True,False,False,2002,815592
71,1,2,Tataouine,Tataouine,apartment,8,2,True,False,False,2000,94231
146,2,1,Carthage,Tunis,apartment,5,1,False,False,False,2016,393324
209,1,3,Nabeul,Nabeul,apartment,5,9,True,False,False,2007,249909
80,4,1,Bizerte,Bizerte,house,0,3,False,True,False,2022,143137
220,1,4,Gabès,Gabès,house,0,9,False,True,False,1998,460071
384,2,1,Bizerte,Bizerte,house,0,8,False,False,False,1999,890173
152,4,2,Tataouine,Tataouine,house,0,5,False,False,False,2009,158238
139,1,1,Bizerte,Bizerte,villa,0,8,True,False,False,2017,251781
237,4,2,Hammamet,Hammamet,villa,0,4,True,False,True,2001,1644906
124,6,1,Tataouine,Tataouine,apartment,1,7,True,False,False,2004,200299
118,7,3,Tataouine,Tataouine,villa,0,1,True,True,False,2023,481027
201,2,4,Nabeul,Nabeul,house,0,3,False,False,False,1992,363416
54,4,2,Sousse,Sousse,house,0,7,False,True,False,2000,154563
249,4,3,Sfax,Sfax,house,0,3,True,True,False,2017,700489
281,7,2,Monastir,Monastir,apartment,1,8,False,False,False,1995,309999
360,3,1,Gafsa,Gafsa,apartment,5,3,False,False,False,1995,292896
157,3,2,Bizerte,Bizerte,house,0,4,True,False,False,2018,272081
59,2,4,La Marsa,Tunis,villa,0,2,True,False,False,2003,543053
236,4,4,Sfax,Sfax,house,0,7,True,True,False,2010,609772
216,2,1,Sousse,Sousse,apartment,7,9,False,False,False,2006,317520
78,4,3,Monastir,Monastir,apartment,4,9,False,False,False,1997,130603
299,7,4,Soukra,Tunis,apartment,1,6,False,False,False,2009,1099722
223,5,1,Sousse,Sousse,villa,0,4,True,False,False,2009,1164268
197,3,2,Monastir,Monastir,house,0,1,False,False,False,2007,197914
349,1,2,Kairouan,Kairouan,apartment,3,2,False,False,False,2020,616194
276,7,2,Kairouan,Kairouan,villa,0,6,True,True,False,1997,414516
242,2,1,Gafsa,Gafsa,villa,0,7,True,False,True,2013,664042
158,3,4,Kairouan,Kairouan,villa,0,7,True,False,True,2001,743492
487,4,4,Kairouan,Kairouan,villa,0,6,True,False,True,2003,2100200
161,3,2,Monastir,Monastir,villa,0,4,False,False,True,1999,496694
292,2,2,Hammamet,Hammamet,apartment,6,7,True,False,False,2007,889630
384,7,4,Sfax,Sfax,villa,0,6,False,True,False,2019,809588
431,5,2,Gafsa,Gafsa,house,0,9,False,False,False,2012,934132
355,1,2,Gafsa,Gafsa,apartment,6,9,False,False,False,2016,352160
470,7,1,Bizerte,Bizerte,house,0,3,True,True,False,1997,844023
250,3,2,Lac 2,Tunis,villa,0,6,False,True,False,2023,1649340
444,4,4,Tataouine,Tataouine,villa,0,6,False,False,False,1990,1522316
291,3,4,Bizerte,Bizerte,villa,0,6,False,True,False,1992,1141758
435,5,4,Tataouine,Tataouine,house,0,6,True,False,False,2022,522997
219,6,1,Sousse,Sousse,villa,0,7,True,True,True,2014,1091684
188,6,1,Nabeul,Nabeul,apartment,8,7,False,False,False,2011,450974
112,7,2,Monastir,Monastir,apartment,4,6,True,False,False,1990,192769
492,6,4,Sfax,Sfax,villa,0,9,False,True,True,1995,1669632
486,3,4,Gafsa,Gafsa,house,0,4,False,False,False,2010,482189
218,4,4,Kairouan,Kairouan,house,0,3,False,True,False,2008,581582
490,5,2,Gafsa,Gafsa,house,0,1,True,True,False,2012,1293716
112,6,4,Gabès,Gabès,house,0,6,False,True,False,1992,229861
129,2,3,Nabeul,Nabeul,villa,0,9,True,False,False,2006,394972
382,4,3,Kairouan,Kairouan,apartment,9,7,False,False,False,2013,373137
137,1,1,Tataouine,Tataouine,villa,0,9,True,True,False,1995,268189
173,5,4,Sfax,Sfax,house,0,9,True,True,False,2021,198040
444,4,1,Nabeul,Nabeul,house,0,5,True,True,False,1992,904799
292,6,2,Sfax,Sfax,house,0,9,False,True,False,2014,392506
130,6,4,Gafsa,Gafsa,apartment,3,3,True,False,False,1991,258258
315,3,1,Hammamet,Hammamet,villa,0,4,True,False,False,2022,1269524
53,7,2,Kairouan,Kairouan,house,0,9,True,True,False,2017,82762
199,2,1,Gafsa,Gafsa,villa,0,1,True,False,False,2001,745901
150,5,4,Tataouine,Tataouine,house,0,1,True,True,False,2020,157837
345,3,1,Tataouine,Tataouine,villa,0,2,True,False,True,1997,1047713
248,2,1,Sfax,Sfax,apartment,3,9,False,False,False,1992,309702
387,2,3,Sousse,Sousse,apartment,7,8,True,False,False,2021,406187
364,2,2,Kairouan,Kairouan,apartment,9,7,False,False,False,2004,416124
253,3,1,Bizerte,Bizerte,apartment,1,1,True,False,False,2004,213157
428,7,2,La Marsa,Tunis,villa,0,2,True,True,True,2023,2181641
467,6,3,Sfax,Sfax,apartment,0,4,True,False,False,1996,420916
418,5,3,Ariana,Tunis,villa,0,4,True,True,False,2000,2979876
479,1,2,Sfax,Sfax,house,0,2,True,False,False,2001,607281
333,3,4,Nabeul,Nabeul,house,0,6,False,True,False,2013,1225713
144,6,4,Bizerte,Bizerte,house,0,1,True,True,False,2003,408215
149,1,3,Tataouine,Tataouine,villa,0,5,False,True,True,1990,379537
68,1,2,Gafsa,Gafsa,house,0,6,False,True,False,2019,97940
443,2,4,Sfax,Sfax,house,0,8,True,True,False,2018,433155
97,3,4,Nabeul,Nabeul,apartment,1,4,True,False,False,2019,266195
259,3,3,Kairouan,Kairouan,apartment,3,6,False,False,False,2022,450660
124,6,4,Monastir,Monastir,villa,0,2,True,False,False,2012,161614
203,5,4,Gabès,Gabès,house,0,5,False,False,False,2014,275933
147,4,2,Tataouine,Tataouine,villa,0,9,False,True,False,2009,490843
221,5,1,Tataouine,Tataouine,villa,0,6,False,True,True,2006,890142
101,5,1,Kairouan,Kairouan,house,0,2,False,True,False,1991,191109
156,5,3,Monastir,Monastir,apartment,3,6,False,False,False,2014,125049
483,2,4,Sousse,Sousse,apartment,8,5,True,False,False,1995,634140
92,2,3,Sousse,Sousse,house,0,7,False,False,False,2023,208821
496,5,3,Gabès,Gabès,house,0,9,True,False,False,2021,938648
281,6,1,Nabeul,Nabeul,villa,0,1,True,True,True,2011,1463628
90,2,4,Hammamet,Hammamet,villa,0,2,True,False,False,1990,186973
483,3,2,Gabès,Gabès,apartment,3,3,False,False,False,1999,814144
83,7,3,Gabès,Gabès,apartment,2,8,True,False,False,1992,57309
194,7,2,Gabès,Gabès,villa,0,2,True,True,False,1995,763415
142,1,2,Gabès,Gabès,apartment,2,1,False,False,False,2001,214249
149,4,4,Gafsa,Gafsa,house,0,8,True,True,False,1999,290840
241,6,1,Lac 2,Tunis,house,0,7,True,False,False,1999,694116
88,7,4,Sousse,Sousse,villa,0,2,True,True,False,2006,304285
114,1,4,Nabeul,Nabeul,house,0,4,True,False,False,1998,232107
205,1,3,Gafsa,Gafsa,house,0,3,False,True,False,1997,473964
236,4,1,Nabeul,Nabeul,apartment,9,6,False,False,False,2018,436128
445,1,1,Sfax,Sfax,villa,0,1,True,False,False,2008,893531
103,4,4,Sfax,Sfax,house,0,3,True,False,False,2003,124173
487,5,4,Monastir,Monastir,house,0,8,False,False,False,2023,1128437
353,4,4,Gabès,Gabès,house,0,4,True,True,False,2004,611866
395,7,3,Sfax,Sfax,apartment,3,6,False,False,False,1993,750816
250,3,3,Kairouan,Kairouan,apartment,4,9,True,False,False,1991,423780
166,4,4,Gabès,Gabès,apartment,4,7,True,False,False,2002,256430
473,6,1,Bizerte,Bizerte,villa,0,1,False,True,False,1990,1546414
107,1,1,Tataouine,Tataouine,apartment,1,9,False,False,False,2003,186779
426,3,1,Sfax,Sfax,villa,0,1,True,True,True,2020,1098848
375,7,1,Nabeul,Nabeul,house,0,6,True,True,False,2019,995269
67,7,1,Kairouan,Kairouan,apartment,7,7,False,False,False,2010,126174
200,7,4,Centre Ville,Tunis,house,0,2,True,False,False,2009,705568
177,1,2,Bizerte,Bizerte,house,0,1,False,True,False,2001,286318
280,3,4,Nabeul,Nabeul,apartment,0,3,False,False,False,1994,718704
371,7,2,Tataouine,Tataouine,apartment,9,7,False,False,False,1999,371593
96,4,4,Bizerte,Bizerte,villa,0,6,True,True,True,2006,422399
197,3,4,Hammamet,Hammamet,apartment,1,1,True,False,False,2012,589026
102,4,1,Hammamet,Hammamet,villa,0,8,True,False,True,2000,677860
222,2,2,Bizerte,Bizerte,house,0,9,True,True,False,2011,293333
494,3,3,Bizerte,Bizerte,apartment,4,8,True,False,False,1996,622440
381,4,4,Kairouan,Kairouan,villa,0,2,True,False,True,1994,897923
188,6,3,Bizerte,Bizerte,villa,0,7,True,False,False,2023,586420
386,2,2,Gafsa,Gafsa,villa,0,8,False,True,False,2015,1116460
108,4,4,Ariana,Tunis,house,0,3,False,True,False,1991,534207
450,1,4,Sousse,Sousse,house,0,6,False,False,False,2020,1273428
147,4,1,Tataouine,Tataouine,house,0,2,True,False,False,2010,359734
76,5,3,Hammamet,Hammamet,villa,0,6,True,False,False,1993,140135
147,7,4,Monastir,Monastir,house,0,9,True,True,False,1990,251268
256,6,1,Gabès,Gabès,apartment,4,7,False,False,False,1996,315187
134,2,4,Monastir,Monastir,house,0,1,False,False,False,2023,286942
340,7,2,Hammamet,Hammamet,villa,0,7,False,True,False,1994,669699
437,7,3,Nabeul,Nabeul,apartment,6,3,False,False,False,1999,984823
499,4,4,Hammamet,Hammamet,villa,0,8,True,False,True,2017,2714459
477,7,3,Bizerte,Bizerte,villa,0,3,False,True,False,2010,1766517
119,2,4,Tataouine,Tataouine,apartment,8,7,True,False,False,2003,161735
188,6,4,Sousse,Sousse,house,0,4,True,True,False,2005,486089
235,2,1,Kairouan,Kairouan,house,0,5,False,True,False,2017,563757
459,6,3,Gabès,Gabès,villa,0,2,False,False,True,1996,1664363
326,1,4,Sfax,Sfax,villa,0,8,False,False,True,1999,1517136
481,4,2,Nabeul,Nabeul,apartment,6,2,True,False,False,1995,794544
210,6,3,Gafsa,Gafsa,villa,0,7,False,True,False,2001,276091
379,5,2,La Marsa,Tunis,house,0,9,False,False,False,1999,1090837
234,6,3,Sousse,Sousse,house,0,9,False,True,False,2022,477837
309,7,4,Bizerte,Bizerte,house,0,6,True,False,False,1993,616480
425,7,4,Bizerte,Bizerte,villa,0,6,False,False,False,2011,969408
275,4,2,Sfax,Sfax,apartment,5,1,False,False,False,1997,482460
230,4,1,Sousse,Sousse,apartment,4,8,False,False,False,1996,541788
399,1,4,Sousse,Sousse,house,0,1,True,True,False,2011,797280
323,3,4,Gabès,Gabès,apartment,5,9,False,False,False,1994,621710
199,3,3,Sousse,Sousse,apartment,4,6,False,False,False,1993,442974
158,1,1,Gafsa,Gafsa,house,0,6,False,False,False,1997,136221
351,4,1,Hammamet,Hammamet,apartment,3,9,True,False,False,2023,493562
274,5,1,Sousse,Sousse,villa,0,8,True,False,True,1999,1520395
234,7,4,Gabès,Gabès,villa,0,9,True,True,False,2023,707545
389,7,1,Bizerte,Bizerte,apartment,8,3,False,False,False,2018,444082
381,5,4,Kairouan,Kairouan,apartment,2,4,False,False,False,1990,252679
347,5,2,Gafsa,Gafsa,apartment,3,9,True,False,False,1993,619395
418,4,1,Kairouan,Kairouan,villa,0,9,True,False,True,1992,1948884
481,3,4,Nabeul,Nabeul,villa,0,3,False,True,False,2006,1445712
426,7,4,Tataouine,Tataouine,apartment,1,9,True,False,False,2018,624788
91,5,2,Sfax,Sfax,villa,0,1,True,True,False,2020,134853
417,4,3,Tataouine,Tataouine,villa,0,3,False,False,False,2009,1334867
147,6,2,Bizerte,Bizerte,apartment,3,3,False,False,False,2013,196862
259,3,1,Sousse,Sousse,villa,0,3,False,True,False,2009,686768
155,6,3,Hammamet,Hammamet,villa,0,3,True,False,False,1992,390560
345,5,1,Soukra,Tunis,villa,0,6,False,False,True,1990,1495523
329,6,2,Tataouine,Tataouine,apartment,2,7,False,False,False,2000,347950
341,4,3,Nabeul,Nabeul,villa,0,5,False,False,True,2013,1774299
463,7,1,Bizerte,Bizerte,house,0,5,False,True,False,2022,738892
199,1,2,Kairouan,Kairouan,villa,0,5,False,True,True,2016,579020
468,6,4,Sousse,Sousse,apartment,5,5,True,False,False,1992,877443
262,6,2,Hammamet,Hammamet,villa,0,6,False,True,True,2019,664407
68,7,4,Gafsa,Gafsa,apartment,2,2,False,False,False,2016,103088
414,6,3,Sfax,Sfax,house,0,7,True,True,False,2006,505750
278,4,2,Nabeul,Nabeul,apartment,2,2,True,False,False,2019,783576
202,2,3,Sousse,Sousse,apartment,1,6,True,False,False,2021,505476
356,5,3,Tataouine,Tataouine,villa,0,7,False,True,True,2016,593057
402,3,3,Gafsa,Gafsa,villa,0,7,True,True,False,1995,538228
382,5,2,Bizerte,Bizerte,villa,0,3,False,True,True,2008,1422985
426,6,2,Gafsa,Gafsa,villa,0,3,False,True,True,2015,1211439
325,7,2,Hammamet,Hammamet,villa,0,6,True,False,False,2017,709090
185,1,2,Tataouine,Tataouine,house,0,2,True,False,False,2013,398383
290,3,4,Nabeul,Nabeul,apartment,6,5,False,False,False,2018,639972
439,6,2,Gafsa,Gafsa,villa,0,4,True,True,True,1991,964375
163,2,1,Bizerte,Bizerte,villa,0,2,True,True,False,2006,280861
468,6,3,Bizerte,Bizerte,villa,0,1,True,False,True,2010,971415
181,2,1,Tataouine,Tataouine,villa,0,1,False,False,False,2001,474886
56,7,3,Gafsa,Gafsa,villa,0,7,True,True,True,1992,118296
459,7,4,Sfax,Sfax,house,0,3,False,True,False,2017,980354
130,6,3,Sfax,Sfax,apartment,1,8,True,False,False,2003,238056
155,7,2,Bizerte,Bizerte,villa,0,2,False,True,False,2021,457403
305,5,3,Monastir,Monastir,apartment,0,1,True,False,False,2005,594896
62,7,2,Gabès,Gabès,house,0,7,True,True,False,1999,179930
399,5,2,Soukra,Tunis,house,0,9,True,False,False,2019,1861017
315,3,2,Carthage,Tunis,villa,0,3,True,True,False,1992,1163075
467,7,3,Gabès,Gabès,villa,0,6,False,True,True,2003,952991
344,6,2,Kairouan,Kairouan,villa,0,5,True,True,False,1992,846768
313,2,4,Hammamet,Hammamet,house,0,2,False,True,False,1990,912546
117,4,2,Tataouine,Tataouine,apartment,1,7,False,False,False,1992,84427
322,6,4,Lac 2,Tunis,apartment,7,8,False,False,False,1992,1372364
416,1,2,Monastir,Monastir,apartment,1,7,True,False,False,2016,456718
64,7,1,Kairouan,Kairouan,house,0,9,False,False,False,1998,77209
183,1,4,Sousse,Sousse,house,0,7,True,True,False,2009,304999
133,6,2,Sousse,Sousse,apartment,3,7,True,False,False,2019,134231
447,2,2,Kairouan,Kairouan,house,0,2,False,True,False,2007,678585
357,5,4,Nabeul,Nabeul,house,0,5,False,False,False,2009,641014
347,1,2,Nabeul,Nabeul,apartment,0,2,False,False,False,2002,632928
173,7,2,Sousse,Sousse,villa,0,3,True,True,False,2011,400093
87,1,2,Bizerte,Bizerte,apartment,4,7,True,False,False,2001,96319
243,4,1,Nabeul,Nabeul,apartment,6,9,False,False,False,2007,413780
184,3,2,Centre Ville,Tunis,villa,0,3,False,True,True,2018,1756878
238,3,3,Nabeul,Nabeul,house,0,5,True,True,False,2023,346064
360,6,1,Nabeul,Nabeul,house,0,8,True,True,False,2022,1415998
163,2,4,Centre Ville,Tunis,house,0,4,True,True,False,2012,346191
406,4,3,Hammamet,Hammamet,apartment,5,5,True,False,False,1990,1089622
411,1,3,Nabeul,Nabeul,villa,0,9,True,False,True,2010,1708627
215,5,3,Monastir,Monastir,apartment,0,2,True,False,False,2001,295461
122,4,4,Monastir,Monastir,apartment,8,3,False,False,False,1990,214427
288,2,2,Bizerte,Bizerte,apartment,6,4,True,False,False,2006,444165
439,2,1,Monastir,Monastir,house,0,1,True,True,False,1994,424498
422,1,2,Sfax,Sfax,apartment,4,1,True,False,False,2016,465786
109,5,2,Tataouine,Tataouine,house,0,1,True,True,False,2023,142976
347,1,4,Tataouine,Tataouine,apartment,9,1,True,False,False,1993,412152
447,6,2,Tataouine,Tataouine,house,0,2,True,False,False,1990,1040680
327,5,2,Hammamet,Hammamet,apartment,1,7,False,False,False,2011,611751
266,2,2,Sousse,Sousse,villa,0,7,False,False,False,2006,552726
325,4,2,Kairouan,Kairouan,villa,0,7,False,False,True,2021,905299
314,3,2,Bizerte,Bizerte,house,0,2,False,True,False,2010,768363
292,5,4,Gabès,Gabès,villa,0,6,True,True,False,1991,707112
132,4,2,Hammamet,Hammamet,villa,0,9,False,False,True,2012,860292
403,3,4,Sousse,Sousse,villa,0,9,False,False,True,1992,1584273
397,4,2,Sfax,Sfax,house,0,8,False,False,False,1994,981415
168,1,4,Monastir,Monastir,villa,0,6,False,True,True,2008,781837
488,5,4,Sousse,Sousse,apartment,3,2,False,False,False,1999,973852
67,4,3,Kairouan,Kairouan,villa,0,8,True,False,True,2022,178710
488,6,2,Tataouine,Tataouine,villa,0,2,False,False,False,1998,1458846
157,5,2,Sfax,Sfax,house,0,3,False,False,False,1996,220428
347,1,3,Monastir,Monastir,villa,0,4,True,True,True,1995,1277708
145,3,4,Centre Ville,Tunis,villa,0,3,True,False,True,2013,439809
489,1,4,Hammamet,Hammamet,apartment,7,2,True,False,False,2001,1306216
392,2,4,Monastir,Monastir,house,0,4,False,False,False,2012,934810
472,1,4,Kairouan,Kairouan,apartment,6,4,True,False,False,2022,390532
424,2,1,Tataouine,Tataouine,apartment,4,9,True,False,False,2021,850510
494,6,2,Gabès,Gabès,house,0,3,False,False,False,1998,519411
481,4,3,Nabeul,Nabeul,apartment,7,7,False,False,False,2000,894660
324,6,3,Sousse,Sousse,apartment,5,8,False,False,False,1999,509716
223,5,3,Sfax,Sfax,villa,0,9,False,True,True,1997,644259
308,2,1,Tataouine,Tataouine,apartment,3,5,True,False,False,1992,587811
448,4,2,Hammamet,Hammamet,villa,0,2,False,False,True,2022,2619122
307,4,4,Gafsa,Gafsa,apartment,5,1,True,False,False,1998,550831
89,6,4,Hammamet,Hammamet,villa,0,2,False,False,True,2005,489577
136,4,2,Kairouan,Kairouan,house,0,4,False,False,False,1992,259966
151,7,3,Gabès,Gabès,villa,0,1,True,True,True,2007,435532
284,3,2,Hammamet,Hammamet,house,0,1,False,False,False,2021,742978
234,7,3,Sfax,Sfax,villa,0,8,True,False,False,2004,841709
61,1,2,Tataouine,Tataouine,apartment,7,8,False,False,False,2018,102236
182,5,4,Bizerte,Bizerte,apartment,4,2,True,False,False,1994,143707
354,1,2,Sfax,Sfax,house,0,2,True,True,False,2009,898500
120,7,4,Bizerte,Bizerte,villa,0,1,True,True,False,2000,332307
140,5,3,Soukra,Tunis,apartment,1,9,True,False,False,1993,326340
492,4,1,Bizerte,Bizerte,apartment,0,1,False,False,False,2009,626611
281,7,3,Gafsa,Gafsa,villa,0,1,False,False,False,2008,329376
90,5,4,Soukra,Tunis,apartment,5,6,False,False,False,2015,175365
258,5,1,Gafsa,Gafsa,villa,0,1,False,False,True,2022,573775
120,2,3,Carthage,Tunis,villa,0,6,True,False,True,1991,847959
254,2,1,Sousse,Sousse,villa,0,4,True,False,False,2000,546116
243,6,3,Sfax,Sfax,apartment,3,1,True,False,False,2005,279236
54,6,4,La Marsa,Tunis,house,0,3,True,False,False,1993,182063
353,7,4,Kairouan,Kairouan,apartment,8,3,True,False,False,1998,418389
132,4,1,Hammamet,Hammamet,house,0,1,False,True,False,1990,323232
468,2,4,Gafsa,Gafsa,apartment,1,2,False,False,False,2013,382262
128,2,3,Gabès,Gabès,apartment,1,9,True,False,False,2005,108810
192,6,1,Ariana,Tunis,apartment,5,4,True,False,False,1996,739972
184,3,1,Gabès,Gabès,apartment,5,1,False,False,False,2002,354457
310,7,1,Bizerte,Bizerte,villa,0,4,True,True,False,2017,1151316
117,5,2,Nabeul,Nabeul,apartment,3,6,False,False,False,2014,266058
130,5,2,Tataouine,Tataouine,house,0,2,False,True,False,2001,355738
146,7,3,Nabeul,Nabeul,apartment,2,9,True,False,False,1992,379693
394,5,2,Tataouine,Tataouine,house,0,1,True,False,False,1992,738735
151,6,3,Hammamet,Hammamet,apartment,9,4,False,False,False,2007,214359
126,2,2,Monastir,Monastir,house,0,5,True,False,False,2018,115302
60,1,4,Kairouan,Kairouan,villa,0,7,True,True,False,2009,85521
342,7,1,Nabeul,Nabeul,villa,0,6,False,False,True,2018,1697874
214,5,3,Gafsa,Gafsa,house,0,2,False,True,False,2008,540798
491,2,4,Tataouine,Tataouine,villa,0,2,True,True,False,2008,891761
417,6,1,Kairouan,Kairouan,villa,0,5,False,False,True,2023,1124879
93,1,3,Nabeul,Nabeul,apartment,6,5,True,False,False,1996,286739
138,6,2,Nabeul,Nabeul,villa,0,1,True,True,True,2022,744304
427,1,2,Kairouan,Kairouan,apartment,5,6,False,False,False,1993,572180
239,2,2,Tataouine,Tataouine,villa,0,3,False,True,True,2012,500023
370,2,3,Sfax,Sfax,apartment,8,5,True,False,False,2009,544521
252,5,1,Sfax,Sfax,villa,0,4,True,True,False,2014,943872
290,7,1,Kairouan,Kairouan,apartment,0,4,True,False,False,2005,315462
141,5,2,Sfax,Sfax,house,0,3,False,False,False,2023,315129
476,5,3,Gafsa,Gafsa,villa,0,1,True,False,True,2000,2226788
118,2,4,La Marsa,Tunis,house,0,2,True,True,False,2009,392269
241,4,3,Sousse,Sousse,villa,0,1,False,True,False,2017,684848
385,1,2,Bizerte,Bizerte,villa,0,6,True,False,False,2009,1353429
203,7,2,Sousse,Sousse,apartment,0,5,False,False,False,2013,420453
281,4,2,Lac 1,Tunis,house,0,9,True,False,False,1999,1502040
294,7,3,Hammamet,Hammamet,apartment,7,3,True,False,False,2010,865347
478,6,2,Gafsa,Gafsa,villa,0,7,False,True,True,2004,1881977
244,6,2,Lac 2,Tunis,house,0,4,True,True,False,1993,611831
116,5,1,Ariana,Tunis,house,0,8,False,False,False,2015,253570
205,1,4,Lac 2,Tunis,villa,0,2,True,False,True,2010,897566
343,1,1,Sfax,Sfax,apartment,0,5,True,False,False,2022,692064
448,1,2,Monastir,Monastir,apartment,6,6,False,False,False,1997,351590
85,4,4,Sousse,Sousse,house,0,4,True,True,False,1995,254846
461,2,2,Gabès,Gabès,house,0,1,True,True,False,1998,989556
487,7,2,Tataouine,Tataouine,house,0,1,True,False,False,1994,670604
440,7,1,Monastir,Monastir,house,0,1,False,False,False,1998,701958
455,5,1,Bizerte,Bizerte,villa,0,4,False,True,False,2023,1484683
62,3,4,Kairouan,Kairouan,house,0,4,True,False,False,1999,89843
141,3,4,Gafsa,Gafsa,apartment,5,4,False,False,False,2019,275006
144,6,3,Monastir,Monastir,house,0,5,True,False,False,1998,376766
340,2,3,Gabès,Gabès,villa,0,4,False,True,True,2010,840153
360,7,2,Nabeul,Nabeul,apartment,8,3,True,False,False,2002,373766
273,3,1,Gafsa,Gafsa,house,0,1,True,False,False,2008,635583
485,6,4,Soukra,Tunis,villa,0,8,False,True,False,2009,2022391
193,6,2,Gafsa,Gafsa,house,0,7,False,True,False,1995,322356
341,6,4,Sfax,Sfax,house,0,6,False,True,False,2008,321445
372,4,1,Nabeul,Nabeul,house,0,5,False,False,False,2023,878604
353,2,3,Sfax,Sfax,apartment,9,2,True,False,False,1995,426395
95,2,2,Bizerte,Bizerte,house,0,1,False,False,False,2003,98898
338,2,2,Bizerte,Bizerte,apartment,5,1,False,False,False,2013,444808
310,3,1,Sousse,Sousse,villa,0,1,True,True,False,2022,1060314
351,4,1,Kairouan,Kairouan,house,0,9,False,True,False,2006,428848
413,4,2,Bizerte,Bizerte,apartment,6,3,False,False,False,2022,534587
167,4,1,Hammamet,Hammamet,villa,0,7,True,False,False,2023,840459
438,7,3,Sfax,Sfax,apartment,7,6,False,False,False,2005,815030
106,6,1,Bizerte,Bizerte,villa,0,2,True,True,False,2018,268151
435,6,2,Bizerte,Bizerte,villa,0,3,False,False,False,2018,1026669
60,4,4,Sfax,Sfax,house,0,4,False,False,False,1998,87297
418,1,3,Hammamet,Hammamet,house,0,4,False,False,False,2011,984640
59,5,4,Sousse,Sousse,apartment,7,8,False,False,False,2003,161778
394,6,2,Gafsa,Gafsa,house,0,4,False,True,False,2012,689175
286,4,3,Carthage,Tunis,villa,0,3,False,True,False,2023,2133743
134,3,2,Bizerte,Bizerte,house,0,5,False,False,False,2001,289311
56,1,2,Gafsa,Gafsa,house,0,9,False,False,False,1999,127021
349,6,3,Sfax,Sfax,villa,0,3,True,True,True,1999,1566536
250,4,1,Lac 1,Tunis,apartment,2,5,False,False,False,1997,518500
169,6,3,Tataouine,Tataouine,apartment,0,6,False,False,False,2021,206991
444,2,3,Bizerte,Bizerte,villa,0,9,False,False,True,2017,1694751
364,4,4,Hammamet,Hammamet,villa,0,7,True,True,False,2022,1465685
147,7,2,Ariana,Tunis,apartment,1,4,True,False,False,1999,552418
301,5,2,Bizerte,Bizerte,apartment,7,6,True,False,False,2023,369146
172,5,2,Tataouine,Tataouine,house,0,9,False,True,False,2010,207787
491,5,1,Bizerte,Bizerte,house,0,6,True,True,False,1996,1233839
229,7,1,Hammamet,Hammamet,house,0,6,False,True,False,2009,581193
58,2,4,Gabès,Gabès,villa,0,4,False,False,True,2021,122690
393,7,1,Monastir,Monastir,villa,0,3,True,False,True,2006,1229789
418,3,3,Bizerte,Bizerte,house,0,9,True,True,False,2020,1213077
99,7,3,Hammamet,Hammamet,villa,0,1,False,False,True,1999,402254
411,5,2,Soukra,Tunis,apartment,1,3,True,False,False,2003,674512
178,1,4,Monastir,Monastir,house,0,4,False,False,False,2019,397637
465,1,1,Centre Ville,Tunis,apartment,9,5,False,False,False,2000,673087
245,7,3,Lac 1,Tunis,house,0,7,False,False,False,2012,1090544
62,3,1,Tataouine,Tataouine,apartment,1,2,True,False,False,2022,93483
243,4,4,Sfax,Sfax,villa,0,4,True,True,True,1998,1286191
262,7,4,Tataouine,Tataouine,apartment,4,2,True,False,False,1992,307671
459,5,3,Soukra,Tunis,villa,0,7,True,False,False,2022,2519249
497,4,4,Lac 1,Tunis,house,0,6,True,False,False,2012,2333713
282,2,4,Gafsa,Gafsa,villa,0,5,True,True,True,1999,1206044
356,3,3,Sousse,Sousse,house,0,6,False,False,False,2006,785279
129,7,3,Monastir,Monastir,apartment,8,1,True,False,False,2013,103050
196,7,1,Gafsa,Gafsa,house,0,9,False,False,False,2020,370581
279,1,3,Gafsa,Gafsa,house,0,5,False,False,False,2022,634289
160,1,4,Gabès,Gabès,house,0,3,True,False,False,2000,264526
251,2,4,Sfax,Sfax,house,0,5,False,False,False,2012,590472
330,5,4,Lac 1,Tunis,apartment,1,8,False,False,False,2010,949080
334,3,1,Gabès,Gabès,villa,0,7,False,True,False,2022,630105
219,5,1,Nabeul,Nabeul,villa,0,6,True,False,True,1999,1217789
319,6,3,Kairouan,Kairouan,villa,0,3,True,True,False,2018,995332
485,6,1,Kairouan,Kairouan,villa,0,5,True,False,True,1996,1449040
231,3,4,Gafsa,Gafsa,house,0,9,True,False,False,2013,444215
204,3,2,Carthage,Tunis,house,0,5,False,False,False,2000,1267656
68,4,3,Gafsa,Gafsa,villa,0,5,False,False,True,2015,159501
316,3,2,Sfax,Sfax,apartment,3,8,False,False,False,1991,442905
412,4,4,Sousse,Sousse,apartment,5,7,False,False,False,1993,757420
159,2,4,Kairouan,Kairouan,house,0,1,True,True,False,2013,457040
207,4,3,Carthage,Tunis,apartment,4,8,False,False,False,1993,363492
133,4,4,Tataouine,Tataouine,villa,0,6,False,True,True,2010,221563
79,7,4,La Marsa,Tunis,villa,0,4,True,False,True,1992,743802
57,5,3,Hammamet,Hammamet,apartment,9,5,False,False,False,2000,84268
491,3,2,Tataouine,Tataouine,villa,0,8,True,False,False,2001,656274
321,6,1,Gafsa,Gafsa,apartment,3,1,False,False,False,1990,533116
327,7,4,Sfax,Sfax,house,0,4,True,False,False,1992,381722
378,3,4,Sousse,Sousse,house,0,2,True,True,False,1993,1264085
348,5,2,Gafsa,Gafsa,apartment,0,1,False,False,False,2020,311251
282,6,4,Hammamet,Hammamet,apartment,3,3,True,False,False,1992,409328
165,3,1,Bizerte,Bizerte,apartment,4,5,False,False,False,2005,116688
297,4,1,Bizerte,Bizerte,apartment,3,9,True,False,False,2022,288398
457,1,3,Hammamet,Hammamet,house,0,9,True,True,False,2018,1865875
473,3,2,Hammamet,Hammamet,apartment,3,2,False,False,False,2009,536382
429,1,3,Bizerte,Bizerte,villa,0,7,True,True,False,2015,924712
334,3,3,Sousse,Sousse,house,0,2,False,False,False,2008,1241638
367,2,2,Tataouine,Tataouine,apartment,5,7,True,False,False,1995,382883
311,7,1,Gabès,Gabès,villa,0,8,True,False,True,2019,992142
487,5,1,Sousse,Sousse,villa,0,2,False,False,True,2012,2807469
72,4,4,Sousse,Sousse,apartment,8,7,True,False,False,2007,95437
453,5,2,Sousse,Sousse,apartment,9,8,True,False,False,2022,501144
84,7,2,Gabès,Gabès,villa,0,1,False,False,True,2010,177218
346,2,4,Gabès,Gabès,house,0,8,True,False,False,2019,799870
84,2,2,Bizerte,Bizerte,apartment,7,6,True,False,False,1993,149304
134,5,1,Gabès,Gabès,house,0,9,False,False,False,2013,256283
189,2,2,Gabès,Gabès,villa,0,3,False,True,False,2019,687067
446,5,3,Lac 1,Tunis,villa,0,8,False,True,False,2020,2861179
425,1,4,Tataouine,Tataouine,apartment,0,1,False,False,False,1992,624240
413,6,2,Gafsa,Gafsa,house,0,5,False,False,False,2018,582429
223,7,1,Sousse,Sousse,house,0,2,False,True,False,1993,342870
216,4,1,Hammamet,Hammamet,villa,0,4,False,True,True,1993,727227
185,4,4,Bizerte,Bizerte,villa,0,9,True,False,True,1995,380726
303,6,4,Gafsa,Gafsa,villa,0,6,True,False,False,1998,842512
223,3,2,Gafsa,Gafsa,house,0,1,False,True,False,2007,337513
359,3,4,Hammamet,Hammamet,villa,0,1,True,True,True,2004,2251800
326,1,1,Hammamet,Hammamet,apartment,2,7,True,False,False,2020,457997
208,2,1,Bizerte,Bizerte,apartment,0,8,True,False,False,2000,293005
78,1,3,Tataouine,Tataouine,house,0,3,False,False,False,2008,90286
85,4,4,Gabès,Gabès,villa,0,3,True,True,True,2014,319048
340,5,1,Sousse,Sousse,villa,0,3,True,False,True,2009,1780361
125,1,3,Hammamet,Hammamet,villa,0,2,True,True,True,1999,616621
207,1,3,Bizerte,Bizerte,house,0,9,False,True,False,1995,505111
376,4,1,Sousse,Sousse,villa,0,6,False,False,True,2017,1586879
298,4,1,Sousse,Sousse,villa,0,5,True,False,True,2013,2187771
76,5,2,Gafsa,Gafsa,house,0,7,False,False,False,2017,157131
113,6,4,Kairouan,Kairouan,apartment,6,1,False,False,False,1993,199784
305,5,4,Kairouan,Kairouan,apartment,3,1,False,False,False,2001,541680
211,4,3,Sfax,Sfax,apartment,8,7,False,False,False,2002,381656
51,1,2,Sousse,Sousse,house,0,7,False,True,False,2007,85590
313,7,4,Monastir,Monastir,apartment,8,4,True,False,False,2006,448541
428,2,3,Lac 2,Tunis,house,0,2,False,False,False,2011,2769759
445,1,3,Tataouine,Tataouine,house,0,5,False,True,False,2015,508061
82,1,3,Sfax,Sfax,house,0,5,False,True,False,2000,186021
369,4,2,Sousse,Sousse,apartment,9,8,False,False,False,1991,589809
384,5,2,Bizerte,Bizerte,house,0,5,True,True,False,1992,650377
378,3,3,Kairouan,Kairouan,house,0,2,True,False,False,1999,835871
453,1,2,Bizerte,Bizerte,villa,0,5,True,False,False,1991,1099322
210,3,4,Sousse,Sousse,house,0,3,False,False,False,2004,444225
199,3,4,Bizerte,Bizerte,apartment,0,5,True,False,False,2010,347525
265,7,4,Gabès,Gabès,house,0,5,False,True,False,2019,244346
429,7,3,Hammamet,Hammamet,house,0,8,True,True,False,2008,1341879
467,6,4,Sousse,Sousse,apartment,2,6,False,False,False,1999,508843
400,1,2,Sfax,Sfax,house,0,5,True,False,False,2011,378705
296,2,3,Bizerte,Bizerte,apartment,1,1,False,False,False,2000,504147
441,4,4,Gafsa,Gafsa,villa,0,8,False,False,False,2022,987487
367,1,1,Gafsa,Gafsa,apartment,9,6,False,False,False,2018,681152
108,7,2,Nabeul,Nabeul,apartment,1,4,True,False,False,2009,160030
362,5,4,Hammamet,Hammamet,house,0,3,True,False,False,2006,793375
66,7,3,Monastir,Monastir,apartment,6,7,True,False,False,1991,50672
499,6,1,Sousse,Sousse,villa,0,8,False,True,False,2013,1952722
464,1,3,Tataouine,Tataouine,house,0,9,False,False,False,2016,1092033
154,5,2,Tataouine,Tataouine,house,0,9,False,True,False,2011,383711
210,3,4,Tataouine,Tataouine,villa,0,3,False,True,True,2015,818593
372,6,4,La Marsa,Tunis,house,0,3,False,True,False,2002,917099
62,6,1,Sfax,Sfax,apartment,0,8,True,False,False,2020,122492
186,5,4,Bizerte,Bizerte,villa,0,9,True,False,True,2002,437625
330,7,2,Tataouine,Tataouine,villa,0,9,False,False,False,1996,664804
162,4,2,Sfax,Sfax,house,0,4,False,True,False,1992,382146
395,7,2,Carthage,Tunis,villa,0,1,True,False,True,2004,3808300
184,4,4,Sousse,Sousse,villa,0,9,False,False,False,1992,664917
171,5,2,Bizerte,Bizerte,house,0,6,False,True,False,2019,290306
228,5,3,Sousse,Sousse,house,0,6,False,False,False,2007,735546
198,4,4,Monastir,Monastir,villa,0,6,False,False,False,2008,264591
272,4,4,Gabès,Gabès,villa,0,2,False,False,False,1995,950607
52,7,4,Bizerte,Bizerte,apartment,0,3,True,False,False,2013,75435
148,5,4,Gabès,Gabès,apartment,3,4,False,False,False,1991,102652
396,4,1,Hammamet,Hammamet,villa,0,4,True,True,False,2021,2450093
434,1,2,Carthage,Tunis,villa,0,5,False,True,True,2001,2299024
209,6,1,Bizerte,Bizerte,villa,0,1,False,True,False,2021,653835
189,7,4,Hammamet,Hammamet,house,0,3,False,True,False,2018,743350
267,4,4,Sousse,Sousse,house,0,1,True,True,False,1998,1010269
291,4,2,Sousse,Sousse,house,0,7,True,True,False,2009,880863
230,2,3,Gafsa,Gafsa,villa,0,7,True,False,True,2005,736903
106,5,1,Sfax,Sfax,house,0,2,True,True,False,2011,110774
394,6,2,Bizerte,Bizerte,villa,0,9,True,False,True,2000,729528
468,7,1,Bizerte,Bizerte,villa,0,5,True,False,True,2017,1924432
83,6,2,Gabès,Gabès,house,0,4,False,False,False,1994,134486
431,6,1,Hammamet,Hammamet,house,0,3,True,False,False,2012,705272
324,5,3,Monastir,Monastir,house,0,2,True,False,False,1999,632254
69,4,4,Bizerte,Bizerte,villa,0,8,True,False,False,2008,195719
172,5,2,Gafsa,Gafsa,villa,0,9,False,True,False,1993,294243
339,1,1,Gafsa,Gafsa,apartment,1,6,True,False,False,1998,286753
309,2,3,La Marsa,Tunis,apartment,8,6,False,False,False,2000,1341060
101,1,4,Nabeul,Nabeul,villa,0,3,False,True,False,1996,278852
94,3,2,Sousse,Sousse,villa,0,5,False,True,False,2017,350650
191,2,1,Tataouine,Tataouine,villa,0,2,True,True,True,2013,1013847
95,4,1,Gafsa,Gafsa,house,0,2,True,True,False,2002,181441
111,6,2,Monastir,Monastir,apartment,6,5,False,False,False,2003,102386
333,7,3,Hammamet,Hammamet,house,0,3,False,True,False,2018,806284
110,7,4,Tataouine,Tataouine,apartment,8,7,False,False,False,2006,187264
240,4,2,Monastir,Monastir,house,0,9,False,False,False,2002,530150
486,1,3,Kairouan,Kairouan,apartment,1,4,False,False,False,2009,389577
263,5,2,Sfax,Sfax,house,0,8,False,True,False,2017,523517
474,6,1,Kairouan,Kairouan,house,0,1,False,True,False,2016,1172899
338,1,4,Gabès,Gabès,villa,0,3,True,True,False,2010,1372236
338,3,2,Nabeul,Nabeul,apartment,0,6,True,False,False,1990,687370
340,5,4,Kairouan,Kairouan,villa,0,7,True,True,True,2001,1283544
257,3,4,Hammamet,Hammamet,apartment,7,2,False,False,False,2019,473702
403,4,1,Sfax,Sfax,house,0,2,False,True,False,1996,872733
135,5,3,Gabès,Gabès,apartment,9,7,True,False,False,1992,207862
52,6,2,Tataouine,Tataouine,apartment,5,3,True,False,False,1990,83865
68,4,2,Gabès,Gabès,house,0,2,True,True,False,2020,157645
137,4,1,Sfax,Sfax,villa,0,3,True,False,True,2009,226201
353,3,3,Gafsa,Gafsa,apartment,3,8,True,False,False,2023,457233
92,1,4,Sousse,Sousse,villa,0,6,False,False,False,2017,240053
90,3,1,Sousse,Sousse,house,0,9,False,False,False,2007,208072
211,1,3,Lac 2,Tunis,apartment,3,5,True,False,False,2008,983238
141,3,4,Sousse,Sousse,villa,0,5,False,False,True,2017,963688
285,7,4,Bizerte,Bizerte,villa,0,7,False,True,False,1992,972853
313,1,1,Gafsa,Gafsa,house,0,2,True,True,False,2001,563963
488,2,2,Tataouine,Tataouine,apartment,3,1,False,False,False,1994,671097
98,7,3,Bizerte,Bizerte,house,0,7,True,False,False,2006,237468
444,3,3,Nabeul,Nabeul,apartment,1,5,False,False,False,2018,1107691
367,5,1,Gafsa,Gafsa,villa,0,4,True,True,True,2016,1936964
391,2,3,Hammamet,Hammamet,apartment,3,7,False,False,False,2001,616528
130,1,4,Sfax,Sfax,apartment,7,7,True,False,False,2019,242642
123,7,3,Kairouan,Kairouan,apartment,8,6,True,False,False,2004,98877
479,2,3,Gabès,Gabès,apartment,2,4,True,False,False,2015,732295
464,6,2,Nabeul,Nabeul,house,0,8,True,True,False,1999,1264085
95,3,2,Gafsa,Gafsa,villa,0,2,False,False,True,2001,243996
473,3,2,Nabeul,Nabeul,villa,0,7,False,True,False,2020,1258709
144,6,1,Gabès,Gabès,house,0,3,True,True,False,2018,273642
70,6,3,Centre Ville,Tunis,villa,0,4,True,True,True,2002,503431
484,7,4,Monastir,Monastir,house,0,3,True,False,False,2019,1264767
261,2,2,Bizerte,Bizerte,house,0,9,False,False,False,2000,286640
353,1,4,Ariana,Tunis,villa,0,1,False,True,False,2019,2350535
419,3,2,Hammamet,Hammamet,house,0,5,True,False,False,2023,1448825
381,3,3,Gafsa,Gafsa,villa,0,1,False,False,False,1995,712134
446,7,2,Sfax,Sfax,house,0,7,False,False,False,2010,1007924
68,3,3,Bizerte,Bizerte,apartment,2,5,False,False,False,2009,62832
238,7,1,Gafsa,Gafsa,villa,0,7,False,False,False,2020,844119
297,3,3,Hammamet,Hammamet,villa,0,3,False,True,False,2011,1725368
376,1,3,Soukra,Tunis,house,0,4,True,False,False,1996,1501996
140,2,1,Kairouan,Kairouan,apartment,0,6,False,False,False,2017,258048
459,3,3,Sousse,Sousse,house,0,7,False,False,False,2017,1231588
494,1,3,Sousse,Sousse,house,0,6,True,True,False,1992,797519
100,2,2,Ariana,Tunis,apartment,4,8,True,False,False,2008,306652
150,7,1,Monastir,Monastir,villa,0,5,False,True,False,1996,546480
496,6,4,Tataouine,Tataouine,house,0,7,False,False,False,2002,1177146
179,1,2,Gafsa,Gafsa,apartment,8,3,False,False,False,1994,248595
367,6,1,Sousse,Sousse,house,0,7,False,False,False,2016,487214
98,6,4,Gafsa,Gafsa,house,0,6,True,False,False,2005,255661
424,5,1,Gafsa,Gafsa,villa,0,2,False,True,True,2023,1399580
453,1,4,Nabeul,Nabeul,apartment,4,9,True,False,False,2008,638132
116,6,1,Sfax,Sfax,villa,0,6,True,False,False,1992,192405
329,4,1,Nabeul,Nabeul,villa,0,2,False,True,True,2004,1110723
477,2,3,Gafsa,Gafsa,villa,0,3,False,False,False,2011,1384063
393,5,4,Gafsa,Gafsa,house,0,1,True,False,False,2011,934701
66,6,1,Sfax,Sfax,villa,0,9,False,True,False,1995,155979
386,7,1,Monastir,Monastir,villa,0,1,True,False,True,1993,1852798
383,5,1,Kairouan,Kairouan,apartment,7,8,True,False,False,2010,541133
362,1,3,Nabeul,Nabeul,villa,0,8,False,False,False,2022,884351
84,2,4,Gafsa,Gafsa,villa,0,4,False,False,False,1991,185068
105,1,4,Hammamet,Hammamet,house,0,5,True,False,False,2019,243709
133,2,1,Kairouan,Kairouan,apartment,1,2,True,False,False,1991,240756
249,3,2,Tataouine,Tataouine,apartment,9,8,False,False,False,1993,205176
444,6,2,Sousse,Sousse,house,0,3,False,False,False,1991,1182336
70,5,3,Sfax,Sfax,house,0,4,False,True,False,2011,173933
445,1,4,Gafsa,Gafsa,house,0,1,False,False,False,1993,672448
168,5,2,Sousse,Sousse,villa,0,9,False,True,False,1998,533687
482,7,2,Nabeul,Nabeul,villa,0,1,False,False,False,1993,1560638
415,3,1,Nabeul,Nabeul,house,0,9,True,False,False,2010,1682430
103,1,4,Nabeul,Nabeul,villa,0,1,False,True,True,1996,664607
448,3,4,Bizerte,Bizerte,apartment,6,9,False,False,False,2006,304281
110,3,1,Sousse,Sousse,apartment,4,4,False,False,False,2009,244728
57,3,3,Monastir,Monastir,apartment,0,4,True,False,False,1990,82688
444,6,1,Gabès,Gabès,apartment,2,3,True,False,False,2023,467691
493,5,4,Nabeul,Nabeul,apartment,4,2,False,False,False,2011,686256
353,2,3,Tataouine,Tataouine,house,0,4,False,False,False,2013,779028
66,3,4,Sfax,Sfax,villa,0,6,False,False,False,2023,110816
119,4,3,Sousse,Sousse,villa,0,4,True,True,True,2002,894621
84,2,4,Hammamet,Hammamet,apartment,1,2,True,False,False,2021,112402
264,7,2,Sousse,Sousse,house,0,2,False,True,False,1996,815896
345,6,2,Sfax,Sfax,villa,0,5,False,False,False,2011,870890
71,2,2,Bizerte,Bizerte,apartment,5,9,False,False,False,1990,122517
341,7,4,La Marsa,Tunis,house,0,2,False,True,False,2012,2197260
413,3,1,Monastir,Monastir,house,0,2,True,True,False,2004,839393
110,1,1,Gabès,Gabès,villa,0,3,False,True,False,2004,172497
181,7,2,Sfax,Sfax,apartment,5,7,False,False,False,1990,230087
444,6,2,Sfax,Sfax,house,0,5,False,False,False,2015,824703
107,5,3,Bizerte,Bizerte,villa,0,8,True,True,False,2012,294883
413,7,3,Monastir,Monastir,villa,0,9,True,True,True,2002,1523410
274,7,2,Monastir,Monastir,villa,0,7,False,True,False,1992,1081567
214,7,4,Tataouine,Tataouine,house,0,2,False,False,False,1996,378574
67,3,4,Nabeul,Nabeul,villa,0,3,False,True,False,1991,249931
287,6,1,Gafsa,Gafsa,apartment,3,6,False,False,False,2017,192175
333,3,1,Sousse,Sousse,villa,0,4,False,False,True,2012,1287583
187,6,4,Sousse,Sousse,house,0,6,False,True,False,2023,427107
338,7,3,Sfax,Sfax,villa,0,8,False,False,True,2015,861153
59,7,1,Bizerte,Bizerte,apartment,7,8,True,False,False,2010,44752
303,6,3,Nabeul,Nabeul,apartment,4,4,True,False,False,2010,883820
133,1,3,Sfax,Sfax,house,0,8,False,False,False,2012,169718
416,7,3,Nabeul,Nabeul,apartment,2,9,True,False,False,2021,1089204
391,3,4,Lac 2,Tunis,house,0,6,True,False,False,2007,1497604
461,3,4,Hammamet,Hammamet,house,0,7,False,False,False,1991,1077301
470,4,4,Gabès,Gabès,house,0,9,True,False,False,2023,1243067
62,7,4,Lac 1,Tunis,apartment,6,1,True,False,False,1997,268863
288,7,1,Carthage,Tunis,apartment,1,5,False,False,False,2012,1219392
432,4,1,Monastir,Monastir,house,0,4,True,True,False,2000,587934
297,1,2,Gafsa,Gafsa,house,0,2,True,True,False,2017,584723
465,4,1,Tataouine,Tataouine,house,0,7,False,False,False,2016,404289
237,1,2,Nabeul,Nabeul,villa,0,4,True,True,True,2012,1313619
310,2,2,Sousse,Sousse,house,0,8,True,True,False,2007,461368
73,5,3,Ariana,Tunis,villa,0,2,True,False,True,1993,568215
255,4,4,Sfax,Sfax,house,0,3,False,False,False,1993,556654
262,3,1,Nabeul,Nabeul,villa,0,4,True,True,True,2000,746911
492,4,2,Sfax,Sfax,villa,0,8,False,False,False,2002,1217168
485,4,1,Sousse,Sousse,apartment,9,5,False,False,False,2022,984744
91,5,1,Nabeul,Nabeul,house,0,3,True,True,False,2009,199216
349,7,4,Hammamet,Hammamet,apartment,4,1,True,False,False,2001,652574
326,6,1,Lac 2,Tunis,apartment,5,7,False,False,False,1994,895848
270,3,2,Gabès,Gabès,apartment,1,2,True,False,False,1990,422301
308,2,3,Kairouan,Kairouan,villa,0,6,False,False,True,2020,912143
486,6,4,Tataouine,Tataouine,apartment,3,1,False,False,False,2023,458395
439,4,3,Gafsa,Gafsa,apartment,6,7,True,False,False,2005,318977
185,7,3,Gabès,Gabès,house,0,1,False,True,False,1999,278941
417,2,4,Nabeul,Nabeul,house,0,1,True,False,False,2001,599714
95,3,4,Hammamet,Hammamet,villa,0,3,True,True,True,2015,704026
163,6,2,Hammamet,Hammamet,house,0,5,False,True,False,1993,535640
232,1,1,Bizerte,Bizerte,apartment,2,1,False,False,False,2014,381779
65,5,1,Nabeul,Nabeul,house,0,4,False,False,False,1997,111438
388,7,4,Monastir,Monastir,apartment,3,2,False,False,False,2001,759548
458,4,4,Bizerte,Bizerte,apartment,5,4,True,False,False,2023,558613
215,4,3,Bizerte,Bizerte,house,0,4,False,False,False,2017,513832
344,5,3,Nabeul,Nabeul,villa,0,8,False,True,True,2016,971168
208,2,1,Kairouan,Kairouan,villa,0,2,True,True,False,2015,538291
347,7,1,Kairouan,Kairouan,house,0,6,True,True,False,2011,813208
319,6,2,Sousse,Sousse,apartment,0,2,False,False,False,1998,477734
117,2,3,Bizerte,Bizerte,house,0,3,False,False,False,1992,112797
313,5,2,Sousse,Sousse,villa,0,5,False,True,True,1998,1780835
445,3,1,Sousse,Sousse,house,0,9,False,False,False,2006,1118356
108,1,3,Lac 1,Tunis,villa,0,2,False,True,True,2022,1078052
411,7,3,Tataouine,Tataouine,villa,0,4,True,False,True,2004,998516
367,6,2,Kairouan,Kairouan,villa,0,1,False,True,False,2012,712708
355,4,3,Hammamet,Hammamet,house,0,2,True,True,False,2020,557765
263,3,1,Sousse,Sousse,apartment,0,7,False,False,False,1997,753021
106,4,4,Hammamet,Hammamet,house,0,3,False,False,False,2013,265898
354,2,1,Monastir,Monastir,house,0,4,False,True,False,1999,423604
127,7,4,Gafsa,Gafsa,house,0,6,True,True,False,2016,148738
470,3,4,Bizerte,Bizerte,villa,0,8,True,False,False,1996,643839
220,2,1,Bizerte,Bizerte,apartment,5,2,False,False,False,2009,341440
249,6,3,Hammamet,Hammamet,house,0,2,True,True,False,2010,762701
151,1,4,Nabeul,Nabeul,villa,0,3,True,True,True,1994,778669
388,6,2,Tataouine,Tataouine,villa,0,6,True,True,True,1999,1555354
220,3,1,Hammamet,Hammamet,apartment,1,4,True,False,False,1993,324878
245,6,3,Nabeul,Nabeul,apartment,5,7,False,False,False,2017,280476
118,4,3,Kairouan,Kairouan,villa,0,3,False,True,False,2004,284480
465,5,3,Sfax,Sfax,apartment,5,3,True,False,False,2017,878068
105,6,4,Hammamet,Hammamet,house,0,9,False,True,False,2007,365405
92,1,2,Sousse,Sousse,villa,0,6,True,False,True,2005,657516
285,4,1,Kairouan,Kairouan,apartment,1,3,True,False,False,2022,468027
477,2,4,Ariana,Tunis,apartment,1,1,False,False,False,1991,1513282
174,4,3,Gabès,Gabès,house,0,7,True,False,False,2005,463999
349,3,1,Tataouine,Tataouine,villa,0,8,False,True,True,2016,1775092
399,1,2,Gafsa,Gafsa,house,0,4,True,True,False,2004,664759
358,5,1,Kairouan,Kairouan,apartment,6,9,True,False,False,2013,425218
143,1,4,Gafsa,Gafsa,villa,0,6,True,True,True,2004,408129
62,7,1,Monastir,Monastir,house,0,9,True,True,False,1992,152300
378,4,3,Nabeul,Nabeul,villa,0,9,False,True,False,2013,1148705
120,4,1,Gafsa,Gafsa,house,0,4,True,False,False,2006,134578
395,3,4,Tataouine,Tataouine,apartment,4,3,True,False,False,2017,505995
288,3,1,Kairouan,Kairouan,villa,0,8,False,False,True,2005,1220064
247,5,3,Tataouine,Tataouine,house,0,5,False,True,False,2023,596218
237,3,4,Sousse,Sousse,house,0,6,False,True,False,2016,640133
98,4,1,Nabeul,Nabeul,apartment,8,4,True,False,False,2004,271409
332,6,2,Bizerte,Bizerte,villa,0,9,True,True,False,2019,583656
192,7,3,Bizerte,Bizerte,apartment,6,5,False,False,False,2002,144998
124,3,2,Kairouan,Kairouan,villa,0,9,True,True,True,2022,612626
214,6,4,Bizerte,Bizerte,apartment,0,7,False,False,False,2023,192771
440,1,2,Lac 2,Tunis,apartment,3,7,True,False,False,1996,815892
195,5,3,Hammamet,Hammamet,villa,0,9,True,True,False,2003,594972
358,6,1,Bizerte,Bizerte,house,0,1,True,True,False,2016,913812
459,3,4,Kairouan,Kairouan,villa,0,5,False,False,False,2017,598168
220,2,4,Kairouan,Kairouan,villa,0,8,False,True,True,1995,585760
293,3,3,Nabeul,Nabeul,villa,0,2,True,False,False,1996,1420087
134,7,1,Tataouine,Tataouine,villa,0,1,True,False,True,1997,533102
378,4,2,Gabès,Gabès,apartment,6,1,True,False,False,1994,482630
409,2,1,Carthage,Tunis,apartment,0,3,False,False,False,1997,1687534
463,7,3,Monastir,Monastir,villa,0,5,False,False,False,2004,1380777
361,4,3,Ariana,Tunis,house,0,2,True,True,False,1999,1534248
310,3,1,Soukra,Tunis,house,0,4,False,True,False,2002,755383
390,7,1,Monastir,Monastir,villa,0,2,False,False,False,2004,708177
250,4,1,Hammamet,Hammamet,house,0,7,True,True,False,2023,1047746
497,7,3,Bizerte,Bizerte,villa,0,5,False,False,False,1998,1294665
181,2,4,Gabès,Gabès,apartment,0,9,True,False,False,2016,271695
116,4,3,Sfax,Sfax,villa,0,4,False,True,True,1997,369527
227,2,1,Sfax,Sfax,house,0,5,True,True,False,2011,239133
256,7,2,Sousse,Sousse,villa,0,4,False,False,True,2007,1173159
113,4,2,Gafsa,Gafsa,apartment,8,5,False,False,False,2006,114446
469,7,1,Kairouan,Kairouan,house,0,8,False,False,False,2014,705300
411,1,4,Sfax,Sfax,apartment,8,2,False,False,False,2001,608280
95,7,1,Gabès,Gabès,house,0,5,True,True,False,1990,96768
340,6,3,Sfax,Sfax,villa,0,1,False,False,False,1997,1113350
428,2,2,Sfax,Sfax,apartment,5,4,True,False,False,2021,792382
78,6,3,Sfax,Sfax,apartment,3,2,False,False,False,2023,152380
391,5,1,Sousse,Sousse,villa,0,4,False,False,False,2010,998269
66,4,4,Sousse,Sousse,villa,0,2,False,False,False,1992,351838
493,5,4,Lac 1,Tunis,house,0,3,False,True,False,2006,1202712
117,2,3,Sfax,Sfax,villa,0,8,False,True,False,2002,367690
64,7,3,Bizerte,Bizerte,house,0,9,True,True,False,1996,152523
312,5,2,Sousse,Sousse,apartment,6,9,True,False,False,1997,700146
217,4,2,Gafsa,Gafsa,villa,0,4,False,False,False,1996,605898
473,3,3,Sfax,Sfax,villa,0,2,True,True,True,1998,954180
168,2,1,Gafsa,Gafsa,villa,0,3,False,False,False,1999,542868
432,4,3,Gafsa,Gafsa,house,0,1,False,True,False,1998,927134
254,4,3,Gafsa,Gafsa,house,0,7,True,False,False,2015,474576
89,2,2,Gafsa,Gafsa,apartment,2,7,False,False,False,2021,141474
283,1,1,Nabeul,Nabeul,apartment,0,5,False,False,False,2002,432310
222,1,1,Hammamet,Hammamet,house,0,7,True,False,False,1990,406545
92,4,4,Hammamet,Hammamet,villa,0,9,True,True,False,1994,235948
266,2,3,Nabeul,Nabeul,house,0,1,True,False,False,2021,986878
172,3,3,Sousse,Sousse,apartment,8,3,True,False,False,2021,392479
148,2,1,Sfax,Sfax,house,0,4,False,False,False,1994,139759
397,4,4,Sousse,Sousse,house,0,2,False,True,False,2014,838621
434,4,1,Lac 1,Tunis,apartment,1,8,True,False,False,2015,1062692
462,6,3,Bizerte,Bizerte,house,0,7,True,True,False,2000,1242542
108,2,4,Monastir,Monastir,villa,0,6,False,True,False,2013,147806
195,6,1,Centre Ville,Tunis,house,0,8,False,True,False,1996,753313
410,2,4,Gabès,Gabès,apartment,5,1,True,False,False,2019,550351
211,7,1,Bizerte,Bizerte,apartment,5,4,False,False,False,2016,310592
174,4,1,Sousse,Sousse,villa,0,3,False,False,False,2011,390121
229,3,4,Sfax,Sfax,villa,0,4,False,True,True,2010,1137395
352,3,1,Gafsa,Gafsa,villa,0,5,True,True,True,2016,1605879
477,4,2,Gabès,Gabès,apartment,1,3,True,False,False,1998,438343
228,5,3,Kairouan,Kairouan,apartment,9,4,True,False,False,2001,166813
367,3,3,Hammamet,Hammamet,house,0,8,False,False,False,2015,1399238
427,7,3,Gabès,Gabès,villa,0,2,True,False,False,2001,1119512
203,3,2,Hammamet,Hammamet,villa,0,3,True,False,True,1996,821176
181,5,4,Nabeul,Nabeul,villa,0,8,True,False,False,2002,963462
84,6,2,Monastir,Monastir,house,0,3,True,True,False,1991,133794
226,2,3,Gafsa,Gafsa,apartment,9,5,True,False,False,2014,452958
416,4,2,Monastir,Monastir,apartment,6,6,False,False,False,2018,374067
195,5,4,Tataouine,Tataouine,apartment,0,2,False,False,False,2009,187668
69,6,3,Nabeul,Nabeul,apartment,9,2,True,False,False,2001,131540
393,5,3,Gafsa,Gafsa,house,0,6,True,True,False,2014,803937
104,6,3,Hammamet,Hammamet,apartment,7,4,True,False,False,2004,114922
125,2,4,Monastir,Monastir,villa,0,3,False,True,False,1994,435402
268,7,1,Kairouan,Kairouan,villa,0,9,False,True,True,1991,1292469
481,3,3,Bizerte,Bizerte,apartment,6,8,False,False,False,2021,892351
198,7,1,Tataouine,Tataouine,villa,0,4,True,True,True,2004,641305
372,3,1,Gafsa,Gafsa,house,0,5,True,False,False,1991,846977
464,6,4,Centre Ville,Tunis,apartment,7,1,False,False,False,1994,1626552
363,4,1,Gafsa,Gafsa,villa,0,9,False,True,True,2009,746742
434,6,4,Sfax,Sfax,apartment,5,3,True,False,False,2020,301491
416,3,4,Nabeul,Nabeul,house,0,5,False,True,False,2015,947286
336,4,3,Kairouan,Kairouan,villa,0,6,False,False,True,1998,1010161
276,3,3,Monastir,Monastir,apartment,4,9,True,False,False,2018,213524
431,2,1,Hammamet,Hammamet,apartment,7,8,True,False,False,1991,1206136
62,5,2,Lac 1,Tunis,house,0,7,False,False,False,2012,296930
79,1,3,Tataouine,Tataouine,apartment,3,2,True,False,False,2023,147186
127,7,3,Gabès,Gabès,apartment,2,7,False,False,False,2018,118160
359,6,3,Hammamet,Hammamet,house,0,8,False,True,False,1999,1364537
97,4,1,Monastir,Monastir,house,0,7,True,True,False,2015,142150
357,6,1,Gafsa,Gafsa,villa,0,6,True,False,True,1997,1650443
125,6,2,Bizerte,Bizerte,villa,0,2,True,True,True,2008,580810
387,4,2,Gabès,Gabès,apartment,4,6,True,False,False,2004,542558
345,1,1,Monastir,Monastir,apartment,5,6,False,False,False,1991,666540
101,1,2,Bizerte,Bizerte,house,0,1,True,True,False,1990,117196
65,1,4,Lac 2,Tunis,apartment,5,2,False,False,False,2011,169780
148,7,4,Carthage,Tunis,house,0,4,True,False,False,1993,523635
423,5,1,Kairouan,Kairouan,villa,0,9,False,False,False,2001,1282806
478,7,3,Monastir,Monastir,apartment,1,8,False,False,False,2008,436318
331,7,4,Nabeul,Nabeul,house,0,6,False,False,False,1994,1092101
195,1,2,Tataouine,Tataouine,house,0,7,False,False,False,2003,363214
246,6,4,Lac 1,Tunis,apartment,1,4,True,False,False,2020,915415
173,5,4,Sousse,Sousse,apartment,6,7,True,False,False,1996,179179
211,5,2,Nabeul,Nabeul,house,0,2,True,False,False,2021,637319
301,6,4,Gabès,Gabès,house,0,3,False,True,False,2009,576087
90,3,4,Tataouine,Tataouine,villa,0,8,True,False,False,2020,180714
74,1,2,Gabès,Gabès,house,0,7,True,False,False,2006,118545
434,5,1,Bizerte,Bizerte,apartment,6,1,True,False,False,2002,868381
497,4,1,Kairouan,Kairouan,house,0,8,False,True,False,1997,961448
147,7,2,Tataouine,Tataouine,house,0,5,True,False,False,2014,270001
338,5,4,Hammamet,Hammamet,apartment,6,1,True,False,False,1991,933103
479,5,4,Kairouan,Kairouan,apartment,8,1,False,False,False,2001,718500
445,6,3,Gafsa,Gafsa,apartment,4,5,False,False,False,1991,531152
70,7,3,Hammamet,Hammamet,house,0,2,False,False,False,2012,185094
208,6,3,Bizerte,Bizerte,villa,0,8,False,True,True,2015,370491
472,7,4,La Marsa,Tunis,apartment,6,7,False,False,False,2003,1144128
202,7,2,Monastir,Monastir,villa,0,2,False,False,True,2012,561921
124,5,3,Tataouine,Tataouine,house,0,3,True,False,False,1998,251181
207,7,2,Gabès,Gabès,house,0,3,False,False,False,2006,286968
293,6,1,Sfax,Sfax,villa,0,4,True,False,True,1997,1047024
216,7,4,Sousse,Sousse,house,0,1,False,False,False,2001,411428
353,2,3,Sousse,Sousse,apartment,6,3,True,False,False,1994,997196
100,3,1,Kairouan,Kairouan,villa,0,5,False,False,True,2005,298022
82,6,1,Centre Ville,Tunis,apartment,8,5,True,False,False,1993,243964
109,1,2,Lac 2,Tunis,house,0,9,True,False,False,1994,435344
329,5,2,Nabeul,Nabeul,apartment,4,8,False,False,False,2008,683004
112,6,2,Tataouine,Tataouine,house,0,6,False,False,False,1995,241230
278,6,1,Hammamet,Hammamet,house,0,8,False,False,False,2017,527354
102,4,2,Gabès,Gabès,villa,0,4,False,True,True,2003,519635
435,5,2,Kairouan,Kairouan,house,0,4,True,False,False,2002,747681
372,1,2,Sousse,Sousse,apartment,3,5,False,False,False,2003,879408
57,3,3,Tataouine,Tataouine,house,0,7,False,True,False,1992,139936
67,5,1,Monastir,Monastir,villa,0,5,False,False,False,2017,191705
193,7,1,Hammamet,Hammamet,villa,0,2,True,True,True,2008,918887
158,2,2,Gabès,Gabès,villa,0,7,False,False,False,2016,387239
140,3,2,Centre Ville,Tunis,villa,0,1,False,True,True,2000,1264863
115,7,4,Gafsa,Gafsa,house,0,4,True,True,False,2000,129435
77,7,2,Nabeul,Nabeul,house,0,5,False,False,False,1997,172972
246,3,4,Nabeul,Nabeul,apartment,9,7,False,False,False,2018,734457
417,6,3,Soukra,Tunis,apartment,0,8,False,False,False,1991,762484
388,6,2,Sousse,Sousse,apartment,4,9,True,False,False,1992,649721
256,1,2,Gafsa,Gafsa,villa,0,2,False,True,False,2004,465924
66,2,3,Hammamet,Hammamet,villa,0,2,True,False,True,2007,352994
148,5,3,Tataouine,Tataouine,villa,0,4,False,False,False,2007,198627
63,1,4,Hammamet,Hammamet,villa,0,9,True,False,True,2001,357938
494,6,1,Sfax,Sfax,apartment,4,3,False,False,False,1990,772220
348,2,3,Tataouine,Tataouine,apartment,8,4,False,False,False,2012,567657
123,2,3,Bizerte,Bizerte,house,0,3,False,True,False,2021,313928
135,3,4,Gabès,Gabès,house,0,3,False,True,False,1998,368493
369,1,1,Gafsa,Gafsa,villa,0,2,False,False,True,2018,1170851
444,2,4,Sousse,Sousse,villa,0,4,True,False,True,1990,1832725
331,3,3,Sousse,Sousse,apartment,1,3,True,False,False,2018,809930
437,1,4,Gafsa,Gafsa,house,0,5,True,True,False,2016,1228323
448,7,1,Sousse,Sousse,house,0,3,True,True,False,2007,1063090
428,4,2,Tataouine,Tataouine,house,0,1,False,False,False,2016,748691
212,4,4,Kairouan,Kairouan,villa,0,3,True,False,False,1993,705196
485,5,4,Nabeul,Nabeul,villa,0,4,False,True,True,2010,1934005
115,7,3,Monastir,Monastir,villa,0,1,False,False,True,1998,441754
322,3,1,Gabès,Gabès,apartment,0,9,False,False,False,2000,642454
254,6,2,Kairouan,Kairouan,house,0,6,False,True,False,1995,275175
315,3,3,Monastir,Monastir,apartment,9,7,False,False,False,1997,492912
477,4,2,Tataouine,Tataouine,villa,0,3,False,False,False,2017,715042
249,7,1,Hammamet,Hammamet,villa,0,1,False,False,False,2005,1142372
366,4,4,Soukra,Tunis,apartment,0,9,False,False,False,2015,912438
128,4,2,Gabès,Gabès,house,0,9,False,True,False,2003,197243
437,3,2,Hammamet,Hammamet,apartment,7,5,False,False,False,2013,492936
453,1,3,Tataouine,Tataouine,villa,0,7,False,False,True,2022,1889379
386,6,1,Gabès,Gabès,villa,0,3,False,True,True,2016,926001
445,7,2,Bizerte,Bizerte,apartment,3,6,True,False,False,1991,826471
94,5,3,Ariana,Tunis,house,0,6,False,False,False,2014,421223
104,1,2,Bizerte,Bizerte,apartment,2,8,False,False,False,2022,184454
324,6,3,Nabeul,Nabeul,apartment,6,8,False,False,False,2012,649684
188,7,2,Sfax,Sfax,house,0,2,False,False,False,1990,325736
369,5,3,Bizerte,Bizerte,villa,0,2,True,True,False,2003,540074
371,7,3,Gabès,Gabès,house,0,6,False,True,False,2017,872615
441,2,1,Gafsa,Gafsa,villa,0,8,True,False,False,2011,975516
87,2,1,Bizerte,Bizerte,house,0,9,True,True,False,2008,254990
435,4,4,Monastir,Monastir,villa,0,3,True,True,False,2005,1201720
199,6,4,Lac 1,Tunis,apartment,7,1,False,False,False,1991,657894
479,1,3,Sousse,Sousse,house,0,2,True,True,False,2011,1828828
88,1,1,Soukra,Tunis,apartment,3,7,True,False,False,2010,270963
125,2,3,Carthage,Tunis,apartment,0,4,True,False,False,2020,544950
459,7,3,Soukra,Tunis,house,0,9,False,False,False,1994,2136484
417,7,1,Monastir,Monastir,apartment,2,2,False,False,False,2017,292567
489,5,4,Nabeul,Nabeul,house,0,5,True,False,False,1990,1918351
238,3,2,Tataouine,Tataouine,house,0,2,True,False,False,2021,338124
452,5,3,Monastir,Monastir,apartment,9,7,False,False,False,2019,407523
149,5,1,Gabès,Gabès,apartment,8,6,False,False,False,2022,198825
166,7,3,Nabeul,Nabeul,villa,0,6,True,True,True,2004,1023994
473,2,2,Sousse,Sousse,apartment,6,7,False,False,False,1993,750934
347,2,4,Tataouine,Tataouine,apartment,3,6,True,False,False,2003,541569
224,2,1,Kairouan,Kairouan,villa,0,3,False,False,True,1990,769886
441,2,2,Kairouan,Kairouan,apartment,2,7,False,False,False,2015,364089
215,4,2,Gabès,Gabès,villa,0,9,False,True,True,2014,707036
440,3,3,Gafsa,Gafsa,villa,0,5,False,False,False,1997,1486425
431,6,2,Sousse,Sousse,apartment,3,4,False,False,False,2004,1170423
340,7,4,Monastir,Monastir,apartment,7,4,False,False,False,2015,624240
199,5,3,Tataouine,Tataouine,apartment,3,5,True,False,False,2018,212961
482,7,4,Bizerte,Bizerte,house,0,9,False,True,False,2018,733372
122,2,1,Sfax,Sfax,apartment,9,6,True,False,False,2022,130354
362,6,4,Sousse,Sousse,villa,0,4,False,True,False,1994,762059
408,7,1,Tataouine,Tataouine,house,0,4,True,True,False,1997,870399
434,6,2,Nabeul,Nabeul,apartment,2,4,False,False,False,2003,1207735
131,2,3,Bizerte,Bizerte,house,0,1,True,True,False,2008,362708
414,1,4,Kairouan,Kairouan,villa,0,8,False,True,False,2010,1477463
188,5,4,Hammamet,Hammamet,house,0,6,False,True,False,2010,658765
131,6,2,Bizerte,Bizerte,villa,0,8,True,False,False,2019,474976
484,5,3,Sfax,Sfax,house,0,1,False,False,False,2010,1205547
428,2,1,Gafsa,Gafsa,villa,0,2,False,False,False,2020,1524159
328,6,3,Sfax,Sfax,apartment,0,2,True,False,False,2000,460118
96,3,2,Lac 1,Tunis,house,0,6,False,False,False,1997,366912
441,3,4,Sfax,Sfax,villa,0,2,False,True,False,2011,1181237
438,7,4,Hammamet,Hammamet,villa,0,2,True,False,True,2021,3131643
308,1,2,Gafsa,Gafsa,apartment,7,9,False,False,False,2010,284838
450,4,4,Bizerte,Bizerte,villa,0,5,True,False,True,2013,2014936
428,2,2,Sfax,Sfax,apartment,7,2,False,False,False,2022,315692
76,6,3,Ariana,Tunis,house,0,3,True,True,False,2001,290648
248,3,1,Sfax,Sfax,house,0,1,False,True,False,2004,468124
493,3,3,Hammamet,Hammamet,villa,0,5,True,False,False,2023,2153506
292,7,2,Hammamet,Hammamet,apartment,6,2,False,False,False,2012,389995
325,3,1,Tataouine,Tataouine,house,0,8,False,False,False,1992,703378
327,6,3,Kairouan,Kairouan,apartment,7,4,True,False,False,2013,679833
71,6,3,Hammamet,Hammamet,house,0,9,False,False,False,2001,187295
273,5,3,Sousse,Sousse,villa,0,1,True,False,False,2012,1333060
240,6,3,Hammamet,Hammamet,villa,0,4,True,True,True,1993,857772
253,1,4,Hammamet,Hammamet,apartment,9,6,True,False,False,1996,425571
243,5,1,Nabeul,Nabeul,house,0,7,True,True,False,1997,793361
292,7,2,Monastir,Monastir,house,0,5,True,True,False,1997,592066
138,4,4,Monastir,Monastir,house,0,6,False,False,False,2020,241544
277,1,4,Gabès,Gabès,house,0,8,False,True,False,2001,589411
150,7,2,Hammamet,Hammamet,apartment,1,6,False,False,False,1998,353160
144,7,2,Hammamet,Hammamet,apartment,7,2,True,False,False,2018,211377
426,3,2,Monastir,Monastir,villa,0,5,False,False,True,2012,1431462
56,7,1,Tataouine,Tataouine,apartment,9,4,False,False,False,2005,47936
358,3,3,Kairouan,Kairouan,villa,0,5,False,True,True,2004,1332108
319,5,1,Kairouan,Kairouan,apartment,9,1,True,False,False,2007,660253
174,3,4,Bizerte,Bizerte,house,0,9,False,False,False,2010,193446
165,5,4,Monastir,Monastir,apartment,4,7,False,False,False,2000,324060
499,4,4,Gabès,Gabès,house,0,7,False,True,False,2014,769513
391,7,3,Gabès,Gabès,apartment,7,5,True,False,False,2019,542254
377,4,2,Ariana,Tunis,villa,0,3,True,False,True,2010,1975774
368,2,4,Gafsa,Gafsa,villa,0,7,True,True,True,2006,1867448
293,2,2,Gabès,Gabès,house,0,7,True,True,False,2017,572625
372,3,3,Bizerte,Bizerte,house,0,6,True,True,False,2020,1014341
464,1,3,Hammamet,Hammamet,apartment,5,7,True,False,False,1998,1320701
367,2,2,Sfax,Sfax,house,0,3,True,True,False,2002,970730
209,4,1,Kairouan,Kairouan,villa,0,1,True,False,False,2020,707225
108,7,3,Sfax,Sfax,house,0,2,True,True,False,2021,308496
403,1,1,Gabès,Gabès,apartment,2,7,False,False,False,2022,631904
79,2,4,Hammamet,Hammamet,villa,0,4,False,False,True,2020,391977
240,7,2,Hammamet,Hammamet,apartment,8,1,True,False,False,2007,511963
283,4,1,Bizerte,Bizerte,villa,0,6,False,True,False,2006,952578
423,2,1,Monastir,Monastir,apartment,4,7,False,False,False,2016,434167
55,6,1,Monastir,Monastir,apartment,3,6,False,False,False,2016,41184
316,4,4,Monastir,Monastir,house,0,7,False,True,False,2003,437058
343,6,4,Tataouine,Tataouine,house,0,6,True,True,False,1995,805070
114,4,4,Hammamet,Hammamet,house,0,5,True,False,False,2007,464215
401,5,3,Sousse,Sousse,apartment,3,6,False,False,False,2006,608718
144,6,2,Tataouine,Tataouine,villa,0,4,False,False,True,2014,491152
123,7,2,Bizerte,Bizerte,apartment,6,1,False,False,False,1992,103812
420,6,4,Sfax,Sfax,villa,0,8,True,True,True,2003,1847998
265,6,4,Gabès,Gabès,villa,0,4,False,True,False,2008,901644
445,5,1,Lac 2,Tunis,apartment,9,1,False,False,False,1997,1145430
143,2,4,Gabès,Gabès,apartment,8,3,False,False,False,2012,262319
426,4,2,Sfax,Sfax,house,0,4,False,False,False,1993,1045131
324,3,4,Lac 1,Tunis,apartment,7,7,False,False,False,2007,1603800
447,7,2,Carthage,Tunis,villa,0,8,False,False,True,2016,5165049
393,3,1,Tataouine,Tataouine,apartment,5,2,False,False,False,2001,484176
358,5,2,Gafsa,Gafsa,apartment,7,6,False,False,False,1992,300147
497,2,4,Gafsa,Gafsa,villa,0,4,True,False,False,1991,879212
85,7,1,Tataouine,Tataouine,apartment,2,8,False,False,False,1997,81532
107,3,2,Gabès,Gabès,villa,0,4,True,True,False,2013,256265
50,6,2,Sousse,Sousse,apartment,3,2,True,False,False,2005,51408
329,2,4,Soukra,Tunis,apartment,2,2,True,False,False,2020,518175
443,5,1,Sfax,Sfax,villa,0,3,True,True,True,1994,1023927
283,6,1,Gafsa,Gafsa,house,0,8,False,True,False,1991,368106
398,5,1,Kairouan,Kairouan,villa,0,5,False,True,True,2009,1861224
121,3,1,Sfax,Sfax,villa,0,1,False,True,True,2015,373993
342,1,4,Sfax,Sfax,villa,0,1,False,False,True,2011,1539738
82,4,4,Sousse,Sousse,villa,0,4,False,True,True,1991,221874
159,1,4,Gabès,Gabès,house,0,3,True,True,False,1999,393059
379,5,3,Tataouine,Tataouine,house,0,2,False,False,False,2021,422145
373,6,4,Sfax,Sfax,villa,0,5,True,True,False,2005,1237645
307,7,4,Hammamet,Hammamet,villa,0,9,True,True,True,1996,2150657
58,6,4,Nabeul,Nabeul,house,0,4,False,False,False,1999,148387
61,1,4,Monastir,Monastir,apartment,1,3,True,False,False,2022,57337
353,2,2,Tataouine,Tataouine,villa,0,7,False,False,False,2015,1047139
359,4,1,Nabeul,Nabeul,house,0,5,False,True,False,1998,1131056
365,2,2,Tataouine,Tataouine,villa,0,9,True,True,True,1991,879945
305,1,3,La Marsa,Tunis,villa,0,3,False,True,False,2000,1021798
266,7,3,Lac 1,Tunis,house,0,8,False,False,False,2014,867958
335,4,2,Sfax,Sfax,apartment,4,2,False,False,False,2023,219760
343,3,1,Sfax,Sfax,house,0,8,True,True,False,2000,800538
452,6,1,Hammamet,Hammamet,apartment,0,8,False,False,False,2005,1072324
299,3,3,Sfax,Sfax,villa,0,3,False,False,True,2004,1311442
143,6,1,Gafsa,Gafsa,apartment,9,7,False,False,False,2007,209924
51,2,1,Lac 2,Tunis,villa,0,5,False,True,True,1996,341049
61,4,1,Gafsa,Gafsa,house,0,9,False,True,False,2012,129309
416,2,3,Kairouan,Kairouan,apartment,3,8,False,False,False,1999,314828
413,7,1,Nabeul,Nabeul,apartment,8,4,True,False,False,1993,1132346
161,1,1,Tataouine,Tataouine,house,0,3,False,True,False,2001,305745
488,5,3,Bizerte,Bizerte,villa,0,9,True,True,True,1991,1676608
199,1,3,Nabeul,Nabeul,house,0,4,True,True,False,2003,595206
340,2,1,Monastir,Monastir,house,0,6,True,True,False,2021,520311
59,1,1,Gabès,Gabès,house,0,1,False,True,False,2000,95304
314,7,3,Monastir,Monastir,house,0,2,True,True,False,2008,405465
419,2,1,La Marsa,Tunis,apartment,4,7,True,False,False,2016,2132877
64,6,4,Nabeul,Nabeul,house,0,4,False,False,False,2003,219548
418,1,1,Nabeul,Nabeul,villa,0,9,False,False,False,1991,1049146
468,5,3,Soukra,Tunis,villa,0,6,True,True,True,2003,2921834
342,6,2,Hammamet,Hammamet,apartment,5,2,True,False,False,1991,385673
194,4,1,Carthage,Tunis,villa,0,9,False,True,False,2002,1378990
406,2,2,Nabeul,Nabeul,apartment,6,2,False,False,False,2017,916910
59,1,4,Nabeul,Nabeul,villa,0,4,True,False,True,2015,277111
286,5,1,Bizerte,Bizerte,apartment,7,4,False,False,False,2012,395824
58,7,1,Sousse,Sousse,apartment,4,5,False,False,False,2008,149918
76,5,1,Tataouine,Tataouine,villa,0,9,True,False,False,2017,100662
389,4,1,Sfax,Sfax,house,0,6,True,False,False,1998,376786
155,3,2,Nabeul,Nabeul,house,0,7,True,False,False,2004,397591
103,3,2,Monastir,Monastir,apartment,8,4,True,False,False,2023,72157
86,6,1,Gafsa,Gafsa,apartment,1,1,True,False,False,1998,151559
170,1,4,Sousse,Sousse,villa,0,6,False,True,True,2014,1143659
423,5,3,Nabeul,Nabeul,apartment,6,9,True,False,False,1990,778683
369,5,4,Sousse,Sousse,apartment,9,1,True,False,False,1993,539795
252,7,4,Soukra,Tunis,villa,0,4,False,True,False,1990,1383865
338,1,3,Bizerte,Bizerte,villa,0,5,False,True,False,1996,462043
74,2,1,Sousse,Sousse,villa,0,4,True,True,False,2001,165045
444,5,4,Hammamet,Hammamet,house,0,5,False,False,False,2011,953072
355,4,4,Gabès,Gabès,house,0,8,False,False,False,2014,361446
407,4,4,Nabeul,Nabeul,villa,0,9,True,True,False,1993,1474336
215,6,1,Nabeul,Nabeul,villa,0,9,True,False,True,1992,1515035
145,7,1,Gafsa,Gafsa,apartment,1,5,True,False,False,2011,229593
223,5,1,Gafsa,Gafsa,apartment,6,3,False,False,False,2002,177686
171,5,4,Monastir,Monastir,house,0,8,False,True,False,1996,422939
408,7,4,Soukra,Tunis,apartment,9,4,False,False,False,2019,1180548
344,5,3,Bizerte,Bizerte,house,0,6,True,True,False,2017,497921
433,6,2,Hammamet,Hammamet,house,0,7,True,False,False,2002,889404
251,4,4,Sousse,Sousse,villa,0,6,False,False,True,2009,1544234
389,6,1,Sousse,Sousse,house,0,7,True,False,False,2003,915630
214,6,1,Gafsa,Gafsa,apartment,7,8,False,False,False,2004,145520
247,7,1,Monastir,Monastir,apartment,6,9,False,False,False,2002,265376
418,3,1,Centre Ville,Tunis,house,0,9,False,True,False,1990,1036481
473,2,4,Bizerte,Bizerte,apartment,5,1,False,False,False,1998,867671
169,4,2,Sfax,Sfax,apartment,3,8,True,False,False,1992,277247
103,5,4,Centre Ville,Tunis,house,0,1,False,False,False,2021,471394
491,3,3,Kairouan,Kairouan,villa,0,4,False,True,True,2015,1471102
486,1,1,Bizerte,Bizerte,house,0,7,False,True,False,2004,727227
154,4,4,Bizerte,Bizerte,house,0,7,False,False,False,2007,135335
278,1,1,Gafsa,Gafsa,apartment,8,3,True,False,False,1991,259207
263,7,1,Monastir,Monastir,villa,0,7,True,False,True,1994,1000303
448,3,4,Gafsa,Gafsa,house,0,9,False,False,False,2007,716584
330,6,4,Kairouan,Kairouan,villa,0,5,False,False,False,2023,542678
449,6,3,Nabeul,Nabeul,villa,0,2,True,True,False,2002,1495420
190,1,4,Kairouan,Kairouan,house,0,4,True,False,False,2007,281965
402,6,3,Soukra,Tunis,villa,0,6,False,False,True,2006,1945796
63,6,2,Sfax,Sfax,apartment,3,8,False,False,False,1991,85629
251,4,4,Kairouan,Kairouan,house,0,8,False,True,False,1999,586635
192,4,1,Sousse,Sousse,house,0,6,False,False,False,2016,382187
320,2,4,Sousse,Sousse,villa,0,6,False,False,False,1998,1591833
322,2,3,Monastir,Monastir,apartment,7,3,True,False,False,2023,488486
98,3,2,Gafsa,Gafsa,apartment,4,5,False,False,False,2023,88435
147,2,4,Hammamet,Hammamet,house,0,5,True,False,False,2009,471218
227,6,1,Sfax,Sfax,house,0,4,False,False,False,2001,288961
464,2,4,Soukra,Tunis,apartment,0,4,True,False,False,1990,996080
352,3,1,Kairouan,Kairouan,house,0,2,True,True,False,2020,535715
489,7,1,La Marsa,Tunis,villa,0,8,False,True,False,2022,2345028
163,4,2,Bizerte,Bizerte,villa,0,8,True,True,True,2009,766539
378,2,2,Gabès,Gabès,house,0,4,False,True,False,2018,620972
128,7,1,Gafsa,Gafsa,villa,0,3,True,True,True,1998,370300
226,7,1,Sfax,Sfax,apartment,1,7,False,False,False,1993,275539
403,3,3,Tataouine,Tataouine,villa,0,5,True,False,True,1993,865013
228,5,4,Lac 1,Tunis,house,0,9,False,False,False,2005,1088973
103,7,2,Centre Ville,Tunis,villa,0,1,True,False,True,2021,894352
309,1,4,Nabeul,Nabeul,house,0,3,True,True,False,2011,594058
177,6,2,Hammamet,Hammamet,house,0,4,False,True,False,1996,422794
498,6,3,Nabeul,Nabeul,villa,0,6,False,True,False,2015,1053090
414,6,3,Bizerte,Bizerte,apartment,8,7,True,False,False,2003,397837
367,6,4,Bizerte,Bizerte,villa,0,7,True,True,True,2001,687182
95,3,3,Kairouan,Kairouan,house,0,5,False,True,False,1996,140849
385,1,1,Nabeul,Nabeul,villa,0,4,True,False,True,2007,2474592
55,4,4,Sousse,Sousse,villa,0,4,False,False,False,1996,206474
389,2,4,Sfax,Sfax,house,0,7,True,False,False,2022,400150
293,6,4,Kairouan,Kairouan,apartment,7,9,False,False,False,1994,289015
404,2,1,Bizerte,Bizerte,villa,0,6,False,False,False,2005,1012844
129,3,4,Hammamet,Hammamet,house,0,1,False,True,False,2012,189044
54,3,1,Gabès,Gabès,villa,0,7,False,True,True,1994,151783
308,6,3,Hammamet,Hammamet,apartment,7,2,False,False,False,2007,613905
471,5,2,Nabeul,Nabeul,house,0,1,True,True,False,2000,1276366
187,1,4,Monastir,Monastir,house,0,1,True,True,False,2016,307061
291,4,2,Nabeul,Nabeul,villa,0,1,False,False,False,1990,1382832
430,1,2,Gafsa,Gafsa,villa,0,7,True,False,True,2010,1611811
469,2,3,Bizerte,Bizerte,villa,0,1,False,False,True,2003,1904312
351,2,3,Gafsa,Gafsa,apartment,6,8,False,False,False,2001,457704
457,3,1,Nabeul,Nabeul,house,0,3,True,False,False,1993,967147
91,6,2,Gabès,Gabès,apartment,7,3,False,False,False,2018,117135
423,5,1,Gabès,Gabès,villa,0,5,True,False,False,2017,1028438
416,1,1,Sfax,Sfax,villa,0,6,False,True,False,2023,972601
482,2,2,La Marsa,Tunis,villa,0,2,False,True,True,2022,4816273
403,4,4,Tataouine,Tataouine,house,0,5,True,True,False,2012,500058
450,4,3,Nabeul,Nabeul,apartment,4,4,False,False,False,2019,1266300
264,4,4,Bizerte,Bizerte,villa,0,5,False,False,False,2008,439464
166,7,4,Gabès,Gabès,house,0,5,True,True,False,2016,481947
137,1,2,Sfax,Sfax,apartment,0,6,False,False,False,2006,148617
87,4,4,Gabès,Gabès,apartment,8,6,True,False,False,2010,149814
72,4,1,Monastir,Monastir,villa,0,6,True,False,False,2010,178319
412,1,4,Gabès,Gabès,villa,0,5,True,False,False,2004,750024
363,4,1,Ariana,Tunis,house,0,7,False,False,False,2004,721299
435,1,1,Ariana,Tunis,villa,0,7,True,True,True,2011,2736970
400,1,2,Sousse,Sousse,house,0,1,True,True,False,2008,1114953
343,2,4,Tataouine,Tataouine,villa,0,5,True,True,False,1996,487187
231,6,3,Sfax,Sfax,house,0,9,False,False,False,2004,282041
499,5,4,Sfax,Sfax,apartment,7,6,False,False,False,2009,585227
222,7,4,Gabès,Gabès,apartment,7,1,True,False,False,2002,424242
389,2,4,Monastir,Monastir,villa,0,9,False,False,False,2011,1193700
97,5,1,Hammamet,Hammamet,house,0,8,False,True,False,2000,360867
118,5,2,Kairouan,Kairouan,apartment,7,8,False,False,False,2010,181153
299,5,4,Sfax,Sfax,house,0,9,False,True,False,2006,387207
442,6,3,Monastir,Monastir,villa,0,5,True,True,False,2013,1582009
426,2,3,Gafsa,Gafsa,villa,0,3,False,True,True,2018,1493904
322,7,4,Kairouan,Kairouan,house,0,5,False,False,False,2018,475529
355,2,4,Monastir,Monastir,villa,0,5,True,True,False,2003,620548
316,3,1,Monastir,Monastir,house,0,7,True,True,False,2016,620232
493,2,4,Nabeul,Nabeul,house,0,2,True,False,False,2009,1323548
179,2,3,Sousse,Sousse,apartment,9,5,False,False,False,2017,431962
154,2,3,Tataouine,Tataouine,apartment,4,9,True,False,False,2021,292224
395,5,3,Sfax,Sfax,villa,0,9,False,False,False,1993,885052
486,4,4,Hammamet,Hammamet,house,0,5,True,False,False,2011,896372
480,6,3,Sousse,Sousse,house,0,1,True,True,False,1996,1242809
132,4,2,Tataouine,Tataouine,villa,0,2,True,True,True,2011,445802
237,7,3,Gabès,Gabès,house,0,5,False,True,False,1995,382290
242,3,3,Lac 1,Tunis,villa,0,6,False,False,False,1996,2115273
192,3,2,Lac 2,Tunis,apartment,3,8,True,False,False,2000,995500
427,3,2,Tataouine,Tataouine,apartment,1,3,True,False,False,2006,505021
83,6,3,Tataouine,Tataouine,apartment,8,8,True,False,False,2020,68743
396,7,1,Tataouine,Tataouine,apartment,6,7,False,False,False,1996,644688
358,4,1,Gafsa,Gafsa,apartment,3,3,True,False,False,1991,365976
297,1,4,Lac 1,Tunis,apartment,8,6,False,False,False,1990,1449954
360,7,3,Hammamet,Hammamet,villa,0,5,False,False,True,2004,930009
456,5,1,Gabès,Gabès,house,0,2,False,True,False,1998,518012
243,2,1,Sfax,Sfax,villa,0,9,False,True,False,1997,837953
467,5,4,Hammamet,Hammamet,house,0,4,True,True,False,1991,1958032
281,5,4,Gafsa,Gafsa,house,0,4,True,True,False,2020,408082
204,1,3,Sfax,Sfax,villa,0,2,True,True,False,2020,795980
441,4,3,Nabeul,Nabeul,villa,0,2,False,False,True,2002,2029619
480,5,1,Kairouan,Kairouan,house,0,6,True,True,False,2010,573116
120,6,3,Gabès,Gabès,apartment,8,4,True,False,False,1996,88200
324,3,2,Gafsa,Gafsa,apartment,0,6,True,False,False,2010,540237
446,5,3,Tataouine,Tataouine,villa,0,9,True,True,True,2012,1758925
426,4,3,Monastir,Monastir,villa,0,8,True,True,True,2015,2045719
265,5,4,Gafsa,Gafsa,apartment,1,9,False,False,False,1992,406404
108,4,3,Tataouine,Tataouine,house,0,2,True,True,False,1999,218853
381,5,1,Sfax,Sfax,villa,0,8,False,True,False,2021,994574
218,5,2,Gafsa,Gafsa,house,0,5,True,False,False,1998,554194
395,3,4,Monastir,Monastir,villa,0,7,False,True,False,2020,964798
477,2,2,Carthage,Tunis,apartment,1,2,False,False,False,2005,2255256
252,2,2,Monastir,Monastir,villa,0,4,True,True,True,2023,1336007
159,7,1,Sfax,Sfax,villa,0,8,False,True,True,1996,383072
386,2,3,Bizerte,Bizerte,house,0,6,True,False,False,2007,465349
461,2,4,Bizerte,Bizerte,villa,0,4,False,False,True,2011,2135042
390,1,4,Sousse,Sousse,villa,0,9,False,True,True,2005,1475674
104,1,3,Nabeul,Nabeul,apartment,8,2,False,False,False,1998,205171
437,4,2,Tataouine,Tataouine,house,0,2,True,True,False,1994,1121238
188,4,1,Bizerte,Bizerte,apartment,2,4,True,False,False,2003,325157
108,2,2,Gabès,Gabès,villa,0,8,True,False,False,2011,337369
326,5,4,Soukra,Tunis,apartment,0,5,False,False,False,2011,1201473
267,3,3,Gafsa,Gafsa,apartment,1,3,False,False,False,2003,532291
260,5,1,Sfax,Sfax,house,0,8,False,False,False,2015,317720
61,3,3,Monastir,Monastir,villa,0,1,False,True,False,2019,152859
244,1,1,Bizerte,Bizerte,house,0,9,False,True,False,2002,424007
164,6,4,Gabès,Gabès,villa,0,6,True,False,True,2008,585080
337,3,3,Gabès,Gabès,villa,0,5,False,True,True,2007,1342794
191,1,4,Hammamet,Hammamet,villa,0,4,True,False,False,2015,615560
438,4,1,Sfax,Sfax,house,0,7,True,True,False,1999,552431
499,2,3,Sfax,Sfax,apartment,4,8,True,False,False,1997,461495
387,1,2,Monastir,Monastir,house,0,9,False,False,False,2019,374708
148,6,2,Tataouine,Tataouine,apartment,4,5,False,False,False,2009,188966
328,7,1,Sfax,Sfax,apartment,8,7,False,False,False,2002,259251
200,4,4,Bizerte,Bizerte,apartment,9,6,False,False,False,2022,184000
223,5,1,Bizerte,Bizerte,apartment,1,6,False,False,False,2020,236736
409,3,1,Tataouine,Tataouine,villa,0,7,False,True,True,1993,1560620
365,5,1,Gabès,Gabès,villa,0,4,True,True,False,2019,679309
63,7,4,Gafsa,Gafsa,apartment,9,7,False,False,False,1999,88855
221,6,1,Tataouine,Tataouine,apartment,4,1,False,False,False,2017,224536
209,7,4,Nabeul,Nabeul,apartment,4,7,True,False,False,2015,615688
329,5,2,Nabeul,Nabeul,apartment,1,4,True,False,False,2019,454750
453,1,2,Bizerte,Bizerte,villa,0,6,False,False,True,2009,1116837
427,1,2,Kairouan,Kairouan,house,0,9,False,False,False,1992,971202
220,6,1,Bizerte,Bizerte,apartment,2,3,False,False,False,1994,426096
402,7,4,Tataouine,Tataouine,villa,0,4,False,True,False,1995,559082
215,7,4,Gafsa,Gafsa,house,0,6,True,True,False,1992,379122
431,7,1,Hammamet,Hammamet,apartment,1,3,False,False,False,1998,424621
388,2,1,Gafsa,Gafsa,house,0,5,True,True,False,2006,1119489
56,1,1,Sfax,Sfax,apartment,3,3,False,False,False,2002,57702
463,7,4,Sousse,Sousse,house,0,7,True,True,False,2019,1011090
121,2,1,Bizerte,Bizerte,house,0,4,False,True,False,2018,132333
230,5,1,Sfax,Sfax,house,0,3,True,False,False,2023,501064
414,6,1,Hammamet,Hammamet,house,0,3,True,False,False,2013,878859
242,6,2,Kairouan,Kairouan,apartment,0,4,True,False,False,1990,369969
90,7,4,Gabès,Gabès,apartment,8,9,False,False,False,2012,78192
305,5,1,Bizerte,Bizerte,house,0,5,True,True,False,1992,736029
110,6,4,Carthage,Tunis,apartment,8,7,True,False,False,2004,535227
80,4,1,Gabès,Gabès,villa,0,6,False,True,False,1991,295637
449,3,3,Tataouine,Tataouine,house,0,7,True,True,False,1993,653139
299,7,1,Nabeul,Nabeul,villa,0,5,True,True,False,2019,1790268
374,6,2,Sousse,Sousse,house,0,2,True,False,False,2018,1088611
384,6,1,Gafsa,Gafsa,villa,0,2,True,False,True,2016,1175208
448,4,1,Sousse,Sousse,villa,0,3,True,True,False,1992,1278614
131,1,3,Bizerte,Bizerte,apartment,6,5,True,False,False,1991,117962
206,5,2,Sousse,Sousse,apartment,3,9,True,False,False,2010,550786
125,4,2,Gabès,Gabès,villa,0,4,True,False,False,2017,219051
356,5,2,Monastir,Monastir,villa,0,3,False,True,False,2003,742097
268,4,2,Nabeul,Nabeul,house,0,8,False,False,False,2006,662238
114,4,1,Sousse,Sousse,apartment,5,1,True,False,False,2011,234995
497,4,2,Sousse,Sousse,house,0,5,False,True,False,1998,1632358
225,6,4,Lac 1,Tunis,apartment,1,6,True,False,False,2004,854752
93,6,1,Hammamet,Hammamet,house,0,1,True,True,False,2019,266934
134,5,3,Monastir,Monastir,apartment,8,8,False,False,False,2006,162944
403,6,4,Gabès,Gabès,apartment,9,1,True,False,False,1993,758961
172,6,1,Sousse,Sousse,house,0,3,True,False,False,2020,241166
91,5,3,Nabeul,Nabeul,house,0,9,False,False,False,2012,160556
486,5,1,Nabeul,Nabeul,apartment,0,6,False,False,False,2013,1217138
259,3,2,Lac 2,Tunis,apartment,9,6,False,False,False,2006,458948
347,5,4,Hammamet,Hammamet,apartment,9,5,True,False,False,2013,417545
342,5,1,Hammamet,Hammamet,apartment,1,5,True,False,False,2008,411528
192,1,3,Gafsa,Gafsa,villa,0,2,False,True,True,2021,580002
442,7,4,Sousse,Sousse,apartment,7,9,True,False,False,1992,1287042
107,7,1,Kairouan,Kairouan,apartment,6,1,False,False,False,2014,183098
166,6,2,Tataouine,Tataouine,villa,0,2,False,True,False,2009,404670
302,3,4,Gafsa,Gafsa,house,0,1,False,True,False,2021,379000
101,5,1,Lac 2,Tunis,apartment,7,3,False,False,False,2016,453894
328,7,1,Gabès,Gabès,house,0,5,False,True,False,1996,767349
126,2,3,Kairouan,Kairouan,house,0,6,True,True,False,2003,259113
324,7,3,Sousse,Sousse,villa,0,5,True,False,False,2004,1668068
206,4,4,Kairouan,Kairouan,apartment,7,1,True,False,False,2014,318220
463,1,2,Gafsa,Gafsa,house,0,2,True,False,False,2007,535931
288,6,4,Bizerte,Bizerte,apartment,2,9,False,False,False,2011,225100
309,2,3,Sousse,Sousse,villa,0,8,True,True,False,1993,661426
179,7,2,Bizerte,Bizerte,house,0,7,True,True,False,2015,280379
406,2,4,Nabeul,Nabeul,house,0,6,True,True,False,2017,1428679
115,4,1,Tataouine,Tataouine,house,0,7,True,False,False,2012,135124
152,1,2,Monastir,Monastir,apartment,4,9,True,False,False,2002,152960
205,3,3,Sfax,Sfax,villa,0,4,False,True,False,1992,292897
377,3,1,Sfax,Sfax,apartment,5,9,False,False,False,2001,570627
351,1,1,Gabès,Gabès,villa,0,9,False,False,False,2004,974993
267,2,4,Monastir,Monastir,house,0,3,False,True,False,2018,724828
246,3,2,Bizerte,Bizerte,villa,0,1,True,False,True,1998,1203525
202,3,2,Sfax,Sfax,apartment,3,8,False,False,False,1995,299768
75,7,3,Tataouine,Tataouine,villa,0,1,False,True,False,2020,223225
342,5,2,Carthage,Tunis,apartment,4,5,False,False,False,2008,1096452
406,3,3,Bizerte,Bizerte,apartment,1,6,True,False,False,1991,344791
285,1,4,Sousse,Sousse,apartment,6,8,True,False,False,1991,431638
50,7,4,Sousse,Sousse,villa,0,7,True,True,False,1993,238752
363,5,1,Bizerte,Bizerte,villa,0,6,True,False,True,1999,1108085
98,4,4,Bizerte,Bizerte,villa,0,9,False,True,True,2006,387862
237,2,3,Gabès,Gabès,house,0,4,True,False,False,2022,248451
85,5,1,Sfax,Sfax,apartment,3,7,True,False,False,1997,149368
393,6,2,Sousse,Sousse,villa,0,9,False,False,True,2022,2516080
203,1,3,Sousse,Sousse,apartment,8,4,True,False,False,2004,350930
482,1,2,Kairouan,Kairouan,villa,0,4,False,False,False,2005,907162
454,7,3,Monastir,Monastir,apartment,9,4,False,False,False,2013,337776
163,1,2,Bizerte,Bizerte,villa,0,6,True,True,True,2007,746803
432,3,2,Kairouan,Kairouan,villa,0,4,True,False,True,2014,1850274
469,5,4,Gafsa,Gafsa,villa,0,8,True,True,True,2017,1245257
441,5,3,Monastir,Monastir,house,0,2,False,False,False,2014,710433
474,5,4,Sfax,Sfax,house,0,8,False,True,False,2012,712524
214,7,1,Sousse,Sousse,apartment,8,4,False,False,False,1992,556228
473,5,1,Kairouan,Kairouan,apartment,7,5,True,False,False,2014,943237
470,5,1,Monastir,Monastir,apartment,4,8,True,False,False,1993,440202
359,6,2,Bizerte,Bizerte,villa,0,3,False,True,False,2002,656229
373,1,2,Hammamet,Hammamet,villa,0,1,False,True,True,2000,2413696
245,7,1,Tataouine,Tataouine,house,0,7,False,False,False,2013,265756
58,2,4,Carthage,Tunis,house,0,5,False,True,False,2011,382851
320,6,1,Gabès,Gabès,apartment,3,9,False,False,False,1991,419072
307,3,3,Hammamet,Hammamet,apartment,3,1,True,False,False,1994,492035
151,2,3,Gafsa,Gafsa,apartment,0,9,False,False,False,2006,272162
192,5,1,Tataouine,Tataouine,apartment,4,5,False,False,False,2012,178483
187,1,1,Sfax,Sfax,apartment,0,5,False,False,False,1996,284090
345,2,2,Tataouine,Tataouine,house,0,1,True,False,False,2009,631039
208,4,2,Hammamet,Hammamet,apartment,5,1,False,False,False,1990,356428
198,5,1,Gabès,Gabès,house,0,5,False,True,False,2007,354038
466,6,1,Bizerte,Bizerte,house,0,7,True,False,False,2013,1239612
331,4,2,Tataouine,Tataouine,villa,0,3,True,False,False,2000,1218649
330,4,1,Gafsa,Gafsa,villa,0,4,False,False,True,2012,1349805
199,7,2,Nabeul,Nabeul,house,0,1,False,False,False,1993,532094
79,1,4,La Marsa,Tunis,villa,0,3,True,True,False,2010,732186
355,2,2,Hammamet,Hammamet,apartment,4,1,True,False,False,2008,913386
470,7,1,Sousse,Sousse,villa,0,2,False,False,False,1990,1119765
138,7,1,Carthage,Tunis,house,0,2,True,False,False,2015,700359
276,7,1,Hammamet,Hammamet,apartment,9,4,True,False,False,2016,626315
238,5,4,Gafsa,Gafsa,house,0,4,True,False,False,2000,630767
111,2,4,Gabès,Gabès,villa,0,4,True,False,True,1991,389235
303,6,4,Bizerte,Bizerte,villa,0,7,True,True,True,2021,1046904
388,7,3,Tataouine,Tataouine,apartment,0,1,False,False,False,2009,747443
471,3,2,Bizerte,Bizerte,villa,0,2,False,False,False,2007,861364
175,3,3,Bizerte,Bizerte,villa,0,3,True,True,False,2009,381288
133,3,1,Nabeul,Nabeul,house,0,6,False,True,False,2010,203579
365,6,1,Tataouine,Tataouine,apartment,7,5,True,False,False,2018,391834
414,4,3,Tataouine,Tataouine,house,0,5,True,True,False,1993,698702
438,3,4,Sfax,Sfax,villa,0,8,False,True,True,1997,1255486
223,4,3,Bizerte,Bizerte,villa,0,4,True,False,False,2023,419784
286,5,3,Monastir,Monastir,villa,0,8,True,True,True,2018,716081
183,6,2,Sfax,Sfax,apartment,4,4,True,False,False,2013,351096
306,4,3,Monastir,Monastir,house,0,8,False,True,False,2009,370367
204,6,1,Sousse,Sousse,apartment,3,1,False,False,False,2004,361814
309,1,2,Hammamet,Hammamet,apartment,0,8,False,False,False,2018,370800
348,3,3,Tataouine,Tataouine,house,0,5,True,False,False,1999,871756
472,1,4,Sfax,Sfax,apartment,3,5,True,False,False,2001,780669
493,7,3,Lac 1,Tunis,house,0,9,True,True,False,2018,3138615
405,5,3,Sousse,Sousse,house,0,7,False,False,False,2000,733519
444,2,4,Monastir,Monastir,apartment,8,4,True,False,False,2006,387878
390,7,1,Monastir,Monastir,villa,0,3,True,False,True,2016,1267929
209,1,3,Soukra,Tunis,house,0,1,True,False,False,2017,815201
98,1,4,Bizerte,Bizerte,villa,0,7,True,False,False,2005,124171
158,5,4,Centre Ville,Tunis,apartment,6,1,False,False,False,2006,315210
155,2,2,Gabès,Gabès,villa,0,7,True,True,False,1992,228922
365,3,1,Tataouine,Tataouine,villa,0,3,True,True,True,2004,793923
250,5,3,Hammamet,Hammamet,villa,0,8,False,False,True,2018,1413126
237,5,3,Gabès,Gabès,house,0,6,False,True,False,2002,473118
421,1,3,Sousse,Sousse,apartment,3,1,True,False,False,2009,755905
55,6,4,Bizerte,Bizerte,apartment,8,8,False,False,False,2022,44176
375,1,4,Bizerte,Bizerte,apartment,5,1,True,False,False,2007,359415
319,5,1,Sousse,Sousse,house,0,2,True,True,False,2012,1232890
280,7,3,Nabeul,Nabeul,apartment,2,6,True,False,False,2017,814615
325,1,1,Sfax,Sfax,house,0,2,False,False,False,2013,302848
492,7,1,Gabès,Gabès,house,0,3,True,True,False,2002,742874
367,6,2,Kairouan,Kairouan,apartment,8,5,False,False,False,2000,329419
317,3,3,Soukra,Tunis,villa,0,7,True,True,False,2021,803702
242,3,1,Nabeul,Nabeul,villa,0,1,True,False,True,2018,1294312
212,7,2,Hammamet,Hammamet,villa,0,3,True,True,False,2020,1052506
197,4,3,Gafsa,Gafsa,villa,0,6,False,True,False,2004,634705
367,7,1,Sousse,Sousse,house,0,5,True,False,False,2009,1092883
115,5,3,Sousse,Sousse,house,0,3,False,False,False,2017,411005
150,7,4,Kairouan,Kairouan,apartment,6,9,False,False,False,1992,161760
160,1,1,Tataouine,Tataouine,house,0,2,False,False,False,2005,279385
219,1,3,Sousse,Sousse,house,0,1,True,False,False,2013,716726
138,7,1,Bizerte,Bizerte,apartment,9,6,False,False,False,2003,236366
122,3,2,Lac 1,Tunis,apartment,3,9,True,False,False,2022,493953
93,4,2,Nabeul,Nabeul,villa,0,5,True,False,True,2019,519062
491,7,1,Hammamet,Hammamet,apartment,0,2,True,False,False,2019,822817
168,2,1,Kairouan,Kairouan,apartment,8,8,True,False,False,2013,168497
499,1,1,Monastir,Monastir,house,0,4,True,True,False,2019,1320475
492,7,4,Sfax,Sfax,house,0,6,True,True,False,2015,564986
138,2,4,Bizerte,Bizerte,apartment,0,5,True,False,False,1995,265804
429,1,3,Gabès,Gabès,house,0,7,True,True,False,2017,933750
435,2,3,Monastir,Monastir,apartment,4,7,False,False,False,1996,432912
101,3,4,Nabeul,Nabeul,villa,0,3,True,False,True,1998,689975
399,7,2,Kairouan,Kairouan,house,0,1,False,False,False,2000,538203
174,4,4,Gabès,Gabès,house,0,3,True,True,False,2010,290313
384,3,2,Kairouan,Kairouan,apartment,8,4,False,False,False,1999,486604
303,4,1,Sfax,Sfax,apartment,0,1,True,False,False,2020,260628
385,7,3,Monastir,Monastir,house,0,1,False,False,False,2011,413212
119,7,4,Lac 1,Tunis,apartment,9,9,True,False,False,2005,202918
494,2,4,Gafsa,Gafsa,house,0,4,False,True,False,2009,789494
206,3,3,Tataouine,Tataouine,apartment,6,9,True,False,False,2019,223221
372,1,1,Sousse,Sousse,apartment,9,5,True,False,False,2001,378257
221,2,3,Tataouine,Tataouine,villa,0,2,True,False,False,2006,695370
487,4,1,Sousse,Sousse,apartment,5,1,False,False,False,1991,1257044
159,6,1,Bizerte,Bizerte,house,0,1,True,True,False,1994,318954
186,6,3,Gafsa,Gafsa,house,0,9,False,False,False,2018,244121
405,3,4,Hammamet,Hammamet,apartment,4,7,True,False,False,1998,814949
324,6,3,Sfax,Sfax,villa,0,2,True,False,True,1992,652775
115,2,3,Sfax,Sfax,apartment,6,3,True,False,False,2007,92156
188,7,3,Nabeul,Nabeul,villa,0,9,True,False,False,1996,654073
106,2,2,Gabès,Gabès,house,0,5,True,True,False,2003,144771
341,4,4,Sousse,Sousse,house,0,7,False,True,False,2010,898799
197,5,4,Sousse,Sousse,villa,0,3,True,False,False,2019,941399
230,3,1,Nabeul,Nabeul,apartment,6,3,False,False,False,2019,672888
250,4,1,Hammamet,Hammamet,house,0,6,False,False,False,2018,465270
76,3,1,Kairouan,Kairouan,villa,0,5,True,True,True,2021,375645
70,3,4,Tataouine,Tataouine,house,0,6,True,True,False,2018,106450
194,2,1,Kairouan,Kairouan,apartment,9,2,True,False,False,1999,234499
262,7,1,Monastir,Monastir,villa,0,1,True,False,False,2015,525286
71,1,1,La Marsa,Tunis,villa,0,5,True,False,True,2013,805945
65,5,2,Nabeul,Nabeul,villa,0,2,True,True,False,2013,131675
252,7,2,Nabeul,Nabeul,apartment,9,9,False,False,False,1992,374371
321,4,1,Gafsa,Gafsa,apartment,8,9,False,False,False,2002,211346
279,2,2,Gafsa,Gafsa,villa,0,9,True,False,False,2008,564854
440,5,2,Bizerte,Bizerte,apartment,4,4,False,False,False,1994,336512
101,3,3,Gafsa,Gafsa,villa,0,6,False,False,True,2022,231424
129,7,2,Hammamet,Hammamet,apartment,9,5,False,False,False,2002,300157
66,4,1,Tataouine,Tataouine,house,0,9,True,True,False,2011,88475
175,4,2,Gafsa,Gafsa,villa,0,4,True,True,True,2013,852864
96,3,3,Gafsa,Gafsa,apartment,6,5,True,False,False,2010,75962
297,4,1,Tataouine,Tataouine,villa,0,1,True,False,True,2009,1363717
414,2,2,Nabeul,Nabeul,house,0,7,False,True,False,2007,1336307
175,1,2,Kairouan,Kairouan,house,0,5,True,True,False,2019,480119
101,4,3,Tataouine,Tataouine,villa,0,1,False,True,False,1992,383321
370,5,1,Gabès,Gabès,house,0,9,False,False,False,1994,444828
392,4,2,Tataouine,Tataouine,apartment,6,1,True,False,False,1994,283839
93,7,4,Monastir,Monastir,house,0,6,False,False,False,2002,80180
203,1,3,La Marsa,Tunis,villa,0,9,True,True,True,2005,2475500
357,7,4,Lac 1,Tunis,house,0,2,True,False,False,2002,2366353
156,5,4,Sousse,Sousse,villa,0,9,False,False,True,1990,660138
397,4,4,Nabeul,Nabeul,house,0,9,False,True,False,2022,1281435
433,5,3,Sousse,Sousse,house,0,4,True,True,False,1991,1356731
75,2,1,Lac 1,Tunis,apartment,3,4,True,False,False,2008,329175
331,3,3,Gafsa,Gafsa,apartment,2,7,False,False,False,2007,580441
310,6,3,Gafsa,Gafsa,apartment,5,3,False,False,False,1995,451608
252,7,3,Bizerte,Bizerte,house,0,1,False,False,False,2005,239016
160,5,1,Tataouine,Tataouine,villa,0,5,True,False,False,1997,239016
326,1,3,Gafsa,Gafsa,villa,0,4,False,False,False,2011,844053
380,2,3,Sousse,Sousse,villa,0,1,True,True,False,1992,2209843
498,4,2,Lac 1,Tunis,apartment,4,4,False,False,False,2002,1252968
236,6,3,Lac 2,Tunis,house,0,9,True,True,False,2004,1465608
382,2,1,Nabeul,Nabeul,villa,0,6,False,True,False,2013,1404106
322,3,2,Nabeul,Nabeul,villa,0,8,False,False,True,2015,1337276
81,5,2,Monastir,Monastir,villa,0,5,False,False,False,2011,283785
140,4,1,La Marsa,Tunis,apartment,5,9,True,False,False,1992,391902
235,5,4,Sousse,Sousse,apartment,8,1,True,False,False,2010,592200
475,7,2,Sfax,Sfax,house,0,6,True,False,False,2007,425334
228,2,2,Gafsa,Gafsa,house,0,1,True,True,False,1998,609368
318,3,1,Sousse,Sousse,house,0,7,False,True,False,2014,675016
321,7,3,Sfax,Sfax,villa,0,7,False,True,True,2011,935980
91,5,1,Kairouan,Kairouan,villa,0,2,True,False,False,2003,193041
60,5,4,Bizerte,Bizerte,villa,0,4,True,True,False,2008,191600
358,3,3,Sfax,Sfax,villa,0,4,False,False,False,2021,914532
106,3,2,Hammamet,Hammamet,villa,0,7,True,False,False,1994,420954
135,2,2,Nabeul,Nabeul,house,0,7,True,True,False,2022,568702
333,1,2,Bizerte,Bizerte,villa,0,1,False,False,True,2011,527999
413,3,2,Monastir,Monastir,apartment,2,3,False,False,False,2022,503529
370,2,2,Sousse,Sousse,villa,0,3,True,True,True,2002,2271597
348,6,3,Sfax,Sfax,apartment,8,8,True,False,False,1992,347276
390,7,2,Monastir,Monastir,villa,0,5,True,False,True,2008,1192804
133,4,2,Bizerte,Bizerte,house,0,9,True,True,False,1996,204492
358,2,2,Sfax,Sfax,house,0,6,True,True,False,1996,417558
67,3,2,Sfax,Sfax,villa,0,3,False,False,True,2014,204441
245,3,1,Nabeul,Nabeul,apartment,2,2,True,False,False,2017,427240
377,5,2,Tataouine,Tataouine,apartment,8,2,False,False,False,2011,674980
148,2,2,Gabès,Gabès,villa,0,9,True,True,True,2020,556479
496,1,1,Soukra,Tunis,apartment,7,2,False,False,False,2009,1226112
269,6,2,Tataouine,Tataouine,villa,0,1,True,True,False,2017,1039759
368,1,1,Hammamet,Hammamet,apartment,8,4,False,False,False,2013,1033785
440,1,1,Monastir,Monastir,villa,0,2,True,False,False,2009,910768
264,4,2,Carthage,Tunis,villa,0,6,False,False,False,2012,763171
315,3,3,Gabès,Gabès,house,0,8,True,False,False,1998,464716
253,1,4,Ariana,Tunis,villa,0,7,False,False,True,2004,1721002
421,6,1,Monastir,Monastir,house,0,8,True,True,False,2007,1045798
326,7,3,Tataouine,Tataouine,house,0,5,True,True,False,2009,922588
139,1,3,Tataouine,Tataouine,house,0,1,True,True,False,2014,409235
443,6,3,Tataouine,Tataouine,house,0,3,True,False,False,2020,700478
334,5,2,Sousse,Sousse,apartment,6,5,True,False,False,2013,605167
121,2,3,Ariana,Tunis,villa,0,9,True,False,False,2015,777660
333,4,2,Kairouan,Kairouan,house,0,6,True,True,False,1996,519599
488,6,1,Nabeul,Nabeul,house,0,2,False,False,False,2001,875472
368,7,1,Bizerte,Bizerte,villa,0,9,False,True,False,2018,528118
277,6,2,Sfax,Sfax,house,0,2,False,True,False,1996,556772
350,5,3,Sfax,Sfax,villa,0,9,True,True,True,1998,1885079
186,4,2,Sousse,Sousse,house,0,8,False,False,False,2015,327590
235,5,1,Nabeul,Nabeul,apartment,2,8,True,False,False,1997,283367
331,3,3,Gafsa,Gafsa,apartment,6,2,False,False,False,1998,631548
350,7,1,Sfax,Sfax,house,0,3,False,False,False,2002,518336
327,4,1,Sfax,Sfax,apartment,4,4,True,False,False,2003,349942
465,6,3,Tataouine,Tataouine,house,0,2,True,True,False,2012,722774
393,4,1,Nabeul,Nabeul,apartment,2,6,False,False,False,2019,670615
449,6,3,Bizerte,Bizerte,villa,0,7,False,True,True,2011,1950865
482,5,1,Hammamet,Hammamet,villa,0,9,True,True,True,2018,3093655
432,4,4,Tataouine,Tataouine,house,0,5,True,True,False,2008,526183
416,2,4,Gabès,Gabès,apartment,8,6,False,False,False,2015,607692
435,5,1,Sousse,Sousse,house,0,4,True,True,False,2001,1257971
406,6,4,Carthage,Tunis,villa,0,3,True,True,False,2010,2896861
141,6,4,Nabeul,Nabeul,apartment,3,8,False,False,False,2000,323341
301,3,3,Monastir,Monastir,house,0,5,True,True,False,1992,740838
462,3,3,Lac 1,Tunis,house,0,7,True,False,False,1992,1814953
160,3,4,Carthage,Tunis,villa,0,2,False,True,False,2009,1345132
422,5,3,Gafsa,Gafsa,house,0,1,True,True,False,2003,984919
219,3,2,Gabès,Gabès,apartment,5,4,False,False,False,2019,373526
107,4,3,Sfax,Sfax,villa,0,6,True,True,False,2002,435296
212,7,4,Hammamet,Hammamet,villa,0,8,False,True,True,1990,1598429
265,3,2,La Marsa,Tunis,villa,0,8,False,False,False,2015,1866024
210,4,1,Gabès,Gabès,villa,0,1,True,True,False,2002,352066
62,1,2,Hammamet,Hammamet,house,0,2,True,True,False,2013,264868
74,2,4,Gabès,Gabès,villa,0,3,False,False,True,2019,257662
412,1,4,Tataouine,Tataouine,villa,0,3,True,False,False,2015,1290117
160,4,4,Tataouine,Tataouine,villa,0,3,True,True,True,2013,806745
89,6,4,Hammamet,Hammamet,house,0,3,True,True,False,1997,302118
54,5,4,Bizerte,Bizerte,villa,0,9,True,False,True,2022,99561
155,3,4,Sfax,Sfax,villa,0,1,False,True,True,1997,446208
133,3,3,Gafsa,Gafsa,villa,0,7,False,False,True,2002,352798
302,4,1,Nabeul,Nabeul,apartment,2,7,False,False,False,2002,808876
456,3,3,Kairouan,Kairouan,house,0,1,False,False,False,1994,606552
271,7,1,Sousse,Sousse,house,0,5,True,True,False,2012,545417
434,2,2,Hammamet,Hammamet,house,0,6,True,False,False,1997,1025106
388,3,2,Monastir,Monastir,apartment,0,5,True,False,False,1999,799155
257,5,4,Nabeul,Nabeul,apartment,2,3,False,False,False,2023,351576
469,6,2,Sousse,Sousse,apartment,1,8,True,False,False,1992,1184243
396,2,4,Bizerte,Bizerte,house,0,3,True,False,False,2006,894701
294,6,4,Sousse,Sousse,apartment,2,3,False,False,False,1994,712656
447,3,1,Monastir,Monastir,apartment,3,9,False,False,False,2010,836784
168,1,3,Gabès,Gabès,apartment,1,8,False,False,False,2002,310329
363,1,3,Gafsa,Gafsa,house,0,7,True,True,False,1999,684139
112,5,4,Gafsa,Gafsa,villa,0,7,True,True,True,2015,571986
496,7,1,Sousse,Sousse,villa,0,1,True,True,True,2021,2741134
316,5,2,Tataouine,Tataouine,house,0,8,False,False,False,2004,408170
97,6,2,Monastir,Monastir,villa,0,7,False,False,False,1993,155324
113,6,4,Kairouan,Kairouan,villa,0,7,True,True,True,2000,489869
492,6,3,Gabès,Gabès,villa,0,8,True,False,False,2004,1535417
384,2,4,Tataouine,Tataouine,villa,0,4,True,True,False,2006,1391659
135,7,1,Sousse,Sousse,apartment,5,4,False,False,False,2018,242028
475,6,2,Kairouan,Kairouan,house,0,6,True,True,False,2023,1255254
222,7,4,Nabeul,Nabeul,apartment,2,7,False,False,False,2011,577022
245,5,1,Hammamet,Hammamet,house,0,8,True,False,False,1999,916592
222,1,2,Gafsa,Gafsa,house,0,2,True,True,False,2006,446666
395,7,2,Sfax,Sfax,apartment,4,5,True,False,False,2014,714033
173,4,2,Hammamet,Hammamet,house,0,3,False,False,False,2009,424251
216,7,4,Monastir,Monastir,apartment,6,8,True,False,False,2006,256193
128,4,1,Tataouine,Tataouine,house,0,7,True,True,False,2000,272451
259,1,4,Hammamet,Hammamet,apartment,8,5,False,False,False,2011,735663
224,2,3,Bizerte,Bizerte,house,0,5,True,True,False,2017,470063
265,6,1,Bizerte,Bizerte,house,0,8,True,True,False,1995,303357
487,5,3,Bizerte,Bizerte,villa,0,4,False,False,False,1999,960753
292,1,1,Tataouine,Tataouine,villa,0,4,False,True,True,1993,945823
267,4,4,Hammamet,Hammamet,apartment,5,1,False,False,False,1990,610682
483,1,1,Gafsa,Gafsa,apartment,5,7,True,False,False,1997,585048
98,5,4,Lac 2,Tunis,apartment,3,2,True,False,False,2005,248606
365,5,1,Hammamet,Hammamet,villa,0,3,True,False,True,1992,1910194
125,7,1,Gafsa,Gafsa,apartment,3,7,True,False,False,2016,121590
284,5,1,Tataouine,Tataouine,apartment,4,8,True,False,False,2010,373346
206,1,3,Nabeul,Nabeul,villa,0,3,False,True,False,2017,803197
182,5,4,Sousse,Sousse,house,0,9,False,False,False,2014,290734
66,1,1,Tataouine,Tataouine,house,0,9,True,True,False,2022,169181
295,1,3,Soukra,Tunis,house,0,9,False,False,False,1993,575250
415,7,4,Gafsa,Gafsa,house,0,6,False,False,False,2010,928803
496,7,1,Sousse,Sousse,villa,0,5,False,False,False,1993,1758101
404,5,1,Lac 1,Tunis,apartment,2,1,True,False,False,2007,1880902
420,6,3,Monastir,Monastir,house,0,8,False,False,False,2009,414523
353,2,4,Sousse,Sousse,villa,0,5,False,True,True,1990,1659507
123,5,1,Monastir,Monastir,house,0,7,True,False,False,2013,316717
392,3,3,Hammamet,Hammamet,house,0,2,False,True,False,1995,573116
188,7,1,Gabès,Gabès,apartment,9,4,False,False,False,2017,200633
460,6,2,Nabeul,Nabeul,house,0,3,True,False,False,2016,1775198
98,6,1,Hammamet,Hammamet,villa,0,8,True,False,True,2023,433414
219,7,1,Bizerte,Bizerte,house,0,1,True,False,False,2005,396029
323,2,2,Hammamet,Hammamet,apartment,2,4,False,False,False,2008,910084
66,6,2,Monastir,Monastir,villa,0,6,False,False,True,2018,207690
115,7,1,Hammamet,Hammamet,house,0,8,True,True,False,2003,411305
379,7,1,Gafsa,Gafsa,villa,0,8,True,False,True,2021,1229187
169,7,2,Sfax,Sfax,apartment,1,6,True,False,False,2008,127196
408,2,1,Kairouan,Kairouan,villa,0,1,True,True,False,2017,1682892
106,6,4,Tataouine,Tataouine,villa,0,4,True,True,False,2002,334792
207,5,2,Nabeul,Nabeul,house,0,5,False,False,False,2007,349722
437,2,3,Gabès,Gabès,house,0,5,True,True,False,1995,741718
186,4,1,La Marsa,Tunis,villa,0,5,True,False,False,1993,1263434
355,4,1,Kairouan,Kairouan,house,0,7,True,True,False,2019,740701
373,1,3,Gabès,Gabès,house,0,5,False,False,False,2015,581880
443,4,2,Soukra,Tunis,house,0,6,True,False,False,2010,2265792
120,2,3,Kairouan,Kairouan,villa,0,3,False,True,True,1991,505821
448,5,4,Bizerte,Bizerte,villa,0,4,True,False,True,1999,1936414
201,4,1,Bizerte,Bizerte,house,0,2,False,False,False,2000,319622
50,6,1,Hammamet,Hammamet,apartment,1,5,False,False,False,1998,132480
248,4,3,Sfax,Sfax,house,0,8,False,False,False,2005,215879
444,3,1,Sfax,Sfax,house,0,3,False,True,False,2007,1182475
364,5,4,Carthage,Tunis,villa,0,8,False,False,False,1997,3188203
183,5,1,Lac 1,Tunis,house,0,5,False,True,False,2019,876661
198,4,1,Sfax,Sfax,villa,0,1,True,False,True,1995,400864
240,4,2,Gabès,Gabès,house,0,5,True,True,False,1993,448576
314,5,2,Sfax,Sfax,villa,0,8,True,True,False,2012,686751
491,5,3,Gabès,Gabès,house,0,6,False,True,False,2004,935798
227,6,3,Bizerte,Bizerte,house,0,1,True,True,False,2002,262038
109,5,3,Hammamet,Hammamet,house,0,5,True,True,False,1999,238621
61,4,1,Sfax,Sfax,villa,0,5,False,True,False,2022,193731
346,3,3,Gafsa,Gafsa,house,0,2,False,True,False,2021,549007
95,3,4,Nabeul,Nabeul,apartment,5,6,True,False,False,1991,198702
382,3,1,Nabeul,Nabeul,apartment,8,2,True,False,False,2008,450515
165,7,1,Gafsa,Gafsa,apartment,1,3,True,False,False,2020,118641
449,3,3,Kairouan,Kairouan,house,0,6,False,False,False,2003,505250
343,3,1,Kairouan,Kairouan,villa,0,4,True,True,False,2015,880817
418,7,1,Lac 1,Tunis,house,0,5,True,True,False,1993,2561973
357,2,1,Sfax,Sfax,villa,0,5,True,False,True,2018,1720615
53,5,3,Bizerte,Bizerte,apartment,6,7,False,False,False,2010,47403
242,3,1,Bizerte,Bizerte,villa,0,9,False,True,False,2020,813805
407,5,1,Sfax,Sfax,villa,0,5,False,True,False,2020,1538225
114,6,4,Gafsa,Gafsa,apartment,1,8,False,False,False,2015,132604
68,2,4,Gabès,Gabès,apartment,3,3,True,False,False,1998,82766
350,2,1,Kairouan,Kairouan,house,0,8,True,False,False,2016,731530
260,2,4,Nabeul,Nabeul,villa,0,6,True,False,True,2013,1551566
268,7,2,Gafsa,Gafsa,apartment,5,1,True,False,False,2010,377526
297,6,4,Bizerte,Bizerte,villa,0,1,True,True,True,2020,1112223
444,4,1,Lac 1,Tunis,apartment,2,8,True,False,False,1991,2179018
295,4,4,Kairouan,Kairouan,house,0,2,True,False,False,2005,741244
234,7,2,Kairouan,Kairouan,apartment,3,4,True,False,False,1993,398230
457,2,3,Monastir,Monastir,villa,0,5,True,False,False,1991,1093136
98,7,3,Gabès,Gabès,house,0,3,True,False,False,2019,241214
329,3,4,Monastir,Monastir,villa,0,7,False,True,False,2001,942213
346,5,2,Sousse,Sousse,house,0,3,False,True,False,2012,644797
454,4,1,Kairouan,Kairouan,house,0,6,True,True,False,1993,1036155
275,3,1,Sousse,Sousse,house,0,8,True,False,False,2017,861710
166,6,1,Hammamet,Hammamet,apartment,1,8,False,False,False,2013,424495
104,5,4,Sfax,Sfax,apartment,6,3,True,False,False,2004,130690
286,5,4,Lac 2,Tunis,apartment,2,2,True,False,False,1996,919518
360,4,1,Bizerte,Bizerte,house,0,5,False,True,False,2009,828622
124,2,2,Gabès,Gabès,apartment,6,7,True,False,False,2009,211965
316,2,1,Bizerte,Bizerte,villa,0,9,False,True,True,2004,722935
231,7,1,Tataouine,Tataouine,villa,0,7,False,False,True,2011,451891
366,1,4,Sfax,Sfax,house,0,4,False,True,False,2017,460155
438,4,1,Sousse,Sousse,apartment,9,6,False,False,False,1991,880905
231,4,3,Gafsa,Gafsa,house,0,3,True,False,False,1997,483062
154,7,3,Sfax,Sfax,apartment,1,8,True,False,False,2000,305807
300,5,3,Monastir,Monastir,villa,0,7,False,False,False,2007,483408
397,4,4,Tataouine,Tataouine,house,0,4,False,False,False,2018,1021465
486,6,1,La Marsa,Tunis,house,0,1,False,True,False,2006,1737450
170,3,2,Gabès,Gabès,apartment,9,5,False,False,False,1997,200328
86,1,1,Bizerte,Bizerte,apartment,0,8,True,False,False,2007,142746
155,1,4,Carthage,Tunis,apartment,1,3,True,False,False,1999,401016
244,5,3,Bizerte,Bizerte,apartment,2,6,False,False,False,2014,478044
322,2,4,Sfax,Sfax,apartment,2,7,False,False,False,2000,208656
445,1,4,Monastir,Monastir,apartment,7,8,True,False,False,2003,819743
489,5,2,Lac 2,Tunis,house,0,4,True,True,False,2006,2555132
438,3,1,Sousse,Sousse,villa,0,4,True,False,False,2009,2306637
388,5,4,Carthage,Tunis,villa,0,1,True,False,False,1994,2521154
240,7,2,Bizerte,Bizerte,house,0,9,False,False,False,2017,335462
287,2,2,Sfax,Sfax,villa,0,6,True,True,False,2022,883076
354,2,3,Monastir,Monastir,house,0,4,False,True,False,2023,454788
404,3,3,Sfax,Sfax,villa,0,9,False,True,True,2001,1792780
411,1,1,Hammamet,Hammamet,house,0,5,True,False,False,2017,1138411
293,3,2,Bizerte,Bizerte,apartment,8,3,False,False,False,1994,230415
331,7,1,Monastir,Monastir,villa,0,9,False,True,False,2007,875063
70,1,3,La Marsa,Tunis,house,0,8,False,True,False,2012,460460
491,5,3,Kairouan,Kairouan,villa,0,5,True,True,True,2016,2602031
467,6,1,Bizerte,Bizerte,apartment,9,3,True,False,False,2000,719441
468,3,4,Monastir,Monastir,villa,0,6,True,True,False,1990,979977
494,7,2,Bizerte,Bizerte,villa,0,3,False,True,True,2021,1284780
59,4,1,Kairouan,Kairouan,apartment,0,8,False,False,False,1993,82977
192,1,3,Bizerte,Bizerte,apartment,8,7,True,False,False,2022,214179
381,1,3,Gabès,Gabès,villa,0,8,False,False,False,2005,1205910
383,3,3,Kairouan,Kairouan,villa,0,3,True,False,True,2019,732498
165,7,1,Lac 2,Tunis,house,0,3,False,True,False,2015,412912
464,4,1,Sfax,Sfax,villa,0,5,False,False,False,1997,1487324
267,4,3,Centre Ville,Tunis,house,0,3,True,True,False,2003,883384
97,2,4,Gabès,Gabès,apartment,3,2,False,False,False,2008,161563
373,3,1,Hammamet,Hammamet,house,0,2,True,True,False,2007,1065905
93,1,4,Hammamet,Hammamet,apartment,5,3,False,False,False,1990,107359
213,6,3,Nabeul,Nabeul,apartment,6,9,False,False,False,2002,287038
375,3,1,Tataouine,Tataouine,house,0,8,False,True,False,2023,826683
421,1,4,Sfax,Sfax,villa,0,1,False,False,True,2010,1149855
178,3,3,Sfax,Sfax,apartment,6,8,True,False,False,1998,263155
469,2,2,Gafsa,Gafsa,villa,0,1,False,False,True,2021,1658481
405,1,3,Sfax,Sfax,apartment,2,8,True,False,False,2015,766130
203,5,2,Gabès,Gabès,house,0,3,False,True,False,2013,568039
141,4,1,Bizerte,Bizerte,house,0,7,True,False,False,2022,235731
397,5,1,Hammamet,Hammamet,villa,0,6,False,True,True,1995,2386289
462,2,1,Kairouan,Kairouan,house,0,9,False,False,False,1992,878797
353,6,4,Monastir,Monastir,villa,0,8,False,False,True,2002,1228456
119,1,1,Kairouan,Kairouan,house,0,9,False,True,False,2002,150566
397,5,4,Bizerte,Bizerte,house,0,5,False,False,False,2014,767956
68,3,3,Nabeul,Nabeul,house,0,2,False,True,False,1995,147727
434,7,2,Monastir,Monastir,house,0,8,False,False,False,2008,1097707
331,1,1,Sfax,Sfax,apartment,0,6,False,False,False,2015,566142
176,4,4,La Marsa,Tunis,apartment,4,6,True,False,False,2015,823099
55,3,2,Lac 1,Tunis,villa,0,1,False,True,False,2011,271161
494,1,2,Ariana,Tunis,house,0,3,True,True,False,2012,971309
123,2,2,Monastir,Monastir,house,0,7,False,False,False,2019,151841
434,3,3,Kairouan,Kairouan,house,0,5,True,True,False,2019,663641
153,2,2,Kairouan,Kairouan,apartment,7,9,True,False,False,2002,320271
498,6,2,Sousse,Sousse,apartment,3,3,True,False,False,1990,1086167
412,5,3,Lac 1,Tunis,villa,0,2,True,False,False,1994,2591447
63,2,4,Hammamet,Hammamet,apartment,1,3,True,False,False,1992,84063
184,5,1,Sousse,Sousse,house,0,3,False,True,False,2006,691479
108,2,3,Kairouan,Kairouan,villa,0,1,True,False,False,2017,181911
423,5,2,Sousse,Sousse,house,0,7,False,False,False,1992,1123115
58,3,2,Kairouan,Kairouan,house,0,5,True,False,False,2002,106467
111,6,3,Tataouine,Tataouine,villa,0,7,True,False,True,2000,330545
367,5,4,La Marsa,Tunis,villa,0,1,True,True,True,2005,3761250
421,2,1,Bizerte,Bizerte,villa,0,9,True,False,False,2022,1542365
468,3,3,Monastir,Monastir,villa,0,2,True,True,True,2002,1700988
257,5,2,Gabès,Gabès,apartment,8,8,False,False,False,2008,342529
108,4,2,Sfax,Sfax,house,0,8,False,False,False,1991,253618
111,6,4,Monastir,Monastir,house,0,2,False,False,False,1994,192669
239,2,3,Gafsa,Gafsa,house,0,4,True,False,False,1992,548857
474,7,4,Sfax,Sfax,villa,0,8,False,True,True,2001,1020959
313,6,3,Bizerte,Bizerte,villa,0,2,True,False,True,2009,741970
370,5,2,Monastir,Monastir,house,0,2,False,True,False,2005,746665
199,1,4,Kairouan,Kairouan,house,0,3,False,False,False,2011,203234
155,4,2,Gafsa,Gafsa,villa,0,3,True,True,False,2006,341321
280,4,3,Nabeul,Nabeul,house,0,3,True,True,False,1994,1228467
237,7,1,Bizerte,Bizerte,villa,0,7,True,False,False,2018,494156
433,1,3,La Marsa,Tunis,house,0,6,True,True,False,1993,1471938
69,7,2,Sfax,Sfax,house,0,1,False,False,False,2001,72908
128,7,4,Sousse,Sousse,villa,0,8,False,True,True,2017,867829
135,4,1,Kairouan,Kairouan,apartment,5,5,False,False,False,2023,250560
151,3,2,Bizerte,Bizerte,apartment,8,9,True,False,False,1990,288687
473,4,3,Lac 2,Tunis,villa,0,5,True,False,True,1994,3028591
321,6,3,Hammamet,Hammamet,villa,0,2,False,False,True,2006,832864
131,4,3,Hammamet,Hammamet,apartment,8,5,True,False,False,2005,202033
261,6,2,Hammamet,Hammamet,apartment,9,1,True,False,False,2020,430148
99,7,4,Bizerte,Bizerte,house,0,9,True,True,False,2009,289448
264,4,3,Gafsa,Gafsa,villa,0,7,True,True,True,2014,1222675
167,2,2,Gabès,Gabès,house,0,8,True,True,False,1998,445734
353,4,3,Gabès,Gabès,villa,0,5,False,True,True,1992,1740919
147,2,4,Sfax,Sfax,villa,0,3,False,False,False,1998,432885
168,6,4,Gafsa,Gafsa,house,0,8,False,False,False,2008,225563
385,2,3,Hammamet,Hammamet,villa,0,9,False,False,True,2022,1255133
490,6,3,Centre Ville,Tunis,house,0,4,False,True,False,2020,1624923
173,6,3,Bizerte,Bizerte,house,0,6,False,False,False,1991,268440
264,6,3,Carthage,Tunis,house,0,5,False,False,False,2021,1685112
486,4,2,Sousse,Sousse,villa,0,3,True,False,False,1992,2540681
87,6,1,Tataouine,Tataouine,house,0,8,True,False,False,1990,204353
295,7,2,Nabeul,Nabeul,villa,0,9,False,False,False,1997,1480215
401,2,1,Gabès,Gabès,villa,0,6,True,False,False,2022,527491
352,5,2,Gafsa,Gafsa,apartment,4,3,True,False,False,2009,528380
215,4,3,Bizerte,Bizerte,villa,0,1,False,False,False,2013,596908
85,2,1,Lac 2,Tunis,villa,0,8,False,False,False,1992,527850
135,4,1,Gafsa,Gafsa,house,0,9,True,False,False,2019,208157
116,4,1,Bizerte,Bizerte,house,0,9,False,True,False,2021,321409
260,7,3,Gafsa,Gafsa,villa,0,7,False,True,True,1990,986192
406,3,3,Bizerte,Bizerte,apartment,0,7,True,False,False,2015,538843
167,6,2,Hammamet,Hammamet,villa,0,7,True,False,True,2022,879395
468,4,1,Soukra,Tunis,house,0,2,False,False,False,2003,1872655
372,4,4,Sousse,Sousse,apartment,4,7,True,False,False,2022,499655
222,6,3,Hammamet,Hammamet,apartment,9,3,True,False,False,2000,521398
254,4,1,Sfax,Sfax,house,0,5,False,True,False,2022,587835
168,5,2,Nabeul,Nabeul,villa,0,4,False,False,True,2007,961414
270,2,1,Tataouine,Tataouine,villa,0,6,True,False,True,1997,637915
465,3,3,Tataouine,Tataouine,house,0,1,True,False,False,2021,719016
74,5,3,Gabès,Gabès,apartment,0,9,False,False,False,2022,94601
85,7,3,Sfax,Sfax,villa,0,9,False,False,False,2019,130723
220,7,1,Sfax,Sfax,apartment,5,5,True,False,False,1992,412658
275,1,3,Kairouan,Kairouan,apartment,1,4,False,False,False,2005,453420
181,4,3,Tataouine,Tataouine,villa,0,4,False,False,True,2015,389995
62,5,1,Hammamet,Hammamet,house,0,5,False,False,False,2002,143145
444,5,4,Bizerte,Bizerte,house,0,2,False,True,False,2018,1031110
197,4,4,Sfax,Sfax,house,0,5,False,False,False,2022,364071
432,3,3,Gabès,Gabès,house,0,6,False,True,False,1990,1227118
107,3,1,Sfax,Sfax,house,0,6,True,True,False,1995,192792
291,7,1,Sfax,Sfax,house,0,1,True,False,False,1992,324762
148,7,1,Gafsa,Gafsa,house,0,1,False,True,False,2004,396190
479,3,4,Monastir,Monastir,villa,0,7,True,True,False,1992,1442774
91,3,2,Gabès,Gabès,villa,0,6,False,True,False,1994,344071
199,5,4,Carthage,Tunis,apartment,2,3,False,False,False,2010,596204
202,7,4,Gabès,Gabès,house,0,5,True,False,False,2017,218598
282,4,1,Kairouan,Kairouan,house,0,3,True,False,False,2012,563537
233,4,4,Gafsa,Gafsa,villa,0,9,True,True,False,2012,757225
176,5,1,Kairouan,Kairouan,apartment,4,4,False,False,False,2014,119257
428,2,1,Nabeul,Nabeul,villa,0,7,True,False,False,2020,1123104
105,3,1,Gabès,Gabès,villa,0,5,False,False,True,2019,487468
443,7,4,Sfax,Sfax,house,0,7,True,False,False,2012,546644
166,5,1,Nabeul,Nabeul,villa,0,7,False,False,True,2011,552361
228,2,4,Tataouine,Tataouine,villa,0,7,True,False,True,2015,518517
425,5,2,Hammamet,Hammamet,house,0,6,True,True,False,2012,1023827
319,2,2,Bizerte,Bizerte,villa,0,9,True,True,True,2021,1300139
420,3,2,Sfax,Sfax,apartment,7,5,True,False,False,2011,754286
77,2,3,Nabeul,Nabeul,house,0,3,True,True,False,2005,226976
349,1,2,Monastir,Monastir,house,0,3,False,True,False,2009,560555
266,1,3,Tataouine,Tataouine,apartment,2,6,False,False,False,1992,403468
281,5,2,Monastir,Monastir,villa,0,5,False,False,False,2018,843269
244,2,3,Bizerte,Bizerte,villa,0,1,False,True,True,1997,845614
435,4,2,Gafsa,Gafsa,apartment,8,9,True,False,False,2010,827631
468,6,3,Kairouan,Kairouan,apartment,5,7,True,False,False,2020,909286
223,7,4,Sfax,Sfax,villa,0,9,True,False,False,2008,640297
158,7,1,Gafsa,Gafsa,apartment,0,2,False,False,False,2009,310185
400,1,3,Gafsa,Gafsa,villa,0,5,True,False,False,1997,893894
214,5,3,Sousse,Sousse,house,0,3,True,False,False,2015,710177
277,3,4,Gafsa,Gafsa,house,0,3,True,True,False,2001,702398
224,7,2,Sfax,Sfax,apartment,5,7,False,False,False,2008,417536
84,1,3,Nabeul,Nabeul,apartment,2,3,False,False,False,2013,111585
120,3,4,Sfax,Sfax,apartment,2,5,True,False,False,1990,246254
102,6,3,Sousse,Sousse,apartment,1,2,True,False,False,2014,145741
96,2,1,Sfax,Sfax,villa,0,2,True,False,True,2007,283612
462,7,2,Sousse,Sousse,villa,0,7,False,True,False,2000,1736580
136,3,3,Nabeul,Nabeul,villa,0,1,True,True,True,2013,797473
124,6,2,Sousse,Sousse,apartment,6,1,True,False,False,2001,165458
74,7,3,Monastir,Monastir,house,0,8,True,False,False,2021,156040
404,5,3,Gafsa,Gafsa,house,0,4,True,True,False,2016,906026
492,7,2,Monastir,Monastir,villa,0,7,True,False,True,2022,2085014
112,7,4,Monastir,Monastir,apartment,2,5,True,False,False,2014,173483
436,2,3,Nabeul,Nabeul,house,0,1,True,False,False,2014,1184090
479,1,3,Hammamet,Hammamet,apartment,0,4,True,False,False,2015,1312699
78,6,3,Hammamet,Hammamet,house,0,7,True,False,False,2020,206722
218,4,1,Monastir,Monastir,house,0,8,True,True,False,2020,258457
64,6,3,Kairouan,Kairouan,villa,0,8,False,True,False,2019,148617
290,6,1,Sousse,Sousse,apartment,9,8,True,False,False,2010,705587
247,1,2,Kairouan,Kairouan,apartment,2,6,False,False,False,2002,266562
222,1,4,Nabeul,Nabeul,apartment,1,2,False,False,False,2020,458474
243,3,1,Nabeul,Nabeul,villa,0,2,True,False,True,2010,614723
400,2,2,Bizerte,Bizerte,apartment,6,5,False,False,False,2005,524160
248,2,1,Sfax,Sfax,villa,0,8,False,True,True,2018,855391
440,6,1,Sfax,Sfax,villa,0,6,True,True,False,2006,830602
274,7,3,Bizerte,Bizerte,house,0,6,False,True,False,2021,452003
423,3,4,Sfax,Sfax,villa,0,7,False,False,False,1998,1464324
77,7,1,Gafsa,Gafsa,house,0,8,False,True,False,2007,158294
103,4,1,Gafsa,Gafsa,villa,0,7,True,True,True,2011,306438
138,6,2,Hammamet,Hammamet,villa,0,9,True,True,True,2017,460098
316,7,2,Lac 1,Tunis,villa,0,6,False,True,False,2014,1466593
469,2,4,Hammamet,Hammamet,villa,0,8,False,True,False,2018,1516622
139,2,3,Tataouine,Tataouine,house,0,1,True,True,False,1999,349294
64,1,3,Sfax,Sfax,house,0,8,False,True,False,1995,165248
393,3,2,Bizerte,Bizerte,house,0,4,False,True,False,2010,451390
357,3,4,Soukra,Tunis,apartment,8,1,False,False,False,1991,462136
301,4,1,Ariana,Tunis,villa,0,6,True,False,True,2021,2535940
381,5,1,Hammamet,Hammamet,apartment,6,6,False,False,False,2003,1105509
438,3,1,Gafsa,Gafsa,villa,0,2,False,True,False,1998,1527036
120,5,2,Sfax,Sfax,apartment,1,4,True,False,False,1999,130132
179,4,1,Soukra,Tunis,villa,0,8,True,True,True,1996,1664698
377,5,1,Sousse,Sousse,house,0,1,True,True,False,2001,1028427
481,6,4,Bizerte,Bizerte,villa,0,2,True,True,True,2012,864239
308,4,4,Nabeul,Nabeul,villa,0,9,False,False,False,2001,1143616
82,3,4,Gafsa,Gafsa,apartment,5,1,True,False,False,2019,86444
131,5,2,Kairouan,Kairouan,house,0,8,True,False,False,2017,146342
266,4,1,Soukra,Tunis,apartment,7,4,True,False,False,1998,780503
228,1,3,Gabès,Gabès,villa,0,5,True,True,True,1993,872068
203,3,4,Tataouine,Tataouine,house,0,9,False,False,False,2021,480086
53,6,1,Gafsa,Gafsa,villa,0,2,True,True,True,1991,133960
134,6,3,Bizerte,Bizerte,villa,0,3,True,True,True,2022,340721
448,3,2,Gabès,Gabès,villa,0,4,False,True,True,2003,2096891
350,4,2,Sfax,Sfax,apartment,4,3,False,False,False,2018,574000
389,5,2,Monastir,Monastir,house,0,1,False,False,False,2022,745199
313,7,3,Kairouan,Kairouan,apartment,7,9,True,False,False,2009,623909
184,5,1,Gafsa,Gafsa,house,0,7,True,False,False,1999,432196
411,6,3,Hammamet,Hammamet,house,0,4,False,False,False,2006,683476
193,5,2,Soukra,Tunis,villa,0,4,True,False,True,1998,1594737
244,7,2,Bizerte,Bizerte,villa,0,7,False,True,False,1991,714244
281,4,2,Sousse,Sousse,apartment,5,9,True,False,False,2000,640848
485,7,1,Tataouine,Tataouine,house,0,1,True,False,False,1990,895587
126,6,3,Nabeul,Nabeul,apartment,9,7,True,False,False,1992,220517
369,4,3,Kairouan,Kairouan,house,0,1,True,True,False,2014,484021
291,4,3,Bizerte,Bizerte,house,0,9,False,True,False,1996,483709
143,5,3,Kairouan,Kairouan,apartment,6,1,False,False,False,2015,187272
364,2,4,Sousse,Sousse,apartment,5,3,False,False,False,1999,1023859
136,6,1,Sousse,Sousse,house,0,4,False,True,False,2011,481221
122,3,4,Sousse,Sousse,villa,0,6,False,True,True,1993,495913
388,6,2,Gafsa,Gafsa,apartment,8,3,False,False,False,1995,507814
107,3,4,Gabès,Gabès,villa,0,5,True,False,False,1997,143987
86,3,2,Sfax,Sfax,house,0,6,False,False,False,2007,176822
219,6,2,Sousse,Sousse,villa,0,7,True,True,False,1992,787852
317,7,3,Hammamet,Hammamet,apartment,9,4,True,False,False,2018,571969
247,6,4,Gafsa,Gafsa,villa,0,2,True,True,True,2000,774377
496,5,1,Kairouan,Kairouan,apartment,8,3,False,False,False,2021,641625
171,7,4,Monastir,Monastir,apartment,8,3,False,False,False,1995,269769
166,2,4,Gabès,Gabès,house,0,1,True,True,False,2006,408768
460,2,2,Gafsa,Gafsa,villa,0,2,True,True,False,1990,1402376
144,1,2,Gabès,Gabès,villa,0,5,False,False,False,1994,227266
223,5,1,Lac 2,Tunis,apartment,7,1,True,False,False,2009,917399
244,1,4,Kairouan,Kairouan,villa,0,9,False,False,True,2014,931806
163,6,2,Nabeul,Nabeul,apartment,3,2,True,False,False,2000,213389
353,3,1,Bizerte,Bizerte,villa,0,7,True,True,True,2013,1690582
280,7,1,Monastir,Monastir,house,0,1,True,True,False,2020,657536
406,2,1,Gafsa,Gafsa,house,0,6,True,True,False,1998,971960
337,7,2,Sfax,Sfax,villa,0,7,False,True,True,1994,1166530
76,1,2,Sfax,Sfax,house,0,6,False,False,False,2017,135869
100,5,3,Sousse,Sousse,villa,0,2,True,True,False,2017,291143
473,4,3,Hammamet,Hammamet,apartment,9,6,True,False,False,2005,490491
276,4,1,Sousse,Sousse,villa,0,5,True,False,True,2014,675419
192,7,2,Hammamet,Hammamet,villa,0,3,True,False,True,2011,672518
481,5,4,Sousse,Sousse,house,0,3,False,True,False,2004,1497268
293,3,2,La Marsa,Tunis,house,0,6,True,True,False,2014,1065533
495,6,4,Centre Ville,Tunis,villa,0,2,False,True,False,1998,2584523
367,4,4,Sousse,Sousse,villa,0,2,True,True,False,1994,2120510
183,2,2,Tataouine,Tataouine,villa,0,3,True,False,False,2001,482004
175,1,3,Sfax,Sfax,villa,0,3,True,False,True,2009,797689
232,3,4,Bizerte,Bizerte,villa,0,6,True,True,True,2007,1200379
345,1,1,Gafsa,Gafsa,villa,0,8,True,False,True,2015,848343
155,4,2,Monastir,Monastir,house,0,5,False,True,False,2016,209769
50,2,3,Kairouan,Kairouan,apartment,6,1,False,False,False,2020,72760
254,5,2,Bizerte,Bizerte,villa,0,7,False,False,False,2022,306506
222,3,1,Nabeul,Nabeul,villa,0,2,False,False,True,2006,511791
54,3,2,Sousse,Sousse,house,0,8,False,True,False,2000,181806
194,3,3,Hammamet,Hammamet,house,0,9,False,True,False,2017,748035
140,6,4,Gabès,Gabès,villa,0,9,False,True,False,1991,479001
50,5,4,Tataouine,Tataouine,villa,0,3,True,True,False,2003,186112
491,2,4,Monastir,Monastir,house,0,8,True,False,False,1994,1260540
103,5,4,Monastir,Monastir,apartment,4,5,False,False,False,2019,131016
87,5,1,Gafsa,Gafsa,house,0,2,False,False,False,2022,211632
451,6,4,Bizerte,Bizerte,house,0,9,False,False,False,2016,854590
303,2,4,La Marsa,Tunis,villa,0,4,True,True,False,2002,2573922
211,1,3,Soukra,Tunis,house,0,3,True,False,False,2019,845036
221,2,2,Monastir,Monastir,villa,0,9,True,False,False,1993,494879
370,2,1,Carthage,Tunis,house,0,7,True,True,False,2015,1903331
449,7,2,Bizerte,Bizerte,apartment,3,2,True,False,False,1994,408841
175,4,3,Gafsa,Gafsa,apartment,2,6,True,False,False,1997,302673
390,2,4,Lac 2,Tunis,apartment,3,5,True,False,False,2010,2039310
471,5,1,Monastir,Monastir,villa,0,8,True,False,False,2011,1675693
437,4,1,Kairouan,Kairouan,villa,0,6,False,True,True,2016,910668
97,6,2,Nabeul,Nabeul,villa,0,6,True,True,False,1993,321854
490,3,3,Bizerte,Bizerte,villa,0,8,True,True,True,2017,2207911
97,1,3,Nabeul,Nabeul,apartment,9,8,False,False,False,2018,284481
184,4,3,Sousse,Sousse,villa,0,9,True,True,True,1992,1010308
446,6,3,Gabès,Gabès,apartment,5,5,True,False,False,2008,572449
280,4,2,Monastir,Monastir,apartment,4,1,False,False,False,2006,453376
186,5,4,Gafsa,Gafsa,villa,0,4,True,False,False,2006,462345
334,4,3,Gabès,Gabès,villa,0,2,False,True,False,2007,756021
186,3,3,Sfax,Sfax,villa,0,9,True,False,False,2016,576806
387,7,1,Bizerte,Bizerte,apartment,5,5,True,False,False,1995,272417
458,2,2,Hammamet,Hammamet,villa,0,6,True,False,False,2020,1614208
206,1,1,Centre Ville,Tunis,house,0,6,False,False,False,2012,576037
96,4,2,Carthage,Tunis,house,0,8,True,False,False,1997,631612
410,2,3,Sfax,Sfax,apartment,2,9,True,False,False,2022,588579
265,6,3,Gabès,Gabès,apartment,2,9,True,False,False,1995,355714
424,3,2,Sfax,Sfax,villa,0,1,False,False,False,1992,562936
360,7,4,Hammamet,Hammamet,apartment,9,8,True,False,False,1991,692193
345,6,1,Tataouine,Tataouine,villa,0,7,False,False,False,2017,1085011
483,3,1,Monastir,Monastir,villa,0,1,False,False,False,2016,853403
482,7,4,Gafsa,Gafsa,apartment,2,1,True,False,False,2023,755506
232,1,1,Monastir,Monastir,villa,0,4,False,False,True,2022,893797
495,6,3,Sousse,Sousse,house,0,8,True,False,False,1990,1904592
262,2,1,Gabès,Gabès,apartment,1,6,True,False,False,2015,480654
319,6,4,Nabeul,Nabeul,villa,0,3,False,True,True,2007,2194323
365,1,1,Sousse,Sousse,villa,0,3,True,True,False,2022,1704646
53,3,4,Monastir,Monastir,villa,0,6,True,True,False,2011,181323
280,7,2,Ariana,Tunis,villa,0,9,True,True,True,2004,1494971
73,2,4,Gafsa,Gafsa,villa,0,9,False,False,True,2004,168906
390,2,1,Kairouan,Kairouan,apartment,8,4,False,False,False,1999,404976
223,7,4,Bizerte,Bizerte,house,0,6,True,True,False,1995,268939
390,3,2,Sousse,Sousse,apartment,8,2,False,False,False,2004,667368
386,4,2,Sousse,Sousse,apartment,5,1,False,False,False,2015,1091762
250,4,2,Monastir,Monastir,house,0,7,False,True,False,2003,583154
273,1,4,Lac 2,Tunis,villa,0,6,True,True,False,1998,1564214
408,6,4,Nabeul,Nabeul,apartment,2,9,True,False,False,2012,1113497
360,2,3,Hammamet,Hammamet,apartment,3,8,True,False,False,2017,457682
62,4,2,Bizerte,Bizerte,apartment,7,3,False,False,False,2001,91512
109,2,4,Sousse,Sousse,villa,0,8,True,True,True,2017,535925
402,3,2,Sfax,Sfax,house,0,2,True,True,False,2012,1154088
465,4,4,Kairouan,Kairouan,villa,0,8,True,False,False,1992,1527792
138,5,2,Ariana,Tunis,villa,0,2,True,True,False,2014,809924
201,6,4,Hammamet,Hammamet,house,0,1,False,True,False,1996,725013
95,2,2,Hammamet,Hammamet,villa,0,8,True,False,False,1996,251441
384,1,3,Hammamet,Hammamet,villa,0,2,False,True,False,1996,839393
257,5,1,Gabès,Gabès,house,0,8,True,True,False,2022,310251
92,2,2,Sousse,Sousse,house,0,5,True,True,False,2004,237707
376,1,2,Bizerte,Bizerte,apartment,3,8,True,False,False,2013,358162
60,3,4,Hammamet,Hammamet,apartment,2,1,False,False,False,1995,118944
313,7,2,Nabeul,Nabeul,house,0,4,True,False,False,2021,734690
123,4,3,Monastir,Monastir,house,0,2,True,True,False,2013,284266
295,5,3,Tataouine,Tataouine,villa,0,5,False,False,True,2000,1352988
139,3,4,Lac 2,Tunis,apartment,5,2,False,False,False,2019,231018
200,5,4,Tataouine,Tataouine,house,0,5,False,True,False,2010,467667
270,2,3,Tataouine,Tataouine,apartment,9,9,False,False,False,2008,202824
72,5,2,Sfax,Sfax,house,0,5,False,False,False,1999,162115
216,7,3,Nabeul,Nabeul,villa,0,8,False,True,False,2017,1075187
479,7,4,Gabès,Gabès,house,0,9,True,True,False,2005,1309553
276,5,1,Kairouan,Kairouan,villa,0,8,True,True,False,2006,1088850
151,7,1,Monastir,Monastir,apartment,9,2,True,False,False,2019,283867
135,6,1,Hammamet,Hammamet,villa,0,4,False,True,True,1998,944894
139,3,3,Centre Ville,Tunis,house,0,2,True,True,False,2019,765125
108,6,3,Ariana,Tunis,house,0,3,True,False,False,2018,534471
321,1,1,Tataouine,Tataouine,apartment,5,9,False,False,False,2021,341544
52,2,4,Sousse,Sousse,house,0,3,True,False,False,2018,118053
119,3,1,Gabès,Gabès,house,0,5,False,False,False,2015,277469
196,1,2,Sfax,Sfax,apartment,2,1,False,False,False,2002,237865
207,5,2,Gabès,Gabès,apartment,8,1,True,False,False,2004,339239
259,6,2,Kairouan,Kairouan,villa,0,1,True,False,True,2000,412363
298,2,3,Kairouan,Kairouan,villa,0,9,False,True,False,2006,587207
391,5,2,Hammamet,Hammamet,house,0,2,True,True,False,2015,918672
314,5,3,Monastir,Monastir,apartment,6,6,True,False,False,1991,590031
245,2,3,Sfax,Sfax,villa,0,6,True,False,True,2014,421857
470,4,4,Bizerte,Bizerte,villa,0,6,True,True,False,2015,1525104
423,6,4,Tataouine,Tataouine,villa,0,8,False,False,False,2011,939872
472,1,1,Carthage,Tunis,house,0,5,True,False,False,2003,2772981
344,2,3,Hammamet,Hammamet,house,0,2,True,False,False,2005,1212028
417,3,3,Monastir,Monastir,house,0,9,False,False,False,2004,496563
301,2,1,Tataouine,Tataouine,villa,0,3,False,True,True,1990,979314
167,5,4,Hammamet,Hammamet,house,0,9,False,True,False,1991,634756
492,1,1,Sfax,Sfax,house,0,2,False,True,False,1992,835829
289,6,2,Hammamet,Hammamet,apartment,7,1,False,False,False,2021,404368
322,2,4,Bizerte,Bizerte,villa,0,3,True,False,True,1995,779761
232,5,3,Bizerte,Bizerte,house,0,6,True,False,False,2020,449938
198,1,4,Kairouan,Kairouan,house,0,1,True,False,False,1997,307459
342,3,4,Gabès,Gabès,house,0,5,False,True,False,2004,357209
287,2,2,Tataouine,Tataouine,villa,0,4,False,False,True,2004,991789
410,7,2,Sfax,Sfax,house,0,2,False,False,False,1995,941064
131,1,2,Nabeul,Nabeul,house,0,6,True,True,False,2013,529900
205,7,3,Sousse,Sousse,house,0,5,True,True,False,1993,578801
258,5,2,Gabès,Gabès,house,0,5,True,True,False,1996,485318
349,7,2,Gabès,Gabès,house,0,4,False,True,False,1994,991352
267,4,4,Sousse,Sousse,apartment,6,6,False,False,False,2018,771843
228,2,3,Hammamet,Hammamet,villa,0,4,True,False,False,1994,1025934
476,3,4,Bizerte,Bizerte,apartment,8,7,False,False,False,1992,450867
277,1,4,Sfax,Sfax,villa,0,7,False,True,False,1994,945983
60,6,2,Sfax,Sfax,villa,0,1,True,False,True,2012,177257
61,5,3,Gabès,Gabès,house,0,5,False,True,False,2010,128542
393,6,4,Hammamet,Hammamet,house,0,2,True,False,False,2023,1211507
200,3,4,Sousse,Sousse,apartment,3,8,False,False,False,2007,372000
342,6,1,Sousse,Sousse,villa,0,1,True,True,False,2003,771312
310,7,3,Monastir,Monastir,house,0,4,False,True,False,1990,396487
244,5,4,Sousse,Sousse,apartment,4,5,False,False,False,1999,522062
414,5,3,Lac 2,Tunis,house,0,7,False,True,False,1995,1488338
428,2,2,Nabeul,Nabeul,villa,0,6,False,True,False,1999,1944366
383,7,3,Tataouine,Tataouine,apartment,6,1,False,False,False,2005,568678
282,1,4,Sousse,Sousse,apartment,9,3,False,False,False,2004,427399
92,3,4,Bizerte,Bizerte,villa,0,9,False,True,True,2021,237376
224,4,4,Nabeul,Nabeul,villa,0,9,False,True,True,1996,1080734
386,6,2,Sousse,Sousse,villa,0,1,False,False,True,1993,1726633
383,5,1,Bizerte,Bizerte,villa,0,5,False,False,False,2016,492507
306,5,4,Monastir,Monastir,house,0,6,True,True,False,1997,822247
418,7,2,Sfax,Sfax,apartment,9,1,False,False,False,1998,541393
426,1,1,Kairouan,Kairouan,villa,0,8,False,False,True,2021,1279145
247,5,4,Monastir,Monastir,house,0,4,False,False,False,2015,635007
340,2,3,Kairouan,Kairouan,house,0,8,True,True,False,2020,673873
499,2,1,Gabès,Gabès,apartment,3,5,False,False,False,2023,334529
260,6,3,Tataouine,Tataouine,apartment,5,6,True,False,False,2013,239148
390,6,4,Bizerte,Bizerte,villa,0,5,False,False,False,1998,1318075
203,6,3,Monastir,Monastir,house,0,3,False,False,False,2022,415061
480,5,2,Tataouine,Tataouine,apartment,7,9,False,False,False,2022,684288
123,1,4,Bizerte,Bizerte,villa,0,7,True,False,True,2006,286012
349,2,1,Bizerte,Bizerte,house,0,4,False,True,False,2001,320203
99,5,4,Sousse,Sousse,villa,0,8,True,False,True,2013,593707
65,3,3,Lac 1,Tunis,house,0,6,False,False,False,1999,156156
471,2,4,Sfax,Sfax,villa,0,1,True,True,True,1991,2292367
389,2,1,Lac 1,Tunis,villa,0,7,False,False,True,2014,2548728
393,6,2,Tataouine,Tataouine,house,0,7,True,False,False,2020,515416
220,1,1,Kairouan,Kairouan,villa,0,5,False,True,False,2008,665596
118,4,2,Sousse,Sousse,apartment,7,6,True,False,False,1993,328136
363,4,2,Lac 2,Tunis,house,0,8,False,False,False,2011,2078247
105,7,1,Sousse,Sousse,house,0,4,True,True,False,2014,327107
432,5,4,Gafsa,Gafsa,apartment,8,9,False,False,False,2011,771379
255,6,2,Tataouine,Tataouine,house,0,8,False,True,False,2019,446039
471,6,3,Bizerte,Bizerte,villa,0,7,True,True,True,2023,1556080
277,5,1,Centre Ville,Tunis,house,0,9,True,False,False,2004,507038
477,3,3,Tataouine,Tataouine,house,0,3,True,True,False,1996,1115577
337,4,3,Nabeul,Nabeul,house,0,4,False,False,False,2020,1209156
82,6,4,Bizerte,Bizerte,house,0,5,False,False,False,2020,212688
332,1,4,Kairouan,Kairouan,house,0,4,False,False,False,2020,445411
298,5,2,Monastir,Monastir,house,0,7,True,False,False,1993,456558
475,1,2,Bizerte,Bizerte,apartment,0,5,True,False,False,2015,621642
223,6,4,Gabès,Gabès,villa,0,7,True,False,True,2011,459368
164,4,4,Kairouan,Kairouan,apartment,4,5,False,False,False,2006,213987
311,6,2,Nabeul,Nabeul,house,0,1,True,False,False,1994,1196113
161,5,1,Kairouan,Kairouan,apartment,9,3,False,False,False,2006,195647
207,6,4,Carthage,Tunis,house,0,8,True,True,False,2004,619134
169,3,2,Tataouine,Tataouine,apartment,2,1,False,False,False,2020,292302
93,4,3,Soukra,Tunis,villa,0,7,False,True,True,2014,365895
342,4,4,Gafsa,Gafsa,house,0,1,True,False,False,1991,373837
403,1,2,Tataouine,Tataouine,apartment,6,2,True,False,False,1990,844607
342,4,1,Lac 2,Tunis,villa,0,9,False,True,False,2007,2769584
446,6,3,Sousse,Sousse,apartment,4,8,False,False,False,1999,873981
109,5,1,Sfax,Sfax,villa,0,8,True,False,True,1990,478421
91,6,3,Centre Ville,Tunis,villa,0,4,False,True,False,2010,288378
204,3,4,Kairouan,Kairouan,apartment,1,3,False,False,False,2020,231417
198,7,2,Nabeul,Nabeul,villa,0,7,False,False,True,1998,990763
367,4,1,Hammamet,Hammamet,apartment,5,8,False,False,False,2011,579126
353,7,4,Monastir,Monastir,apartment,7,8,False,False,False,1998,663075
88,4,1,Lac 1,Tunis,apartment,2,2,True,False,False,2019,265927
360,5,1,Tataouine,Tataouine,apartment,7,5,True,False,False,2018,503496
484,6,1,Monastir,Monastir,villa,0,8,False,True,True,2003,841174
87,5,2,Sousse,Sousse,house,0,3,False,False,False,2009,255696
318,7,3,Lac 2,Tunis,villa,0,3,False,False,False,2005,1175709
352,7,2,Sousse,Sousse,villa,0,6,True,False,False,1996,1394692
377,1,3,Ariana,Tunis,house,0,1,True,False,False,2000,1800860
468,3,1,La Marsa,Tunis,house,0,3,False,False,False,1997,2440900
126,2,3,Sousse,Sousse,apartment,3,3,False,False,False,2002,259308
329,1,3,Nabeul,Nabeul,house,0,9,True,False,False,2019,1237318
193,7,3,Gabès,Gabès,apartment,7,3,True,False,False,2013,137477
334,7,2,Gafsa,Gafsa,apartment,1,7,True,False,False,2002,363325
171,5,2,Bizerte,Bizerte,apartment,1,1,False,False,False,2014,196718
408,6,1,Sfax,Sfax,apartment,3,3,True,False,False,2016,838293
472,2,1,Hammamet,Hammamet,villa,0,5,True,True,False,2014,1351822
174,7,1,Tataouine,Tataouine,house,0,3,False,False,False,2017,151463
432,2,4,Soukra,Tunis,villa,0,5,False,False,False,1993,1337860
229,7,3,Centre Ville,Tunis,apartment,0,6,True,False,False,2007,355986
384,3,2,Hammamet,Hammamet,villa,0,4,True,True,False,2019,863160
316,4,1,Kairouan,Kairouan,villa,0,3,False,False,False,1991,641606
480,5,1,Gafsa,Gafsa,apartment,9,5,True,False,False,2019,713664
392,4,2,Bizerte,Bizerte,villa,0,9,False,True,True,2004,1817828
107,3,1,Sousse,Sousse,villa,0,8,False,True,False,2022,228046
378,5,1,Hammamet,Hammamet,apartment,8,1,True,False,False,1994,599160
333,6,1,Hammamet,Hammamet,house,0,2,False,True,False,2012,686285
342,3,1,Nabeul,Nabeul,apartment,4,3,True,False,False,2016,402479
139,6,3,Centre Ville,Tunis,villa,0,8,True,False,True,2020,1050183
140,4,2,Bizerte,Bizerte,apartment,3,2,False,False,False,2012,198352
229,4,3,Nabeul,Nabeul,villa,0,8,True,False,False,2011,595200
474,4,1,Tataouine,Tataouine,house,0,1,False,True,False,2021,1057399
274,7,3,Monastir,Monastir,apartment,5,7,False,False,False,1998,338664
337,4,4,Kairouan,Kairouan,villa,0,9,True,False,True,1992,991623
442,5,1,Kairouan,Kairouan,house,0,5,False,True,False,2015,511715
434,1,3,Monastir,Monastir,house,0,9,True,False,False,2012,881980
282,4,4,Carthage,Tunis,villa,0,3,True,True,True,1994,3504418
287,2,3,Gafsa,Gafsa,villa,0,7,False,True,True,2012,1104561
259,5,4,Ariana,Tunis,villa,0,9,True,False,False,1999,1762970
87,3,3,Bizerte,Bizerte,apartment,8,4,True,False,False,1999,96977
128,5,2,Gafsa,Gafsa,apartment,5,4,False,False,False,2013,152473
440,7,4,Gabès,Gabès,apartment,4,3,False,False,False,1990,496672
164,2,2,Nabeul,Nabeul,apartment,6,7,False,False,False,1997,349713
127,3,4,Gafsa,Gafsa,house,0,6,False,False,False,2002,146476
155,4,1,Hammamet,Hammamet,villa,0,2,True,True,True,2002,478572
73,4,1,Kairouan,Kairouan,house,0,4,True,False,False,1995,177368
397,5,2,Gabès,Gabès,villa,0,5,True,False,True,1996,780343
404,4,4,Sfax,Sfax,apartment,8,8,False,False,False,2013,426624
189,4,1,Gafsa,Gafsa,apartment,8,7,False,False,False,2011,352296
194,1,1,Kairouan,Kairouan,villa,0,8,True,True,False,2004,743087
82,5,3,Kairouan,Kairouan,villa,0,2,False,True,True,1993,413186
131,5,4,Gafsa,Gafsa,villa,0,8,False,True,False,1995,258549
167,4,2,Gafsa,Gafsa,apartment,2,6,True,False,False,2010,202704
428,6,1,Monastir,Monastir,villa,0,1,False,True,True,2011,1709794
201,1,2,Tataouine,Tataouine,apartment,5,4,True,False,False,2008,299691
299,4,1,Gabès,Gabès,villa,0,7,True,True,True,2010,930293
149,1,3,Gabès,Gabès,villa,0,8,True,False,False,2009,196676
145,4,2,Sfax,Sfax,apartment,7,4,False,False,False,2022,129224
224,1,1,Gabès,Gabès,house,0,3,True,True,False,2018,643343
438,3,1,Bizerte,Bizerte,house,0,5,False,False,False,1995,444132
155,3,2,Gafsa,Gafsa,house,0,3,True,True,False,2012,395831
124,3,1,Monastir,Monastir,house,0,6,True,True,False,2016,358668
468,7,1,Gafsa,Gafsa,villa,0,2,True,True,False,2010,665512
225,4,1,Sousse,Sousse,apartment,9,8,False,False,False,2018,641250
196,4,1,Sousse,Sousse,apartment,3,7,False,False,False,2002,548016
98,3,3,Sousse,Sousse,house,0,6,False,False,False,2000,307900
248,3,3,Kairouan,Kairouan,house,0,1,False,True,False,2010,240020
308,6,4,Nabeul,Nabeul,house,0,6,True,True,False,1992,1245317
274,6,3,Sousse,Sousse,house,0,9,True,False,False,2001,526905
240,3,1,Bizerte,Bizerte,villa,0,8,True,False,True,1998,786868
320,7,4,Nabeul,Nabeul,villa,0,1,False,True,False,2005,771724
476,7,3,Gabès,Gabès,apartment,1,2,False,False,False,1992,450867
208,7,4,Gabès,Gabès,apartment,0,2,True,False,False,1993,369358
409,4,3,Gabès,Gabès,house,0,5,True,False,False,1994,926306
199,4,1,Lac 1,Tunis,villa,0,4,True,True,True,2018,2276127
212,4,3,Sfax,Sfax,house,0,3,True,False,False,2009,333597
421,2,3,Tataouine,Tataouine,villa,0,2,True,True,False,2019,1529952
361,2,4,Gafsa,Gafsa,villa,0,5,True,True,True,2018,1103683
428,4,2,Kairouan,Kairouan,apartment,5,4,False,False,False,2005,845385
386,6,2,Monastir,Monastir,villa,0,2,False,False,True,2021,1245026
91,2,1,Gabès,Gabès,villa,0,6,True,True,True,2017,172752
284,5,3,Monastir,Monastir,villa,0,2,True,True,True,2023,1492763
179,2,1,Kairouan,Kairouan,villa,0,9,False,True,True,2008,812387
69,1,1,Sousse,Sousse,house,0,4,True,True,False,2019,300491
401,5,4,Ariana,Tunis,villa,0,3,True,True,False,1992,2247181
397,5,2,Tataouine,Tataouine,villa,0,6,True,True,False,1995,976569
426,1,2,Hammamet,Hammamet,house,0,8,True,True,False,1994,1069988
284,2,3,Hammamet,Hammamet,house,0,6,False,False,False,2013,556901
179,4,1,Tataouine,Tataouine,apartment,4,5,True,False,False,2006,169155
156,3,1,Bizerte,Bizerte,house,0,7,True,True,False,1996,371588
53,5,2,Hammamet,Hammamet,villa,0,8,True,True,True,2007,374036
447,6,3,Gabès,Gabès,house,0,4,False,True,False,2018,851939
385,7,4,Gabès,Gabès,villa,0,4,False,True,True,2020,1480142
476,3,3,Tataouine,Tataouine,villa,0,6,True,True,True,2018,1047713
499,6,3,Nabeul,Nabeul,villa,0,9,False,False,False,2000,2051129
158,5,2,Hammamet,Hammamet,apartment,5,2,False,False,False,2014,461107
235,6,3,Nabeul,Nabeul,house,0,1,False,True,False,1990,502461
402,1,3,Monastir,Monastir,apartment,1,5,True,False,False,2023,391708
68,2,4,Centre Ville,Tunis,apartment,3,9,True,False,False,2020,146834
422,4,1,Sousse,Sousse,apartment,7,4,False,False,False,2023,609199
355,1,3,Gafsa,Gafsa,apartment,7,9,False,False,False,2009,281728
148,7,1,Bizerte,Bizerte,villa,0,8,False,True,False,2014,421743
486,4,3,Nabeul,Nabeul,villa,0,9,True,False,True,2014,2453163
189,3,3,Gabès,Gabès,apartment,3,1,False,False,False,2005,235116
325,1,1,Kairouan,Kairouan,house,0,9,False,False,False,2021,365716
373,1,4,Sfax,Sfax,villa,0,7,True,False,True,2003,1224391
417,2,4,Hammamet,Hammamet,apartment,5,7,False,False,False,1990,1176940
139,3,2,Kairouan,Kairouan,villa,0,7,True,False,False,2007,194405
87,4,1,Gafsa,Gafsa,house,0,6,True,False,False,2022,145641
475,7,4,Bizerte,Bizerte,house,0,7,False,True,False,1998,556441
362,3,3,Tataouine,Tataouine,apartment,2,2,False,False,False,2000,529388
400,4,4,Kairouan,Kairouan,house,0,8,False,False,False,2002,707200
345,3,2,Gabès,Gabès,apartment,0,4,True,False,False,2007,523089
201,3,1,Hammamet,Hammamet,apartment,9,9,False,False,False,2015,204537
416,2,2,Hammamet,Hammamet,villa,0,7,False,True,True,2023,2907821
286,2,4,La Marsa,Tunis,house,0,9,False,True,False,2011,675634
344,6,3,Bizerte,Bizerte,villa,0,3,False,False,False,1998,1102671
307,4,1,Hammamet,Hammamet,villa,0,7,False,False,False,2011,1539764
247,7,3,Tataouine,Tataouine,house,0,6,False,True,False,2022,522185
119,4,2,Sousse,Sousse,apartment,0,2,False,False,False,2010,163077
499,4,2,Bizerte,Bizerte,apartment,6,5,False,False,False,2023,787621
287,4,3,Sfax,Sfax,apartment,1,2,False,False,False,1995,284474
334,1,1,Bizerte,Bizerte,house,0,1,False,False,False,1996,707572
465,6,1,Gabès,Gabès,apartment,8,3,True,False,False,2013,869475
332,7,4,Monastir,Monastir,house,0,7,True,True,False,2010,387233
270,1,3,Sfax,Sfax,villa,0,4,True,False,False,2016,880981
138,7,4,La Marsa,Tunis,apartment,2,2,True,False,False,2000,317620
82,1,4,Hammamet,Hammamet,villa,0,7,True,True,False,2001,373346
412,5,2,Bizerte,Bizerte,villa,0,2,True,False,True,2004,923203
241,7,1,Tataouine,Tataouine,villa,0,2,False,True,True,2003,1137444
301,4,2,Sfax,Sfax,villa,0,6,True,True,False,1994,689358
199,6,4,Hammamet,Hammamet,villa,0,2,True,True,True,2018,1011349
110,4,4,Monastir,Monastir,house,0,7,False,True,False,2005,253567
402,1,2,Monastir,Monastir,apartment,5,7,False,False,False,2001,500409
80,4,2,Nabeul,Nabeul,house,0,8,True,True,False,2016,122666
433,3,3,Bizerte,Bizerte,villa,0,4,False,True,True,2022,2048974
441,5,1,Carthage,Tunis,house,0,8,False,True,False,2010,2813871
56,5,3,Gabès,Gabès,villa,0,4,True,False,False,2016,208208
206,7,4,Kairouan,Kairouan,house,0,6,True,False,False,2001,493319
125,2,3,Gafsa,Gafsa,apartment,9,7,True,False,False,2008,142380
431,4,3,Monastir,Monastir,house,0,6,False,True,False,2022,460028
57,4,3,Nabeul,Nabeul,villa,0,8,False,True,True,1995,235922
164,6,2,Sousse,Sousse,house,0,7,False,True,False,1999,480672
111,6,1,Gabès,Gabès,apartment,3,1,True,False,False,1991,228531
270,3,1,Monastir,Monastir,villa,0,2,True,True,False,1996,546959
385,7,4,Nabeul,Nabeul,villa,0,4,True,False,True,2017,1530160
308,5,3,Gabès,Gabès,apartment,4,9,True,False,False,2016,546157
97,5,2,Kairouan,Kairouan,apartment,1,7,True,False,False,2020,89790
267,3,3,Bizerte,Bizerte,apartment,3,2,True,False,False,1999,351446
366,1,3,Sousse,Sousse,house,0,9,False,True,False,2012,1470279
380,4,3,Sousse,Sousse,villa,0,3,False,False,False,2016,806025
336,3,2,Monastir,Monastir,apartment,2,6,True,False,False,2010,382152
316,5,3,Tataouine,Tataouine,apartment,5,8,False,False,False,2001,443916
351,3,3,Sousse,Sousse,villa,0,5,False,True,False,2014,2079102
399,2,3,Nabeul,Nabeul,villa,0,3,False,True,True,2002,1058658
332,2,3,Sfax,Sfax,house,0,8,False,True,False,2003,682894
221,1,3,Gafsa,Gafsa,house,0,4,False,False,False,2005,342461
379,5,3,Sfax,Sfax,villa,0,1,False,False,True,1994,1204710
322,3,1,Nabeul,Nabeul,apartment,4,8,True,False,False,2022,955876
373,3,4,Gabès,Gabès,house,0,8,False,True,False,2007,806485
152,6,2,Sousse,Sousse,house,0,5,False,False,False,2013,370381
370,3,2,Tataouine,Tataouine,apartment,1,1,True,False,False,2010,772027
244,4,4,Bizerte,Bizerte,villa,0,9,False,False,False,1995,797235
219,6,4,Kairouan,Kairouan,apartment,5,6,False,False,False,2003,224431
284,7,2,Bizerte,Bizerte,apartment,9,8,True,False,False,2002,465192
324,2,1,Monastir,Monastir,house,0,2,True,True,False,1992,970636
381,7,2,Kairouan,Kairouan,apartment,4,6,False,False,False,2003,384962
99,1,2,Sousse,Sousse,villa,0,1,True,False,True,2005,556929
265,2,4,Kairouan,Kairouan,apartment,3,7,True,False,False,2006,382872
420,6,2,Gafsa,Gafsa,apartment,4,4,False,False,False,2014,482160
79,1,1,Hammamet,Hammamet,apartment,6,9,True,False,False,2005,177479
182,6,3,Gabès,Gabès,apartment,9,7,True,False,False,2002,175659
109,7,3,Sousse,Sousse,apartment,0,7,True,False,False,2016,237598
347,5,4,Kairouan,Kairouan,house,0,7,True,False,False,1996,735491
232,6,3,Bizerte,Bizerte,apartment,4,5,False,False,False,1993,391430
102,2,1,Monastir,Monastir,house,0,6,True,False,False,2019,183894
397,5,3,Tataouine,Tataouine,apartment,4,4,True,False,False,2017,540904
148,1,3,Tataouine,Tataouine,house,0,9,False,False,False,2023,319999
280,2,2,Nabeul,Nabeul,apartment,2,3,True,False,False,2017,608227
293,6,3,Hammamet,Hammamet,house,0,9,False,True,False,1991,1105128
199,6,3,Hammamet,Hammamet,house,0,2,False,False,False,2016,402951
71,2,4,Monastir,Monastir,house,0,1,True,True,False,2008,157521
332,4,3,Monastir,Monastir,villa,0,1,True,False,True,1999,1224891
386,4,2,Ariana,Tunis,villa,0,6,True,False,False,2006,2513630
267,3,2,Monastir,Monastir,villa,0,4,False,True,True,2016,1317336
454,4,2,Gabès,Gabès,house,0,7,False,False,False,2023,687937
318,5,1,Gabès,Gabès,villa,0,5,True,True,False,2018,885903
234,6,1,Tataouine,Tataouine,apartment,7,9,True,False,False,1999,416314
65,4,4,Sfax,Sfax,apartment,9,3,True,False,False,2018,115970
358,5,2,Hammamet,Hammamet,apartment,9,3,True,False,False,2015,1070863
242,3,1,Sfax,Sfax,house,0,4,False,False,False,2008,377268
439,4,1,Kairouan,Kairouan,villa,0,6,False,True,True,1998,1674187
220,2,2,Nabeul,Nabeul,apartment,1,6,True,False,False,1993,505890
182,6,3,Hammamet,Hammamet,villa,0,3,True,True,False,2004,511718
325,4,4,Hammamet,Hammamet,house,0,5,True,False,False,2004,425880
400,1,3,Bizerte,Bizerte,house,0,4,True,False,False,2015,787550
237,2,1,Monastir,Monastir,villa,0,9,True,True,False,2003,590085
114,5,4,Hammamet,Hammamet,apartment,4,5,True,False,False,2003,213305
246,3,4,Kairouan,Kairouan,apartment,2,5,False,False,False,2004,297168
374,6,3,Lac 2,Tunis,house,0,8,True,True,False,2013,1511722
118,4,4,Sousse,Sousse,apartment,4,8,False,False,False,2010,119935
280,3,1,Nabeul,Nabeul,apartment,5,9,True,False,False,2016,610696
101,6,2,Sousse,Sousse,apartment,2,1,True,False,False,1992,178036
185,6,3,Tataouine,Tataouine,villa,0,2,False,True,False,1992,727032
385,5,1,Bizerte,Bizerte,house,0,5,True,False,False,2015,949728
61,6,4,Nabeul,Nabeul,villa,0,5,False,True,True,2002,293741
177,4,1,Gabès,Gabès,apartment,1,3,True,False,False,2008,192986
97,7,3,Tataouine,Tataouine,apartment,6,3,True,False,False,2005,165567
391,3,4,Nabeul,Nabeul,villa,0,3,False,True,True,2014,2274138
225,7,4,Gafsa,Gafsa,house,0,5,False,True,False,2008,545945
382,7,4,Tataouine,Tataouine,apartment,0,4,True,False,False,2004,652028
460,3,3,Bizerte,Bizerte,villa,0,7,False,True,False,2004,1459465
464,5,2,Kairouan,Kairouan,house,0,7,False,False,False,2002,1091068
62,4,4,Gafsa,Gafsa,house,0,2,True,False,False,1999,79823
229,5,4,Bizerte,Bizerte,house,0,3,False,True,False,2016,318824
405,6,4,Sfax,Sfax,house,0,5,False,False,False,2005,963705
318,1,2,Bizerte,Bizerte,house,0,5,False,True,False,2016,682110
114,4,2,Nabeul,Nabeul,house,0,7,True,False,False,2004,287380
271,7,2,Tataouine,Tataouine,house,0,1,True,True,False,2000,527025
222,5,2,Kairouan,Kairouan,apartment,8,1,True,False,False,2006,297249
342,6,4,Lac 1,Tunis,house,0,3,False,True,False,2021,1603138
221,3,3,Hammamet,Hammamet,apartment,3,2,False,False,False,2014,474708
347,7,4,Tataouine,Tataouine,apartment,7,6,False,False,False,2002,307303
210,7,1,Sfax,Sfax,villa,0,8,True,False,False,2012,254651
421,2,3,Bizerte,Bizerte,villa,0,2,False,True,True,2019,2032934
370,6,4,Sousse,Sousse,apartment,7,1,True,False,False,2014,949649
385,6,2,Nabeul,Nabeul,villa,0,8,False,True,False,1994,779375
278,7,3,Kairouan,Kairouan,house,0,7,True,False,False,2001,439881
169,1,4,Bizerte,Bizerte,villa,0,2,False,True,True,2016,580124
204,2,2,Sousse,Sousse,villa,0,9,False,True,False,2000,538990
335,3,1,Gafsa,Gafsa,villa,0,3,False,True,False,2014,633053
384,4,4,Gafsa,Gafsa,house,0,1,True,True,False,1996,1142543
300,6,4,Kairouan,Kairouan,apartment,1,1,False,False,False,1993,387840
67,3,4,Sfax,Sfax,apartment,5,8,True,False,False,2014,125335
210,6,1,Nabeul,Nabeul,apartment,4,9,False,False,False,1999,218736
57,3,1,Sousse,Sousse,house,0,5,False,True,False,1990,112483
56,6,3,Gafsa,Gafsa,house,0,7,False,True,False,2013,80784
392,3,1,Gabès,Gabès,apartment,7,8,True,False,False,1992,389208
235,7,4,Tataouine,Tataouine,house,0,4,False,True,False,1993,365622
215,2,3,Soukra,Tunis,apartment,8,1,False,False,False,2000,638550
395,3,2,Tataouine,Tataouine,apartment,0,3,True,False,False,2015,727637
78,3,1,Bizerte,Bizerte,house,0,5,False,False,False,2023,94018
263,3,4,Bizerte,Bizerte,villa,0,8,False,True,False,2020,829018
275,7,3,Sousse,Sousse,house,0,8,False,True,False,2017,612054
270,7,1,Monastir,Monastir,house,0,9,True,False,False,1994,668107
259,3,2,Gafsa,Gafsa,villa,0,7,False,True,True,2015,729065
432,3,3,Bizerte,Bizerte,villa,0,8,False,True,False,1999,1564282
87,4,1,Ariana,Tunis,apartment,5,9,False,False,False,1994,194053
472,3,1,Hammamet,Hammamet,villa,0,4,True,False,True,2000,2524443
291,4,3,Gabès,Gabès,villa,0,7,True,False,False,1992,832464
488,5,4,Tataouine,Tataouine,house,0,6,False,False,False,2001,1172371
332,6,1,Sousse,Sousse,villa,0,1,True,True,True,2004,1227501
157,1,3,Carthage,Tunis,house,0,4,False,True,False,2004,971230
132,1,4,Gafsa,Gafsa,house,0,3,True,False,False,1997,241008
285,5,1,Kairouan,Kairouan,apartment,0,7,True,False,False,2019,575996
197,5,3,Gafsa,Gafsa,apartment,8,3,False,False,False,2016,337579
386,7,2,Nabeul,Nabeul,house,0,3,True,True,False,2018,699667
495,7,1,Sfax,Sfax,house,0,5,False,False,False,1996,1114542
185,1,2,Hammamet,Hammamet,villa,0,2,False,False,False,2020,326073
264,3,3,Tataouine,Tataouine,apartment,3,9,False,False,False,1995,333484
136,5,3,Kairouan,Kairouan,apartment,7,4,False,False,False,1992,265580
297,4,3,Gafsa,Gafsa,apartment,2,8,False,False,False,2007,320284
262,7,1,Hammamet,Hammamet,apartment,8,3,True,False,False,2006,333421
181,6,2,Gafsa,Gafsa,apartment,7,7,True,False,False,2008,296478
357,3,2,Bizerte,Bizerte,apartment,6,3,True,False,False,2011,590163
444,7,3,Tataouine,Tataouine,villa,0,1,True,True,False,2018,1815875
366,4,1,Kairouan,Kairouan,villa,0,9,True,True,False,1991,835179
469,6,1,Sfax,Sfax,house,0,1,True,True,False,2016,673218
235,5,2,Monastir,Monastir,apartment,6,3,False,False,False,1999,438416
413,4,4,Nabeul,Nabeul,villa,0,7,False,False,False,2021,1655700
131,3,4,Hammamet,Hammamet,house,0,5,False,True,False,2021,392718
219,3,1,Lac 2,Tunis,apartment,6,6,True,False,False,2023,626383
169,2,3,Tataouine,Tataouine,apartment,9,8,True,False,False,2012,124498
83,1,2,Bizerte,Bizerte,apartment,7,1,False,False,False,2006,124832
184,6,4,Gafsa,Gafsa,apartment,8,3,True,False,False,2015,152396
419,6,1,Centre Ville,Tunis,house,0,4,True,False,False,2019,838170
329,6,4,Gafsa,Gafsa,apartment,5,3,True,False,False,2021,364518
483,7,3,Monastir,Monastir,house,0,3,False,True,False,2014,1192407
484,7,4,Kairouan,Kairouan,villa,0,2,True,False,False,2014,1416780
221,3,3,Hammamet,Hammamet,apartment,1,7,True,False,False,1991,518770
72,4,3,Gafsa,Gafsa,villa,0,5,True,True,True,2023,315242
204,7,2,Sfax,Sfax,house,0,4,True,True,False,1993,495725
375,1,3,Sfax,Sfax,house,0,2,False,True,False,2009,409266
312,3,3,Gafsa,Gafsa,apartment,3,1,False,False,False,2023,334464
238,4,3,Kairouan,Kairouan,villa,0,5,True,False,False,2016,706397
450,5,2,Gafsa,Gafsa,house,0,4,False,True,False,1995,856112
465,1,2,La Marsa,Tunis,house,0,6,False,True,False,1999,3143883
188,4,2,Sousse,Sousse,villa,0,8,True,False,True,2010,1294288
298,7,2,Gabès,Gabès,villa,0,9,True,True,True,2006,1315708
335,1,1,Hammamet,Hammamet,apartment,7,5,False,False,False,1994,486018
247,1,1,Hammamet,Hammamet,apartment,4,7,True,False,False,2004,774004
182,3,2,Gabès,Gabès,villa,0,7,False,False,False,2018,322096
229,1,2,Kairouan,Kairouan,villa,0,4,False,False,False,1999,702718
379,1,2,Gafsa,Gafsa,apartment,1,3,True,False,False,2012,451752
202,4,1,Hammamet,Hammamet,villa,0,4,True,True,False,2002,1250298
175,5,4,Gafsa,Gafsa,villa,0,7,False,True,False,2017,507276
265,1,2,Kairouan,Kairouan,house,0,5,False,False,False,2016,635809
92,3,1,Sousse,Sousse,villa,0,7,True,False,False,2002,509955
230,7,3,Gafsa,Gafsa,house,0,2,True,True,False,2014,538185
154,5,1,Lac 1,Tunis,house,0,5,False,False,False,2019,919718
445,1,1,Sousse,Sousse,house,0,2,False,False,False,2010,1346748
423,6,4,Sousse,Sousse,house,0,1,True,False,False,1998,1387826
281,4,3,Monastir,Monastir,villa,0,5,False,True,True,2006,831498
186,5,2,Hammamet,Hammamet,villa,0,4,True,False,False,2014,636990
69,7,2,Bizerte,Bizerte,house,0,3,True,False,False,1999,115885
178,6,1,Sousse,Sousse,house,0,5,True,False,False,2023,463878
309,3,1,Kairouan,Kairouan,villa,0,8,True,False,False,2010,1138118
209,6,3,Hammamet,Hammamet,villa,0,7,True,True,True,2019,700883
376,6,3,Gafsa,Gafsa,house,0,4,False,True,False,2015,940724
179,3,1,Sousse,Sousse,apartment,8,5,True,False,False,1994,543776
340,5,4,Sousse,Sousse,apartment,2,1,True,False,False,2016,377420
364,1,1,Sousse,Sousse,villa,0,6,False,True,False,1992,1144215
346,1,3,Kairouan,Kairouan,house,0,1,True,False,False,1997,748863
60,1,3,Hammamet,Hammamet,apartment,2,7,True,False,False,1994,86864
147,7,3,Sfax,Sfax,house,0,9,False,False,False,2020,202871
94,3,1,Bizerte,Bizerte,house,0,7,False,False,False,2018,139210
426,7,3,Sousse,Sousse,apartment,1,6,True,False,False,1998,574333
261,2,2,Bizerte,Bizerte,villa,0,3,True,False,False,2019,343724
345,5,3,Tataouine,Tataouine,house,0,6,False,False,False,2002,875113
154,5,3,Bizerte,Bizerte,apartment,0,8,True,False,False,2011,245913
350,3,3,Tataouine,Tataouine,villa,0,1,True,False,True,2010,898475
209,1,1,Centre Ville,Tunis,house,0,9,True,False,False,2021,418941
444,5,3,Monastir,Monastir,villa,0,5,False,True,True,2007,2027883
76,3,2,Gabès,Gabès,house,0,1,False,True,False,2018,126938
334,1,1,Monastir,Monastir,house,0,7,True,True,False,2020,562483
273,5,1,Gafsa,Gafsa,villa,0,9,True,True,True,1994,1012312
279,5,1,Gafsa,Gafsa,apartment,1,4,False,False,False,2010,347745
83,5,4,Gabès,Gabès,apartment,8,6,True,False,False,2003,100884
177,3,2,Nabeul,Nabeul,house,0,2,False,False,False,2019,648053
293,4,2,Gabès,Gabès,villa,0,9,False,True,True,1991,482676
288,7,3,Gafsa,Gafsa,apartment,7,3,False,False,False,2023,523238
373,2,4,Gabès,Gabès,apartment,1,5,True,False,False,1999,678024
153,1,2,Monastir,Monastir,villa,0,1,False,False,True,1995,526146
217,2,2,Carthage,Tunis,apartment,8,4,True,False,False,2006,625676
159,3,2,Gabès,Gabès,apartment,4,7,True,False,False,2005,140905
71,6,2,Hammamet,Hammamet,house,0,7,False,False,False,1991,178545
424,4,1,Tataouine,Tataouine,apartment,8,8,False,False,False,1994,633625
95,4,1,Tataouine,Tataouine,house,0,9,False,True,False,2019,245508
384,4,4,Nabeul,Nabeul,apartment,1,4,False,False,False,2013,950630
360,3,2,Tataouine,Tataouine,villa,0,2,False,False,True,1991,1521037
178,5,2,Gabès,Gabès,apartment,5,1,True,False,False,2011,269435
375,4,3,Monastir,Monastir,apartment,8,6,True,False,False,2006,484470
226,3,2,Tataouine,Tataouine,villa,0,5,False,False,False,2012,803836
355,2,2,Bizerte,Bizerte,apartment,6,3,True,False,False,2012,266590
113,1,2,Hammamet,Hammamet,house,0,1,False,True,False,1998,427373
206,7,2,Tataouine,Tataouine,house,0,2,False,True,False,1996,549804
421,3,1,Bizerte,Bizerte,apartment,4,9,True,False,False,1994,505351
229,7,2,Sfax,Sfax,apartment,7,3,False,False,False,2009,447374
378,5,2,Kairouan,Kairouan,villa,0,2,False,False,False,2014,839885
424,1,1,Centre Ville,Tunis,villa,0,5,False,True,False,2000,1946846
186,3,1,Gafsa,Gafsa,villa,0,9,True,True,False,1990,334412
251,3,4,Tataouine,Tataouine,house,0,3,False,True,False,2005,518007
105,5,2,Monastir,Monastir,villa,0,9,False,False,True,1993,474299
79,7,4,Ariana,Tunis,apartment,7,7,True,False,False,2011,280453
79,4,3,Sfax,Sfax,villa,0,4,True,True,True,2015,319757
374,2,2,Tataouine,Tataouine,villa,0,5,True,False,True,2023,677058
173,5,2,Sousse,Sousse,apartment,2,2,False,False,False,2017,186840
328,3,3,Gafsa,Gafsa,house,0,3,True,False,False,2021,653671
288,4,4,Tataouine,Tataouine,house,0,3,True,True,False,1992,485361
270,6,4,Monastir,Monastir,house,0,4,True,False,False,2022,600589
185,7,4,Gafsa,Gafsa,apartment,4,6,False,False,False,2009,347356
133,4,2,Bizerte,Bizerte,house,0,6,False,False,False,2004,186593
470,4,3,Monastir,Monastir,apartment,8,8,True,False,False,1999,734722
476,1,1,Bizerte,Bizerte,villa,0,4,False,True,False,2003,1161889
181,7,1,Hammamet,Hammamet,apartment,9,6,True,False,False,2005,320880
67,1,3,Sousse,Sousse,villa,0,8,True,True,True,2007,364624
131,3,1,Hammamet,Hammamet,villa,0,1,False,False,False,1996,681650
413,3,4,Gafsa,Gafsa,apartment,5,7,False,False,False,2006,416634
66,1,1,Gafsa,Gafsa,apartment,6,6,False,False,False,2009,92083
133,2,2,Sousse,Sousse,apartment,7,1,True,False,False,2007,187354
131,3,1,Sfax,Sfax,house,0,9,True,False,False,1992,169659
471,3,1,Kairouan,Kairouan,apartment,7,4,True,False,False,2009,960613
182,7,4,Gafsa,Gafsa,villa,0,7,False,True,False,1997,239855
423,5,4,La Marsa,Tunis,villa,0,4,False,True,False,2023,1849288
330,4,4,Sousse,Sousse,villa,0,2,False,False,False,1998,733471
270,6,2,Tataouine,Tataouine,villa,0,6,False,True,False,2004,496536
213,1,1,Tataouine,Tataouine,house,0,3,True,False,False,2006,379596
446,4,3,Bizerte,Bizerte,house,0,4,False,True,False,1995,1203108
219,4,1,Gabès,Gabès,house,0,5,True,True,False,2021,356976
322,3,3,Sfax,Sfax,house,0,4,True,False,False,2012,311538
418,1,2,Tataouine,Tataouine,house,0,5,False,True,False,2011,1147660
209,6,4,Kairouan,Kairouan,villa,0,2,False,False,True,1996,383814
407,6,2,Sfax,Sfax,apartment,6,9,False,False,False,1998,427512
259,5,2,Gabès,Gabès,house,0,7,True,True,False,2001,352177
404,7,3,Gabès,Gabès,apartment,2,4,False,False,False,2008,614726
496,3,4,Sfax,Sfax,house,0,7,False,False,False,2002,820185
80,6,2,Sousse,Sousse,villa,0,2,False,False,True,2000,501396
206,6,2,Sousse,Sousse,villa,0,3,True,False,True,1998,1202593
379,6,4,Hammamet,Hammamet,apartment,7,6,False,False,False,1996,692660
213,4,1,Kairouan,Kairouan,apartment,7,2,False,False,False,2020,270936
110,1,2,Tataouine,Tataouine,house,0,8,True,True,False,1999,321080
197,6,3,Kairouan,Kairouan,house,0,2,True,False,False,1995,437777
84,3,2,Tataouine,Tataouine,house,0,3,True,False,False,2001,220789
298,1,1,Gabès,Gabès,house,0,1,True,True,False,1999,415230
286,2,1,Centre Ville,Tunis,house,0,8,True,True,False,1996,1237399
275,6,4,Hammamet,Hammamet,apartment,8,9,False,False,False,2003,525030
92,7,4,Gabès,Gabès,house,0,5,True,True,False,2017,218368
388,4,2,Hammamet,Hammamet,apartment,8,7,True,False,False,2011,666832
269,7,3,Bizerte,Bizerte,apartment,4,2,False,False,False,1996,488504
380,2,3,Monastir,Monastir,villa,0,7,True,True,False,1998,1336081
297,5,3,Tataouine,Tataouine,apartment,0,1,False,False,False,2009,373507
270,2,3,Sousse,Sousse,villa,0,6,True,False,False,1992,1090000
236,5,3,Gabès,Gabès,house,0,1,False,False,False,2012,259675
230,7,1,Hammamet,Hammamet,villa,0,2,True,True,False,1992,1241138
294,4,1,Gabès,Gabès,villa,0,9,False,True,True,1993,521253
74,4,2,Nabeul,Nabeul,apartment,9,1,True,False,False,2001,78228
281,4,4,Sousse,Sousse,house,0,6,True,False,False,1998,771886
389,5,4,Tataouine,Tataouine,villa,0,5,False,True,True,1991,1835958
155,1,3,Gabès,Gabès,villa,0,7,True,True,True,2019,338151
107,4,3,Gabès,Gabès,house,0,9,True,False,False,2010,178187
450,5,2,Tataouine,Tataouine,apartment,9,2,False,False,False,1996,557640
181,5,3,Sfax,Sfax,house,0,5,False,False,False,2017,238500
271,2,2,Tataouine,Tataouine,house,0,2,False,True,False,1992,623458
96,2,1,Sousse,Sousse,house,0,7,False,False,False,2014,359573
384,3,1,Gabès,Gabès,villa,0,6,False,True,True,2016,787569
450,6,2,Sousse,Sousse,house,0,9,False,False,False,2001,1578798
336,1,3,Hammamet,Hammamet,house,0,6,True,True,False,1992,661707
346,6,3,Ariana,Tunis,villa,0,8,False,False,False,2019,1149066
327,6,4,Gafsa,Gafsa,apartment,6,4,False,False,False,2018,622608
121,7,4,Bizerte,Bizerte,house,0,7,True,True,False,1990,277900
459,1,3,Sfax,Sfax,villa,0,8,False,False,True,1991,1698733
127,6,4,Hammamet,Hammamet,house,0,7,True,False,False,2008,297061
54,1,2,Soukra,Tunis,villa,0,3,False,True,True,2005,306486
259,6,1,Hammamet,Hammamet,house,0,4,False,True,False,2000,855110
410,5,3,Nabeul,Nabeul,house,0,2,True,False,False,2009,746125
179,2,3,Sousse,Sousse,house,0,1,False,True,False,2014,459824
76,1,2,Gafsa,Gafsa,villa,0,6,True,False,True,2003,194201
191,4,1,Gabès,Gabès,villa,0,5,False,True,False,1993,723080
240,5,1,Hammamet,Hammamet,villa,0,4,True,False,False,2005,1263366
115,7,4,Nabeul,Nabeul,house,0,4,True,True,False,2006,361990
55,2,4,Lac 1,Tunis,house,0,7,True,True,False,2023,212567
287,6,4,Gafsa,Gafsa,villa,0,2,False,False,True,2019,1151894
392,5,1,Tataouine,Tataouine,house,0,9,True,False,False,2021,808612
161,4,1,Bizerte,Bizerte,house,0,1,True,False,False,1991,152429
83,1,3,Bizerte,Bizerte,apartment,5,2,False,False,False,2001,105841
68,4,3,Gafsa,Gafsa,house,0,3,False,False,False,1993,114283
290,7,1,La Marsa,Tunis,apartment,2,9,True,False,False,2006,836157
218,6,1,Tataouine,Tataouine,apartment,5,2,False,False,False,2013,220092
97,3,1,Tataouine,Tataouine,house,0,7,False,False,False,2001,101888
293,7,1,Sousse,Sousse,villa,0,1,False,False,False,1998,1542961
339,5,1,Kairouan,Kairouan,house,0,2,True,False,False,2008,827370
148,5,1,Soukra,Tunis,apartment,2,6,False,False,False,1993,264402
365,1,4,Kairouan,Kairouan,house,0,7,False,False,False,2014,508664
242,2,4,Monastir,Monastir,villa,0,4,True,True,False,1997,718854
227,7,3,La Marsa,Tunis,apartment,8,5,False,False,False,2003,382722
480,7,1,Nabeul,Nabeul,villa,0,1,False,False,True,1999,2687592
429,7,4,Hammamet,Hammamet,apartment,3,7,False,False,False,1994,1223679
159,1,2,Gabès,Gabès,apartment,3,6,True,False,False,2000,279941
410,1,3,Tataouine,Tataouine,apartment,3,4,True,False,False,2015,614065
295,7,2,Sousse,Sousse,apartment,3,1,False,False,False,2009,311166
105,3,1,Bizerte,Bizerte,apartment,0,4,True,False,False,2007,96226
422,3,2,Bizerte,Bizerte,house,0,6,True,False,False,2007,1026715
485,5,1,Kairouan,Kairouan,house,0,9,True,True,False,2012,1452376
105,7,1,Sfax,Sfax,apartment,4,8,True,False,False,2023,202595
74,2,1,Bizerte,Bizerte,apartment,4,6,False,False,False,1993,132075
464,3,3,Gafsa,Gafsa,villa,0,5,False,True,True,2007,1683536
409,3,1,Hammamet,Hammamet,house,0,3,False,True,False,2014,965035
84,4,3,Sousse,Sousse,house,0,7,True,False,False,1994,174191
140,6,1,Kairouan,Kairouan,apartment,2,9,False,False,False,2007,279104
308,7,2,Hammamet,Hammamet,villa,0,8,True,False,True,1993,1242290
487,5,4,Monastir,Monastir,villa,0,8,False,True,True,2014,1986607
409,3,3,Gafsa,Gafsa,apartment,8,5,False,False,False,2016,562456
400,6,1,Gafsa,Gafsa,house,0,1,False,True,False,1997,651164
283,2,4,Ariana,Tunis,villa,0,4,False,True,False,2008,1986965
180,3,4,Hammamet,Hammamet,apartment,6,1,False,False,False,1997,371520
137,2,2,Gabès,Gabès,villa,0,1,False,False,False,2016,239103
348,7,1,Kairouan,Kairouan,house,0,9,False,True,False,2003,421998
227,6,4,Gabès,Gabès,house,0,9,False,False,False,2017,350342
214,7,2,Gabès,Gabès,apartment,3,1,False,False,False,1995,266900
420,4,3,Centre Ville,Tunis,villa,0,7,True,False,False,1990,2462367
73,5,1,Sousse,Sousse,house,0,3,True,False,False,2021,252181
370,1,4,Sousse,Sousse,villa,0,5,True,False,True,2008,1833816
401,6,3,Tataouine,Tataouine,house,0,5,False,False,False,2015,788205
80,2,2,Gabès,Gabès,villa,0,6,False,True,False,1999,187165
388,7,1,Bizerte,Bizerte,villa,0,9,True,False,True,2021,1793759
420,5,1,Hammamet,Hammamet,house,0,7,False,True,False,2007,1736935
428,4,4,Gabès,Gabès,villa,0,4,False,False,False,2002,1177787
476,4,3,Gabès,Gabès,house,0,3,False,True,False,2010,995970
270,5,3,La Marsa,Tunis,apartment,3,5,True,False,False,2011,675864
401,6,2,Monastir,Monastir,villa,0,1,False,True,False,2017,1124275
120,6,3,Bizerte,Bizerte,apartment,2,6,True,False,False,2023,106243
351,4,4,Tataouine,Tataouine,villa,0,7,True,False,True,1990,902422
282,1,3,Gafsa,Gafsa,house,0,2,True,False,False,2009,310715
259,2,4,Gafsa,Gafsa,house,0,5,False,True,False,1997,739851
227,3,3,Tataouine,Tataouine,apartment,2,8,True,False,False,1997,204790
242,7,4,Monastir,Monastir,villa,0,3,True,True,True,2021,1163168
463,1,4,Bizerte,Bizerte,villa,0,9,True,False,True,2022,1190375
458,2,2,Monastir,Monastir,apartment,9,6,True,False,False,1992,865620
439,6,4,Bizerte,Bizerte,house,0,2,False,True,False,2005,959734
318,1,2,Sfax,Sfax,villa,0,1,True,False,False,2002,759689
378,6,2,Sousse,Sousse,villa,0,9,False,False,True,2019,1294937
362,5,2,Monastir,Monastir,villa,0,4,True,True,True,2023,1378338
496,5,1,Sfax,Sfax,villa,0,3,True,False,False,2006,932940
423,6,3,Tataouine,Tataouine,apartment,6,9,False,False,False,2012,318434
197,4,1,Gabès,Gabès,house,0,9,False,False,False,2019,226187
234,3,3,Nabeul,Nabeul,house,0,5,False,True,False,2017,615566
356,6,3,Gabès,Gabès,apartment,6,5,False,False,False,2017,417232
433,6,4,Tataouine,Tataouine,villa,0,6,False,True,False,2002,969823
285,5,2,Nabeul,Nabeul,apartment,6,9,True,False,False,2006,395010
417,7,4,Hammamet,Hammamet,apartment,0,7,False,False,False,2002,1162929
258,6,4,Kairouan,Kairouan,apartment,0,2,True,False,False,2016,490870
138,4,4,Monastir,Monastir,apartment,2,9,False,False,False,1995,137337
203,6,3,Hammamet,Hammamet,villa,0,8,False,True,True,2020,1225209
265,7,2,Monastir,Monastir,villa,0,6,False,False,True,2000,538246
340,6,3,Centre Ville,Tunis,house,0,8,True,False,False,2018,1596968
475,7,2,Sousse,Sousse,villa,0,7,False,True,False,1992,2447933
127,3,1,Gabès,Gabès,house,0,5,True,False,False,1998,192493
410,2,1,Sfax,Sfax,apartment,4,6,True,False,False,2013,508678
316,5,1,Bizerte,Bizerte,villa,0,6,True,False,False,2006,1145267
289,2,1,Sousse,Sousse,apartment,9,2,True,False,False,1998,734834
123,3,2,Gabès,Gabès,house,0,8,True,False,False,2007,303419
88,7,2,Nabeul,Nabeul,house,0,7,True,True,False,2022,283502
93,4,1,Gabès,Gabès,villa,0,3,False,False,False,1991,308819
465,4,2,Kairouan,Kairouan,apartment,6,2,True,False,False,2012,839008
416,5,2,Gafsa,Gafsa,apartment,7,9,True,False,False,1996,739764
424,3,2,Hammamet,Hammamet,house,0,6,True,False,False,2016,994541
402,5,4,Sfax,Sfax,apartment,6,1,False,False,False,1999,436089
113,4,1,Kairouan,Kairouan,house,0,7,True,True,False,1995,222877
296,1,2,Tataouine,Tataouine,villa,0,6,True,False,True,1998,496872
292,6,1,Bizerte,Bizerte,house,0,9,True,True,False,2012,644679
196,2,4,Tataouine,Tataouine,house,0,9,False,False,False,2002,407068
312,2,2,Tataouine,Tataouine,villa,0,7,False,False,False,2012,884183
446,2,3,Bizerte,Bizerte,house,0,2,False,True,False,2019,605635
143,3,2,Bizerte,Bizerte,apartment,7,7,True,False,False,2021,173213
50,1,4,Nabeul,Nabeul,villa,0,9,False,True,False,2001,233679
399,6,2,Bizerte,Bizerte,apartment,9,1,True,False,False,2011,659259
388,3,2,Sousse,Sousse,apartment,4,7,True,False,False,2015,975315
453,4,3,Ariana,Tunis,villa,0,5,True,True,True,1990,4308392
96,2,1,Nabeul,Nabeul,apartment,1,6,True,False,False,2002,277724
328,4,3,Sfax,Sfax,villa,0,2,False,True,True,2009,1112412
63,5,2,Hammamet,Hammamet,apartment,0,4,True,False,False,2002,152806
162,1,1,Centre Ville,Tunis,villa,0,5,False,False,True,2007,1024653
273,6,2,Tataouine,Tataouine,villa,0,4,False,False,False,1991,869188
428,5,2,Nabeul,Nabeul,apartment,6,6,True,False,False,2009,553301
309,4,1,Sousse,Sousse,villa,0,4,False,False,True,2022,1348362
492,5,1,Nabeul,Nabeul,villa,0,6,False,True,False,2019,2464235
85,1,2,Sousse,Sousse,house,0,7,True,True,False,2021,261585
487,6,2,Tataouine,Tataouine,apartment,8,4,True,False,False,2010,427079
303,4,4,Sfax,Sfax,villa,0,5,True,False,True,2013,1035112
498,2,3,Bizerte,Bizerte,house,0,3,False,False,False,2020,741143
128,3,1,Sfax,Sfax,apartment,1,4,True,False,False,2019,101391
169,5,1,Bizerte,Bizerte,villa,0,6,True,False,True,2000,531498
229,1,3,Hammamet,Hammamet,apartment,2,2,False,False,False,2014,639184
455,2,1,Bizerte,Bizerte,villa,0,6,True,False,False,1998,1279605
54,2,2,Sousse,Sousse,apartment,5,6,False,False,False,2016,150206
104,7,4,Kairouan,Kairouan,apartment,8,1,True,False,False,1992,86486
112,1,2,Kairouan,Kairouan,house,0,5,True,True,False,1998,300146
337,3,2,Tataouine,Tataouine,villa,0,1,True,False,True,2001,1608324
152,2,1,Kairouan,Kairouan,apartment,3,3,False,False,False,1993,114790
291,1,3,Gafsa,Gafsa,villa,0,4,True,False,False,2018,471671
241,6,2,Gabès,Gabès,house,0,5,True,True,False,2018,385310
54,1,2,Sfax,Sfax,villa,0,2,True,False,True,1995,86824
61,1,1,Carthage,Tunis,apartment,0,3,False,False,False,2013,223382
417,4,4,Tataouine,Tataouine,apartment,9,8,False,False,False,2021,512076
306,3,1,Nabeul,Nabeul,house,0,2,True,False,False,2009,1107713
238,7,3,Nabeul,Nabeul,apartment,5,5,True,False,False,2010,271391
152,7,1,Sfax,Sfax,villa,0,8,False,False,False,2007,402739
208,2,2,Gabès,Gabès,villa,0,4,False,True,False,2000,759432
387,3,4,Hammamet,Hammamet,apartment,0,6,False,False,False,2000,730036
235,1,2,Bizerte,Bizerte,apartment,8,9,True,False,False,1999,355320
257,2,2,Sousse,Sousse,apartment,3,5,True,False,False,2003,530740
178,2,1,Gafsa,Gafsa,villa,0,6,False,True,True,1991,687624
314,5,4,Nabeul,Nabeul,villa,0,8,False,False,True,1994,753863
416,7,1,Hammamet,Hammamet,house,0,5,False,True,False,2006,805229
147,1,2,Sfax,Sfax,house,0,5,True,True,False,2004,242969
376,7,3,Sfax,Sfax,villa,0,8,True,False,True,1995,1125596
491,2,2,Gafsa,Gafsa,house,0,3,False,False,False,2002,997279
465,2,3,Gabès,Gabès,apartment,4,4,True,False,False,2023,393334
144,1,3,Gafsa,Gafsa,house,0,8,True,False,False,1997,221562
448,5,3,Gabès,Gabès,apartment,9,9,True,False,False,2018,874191
281,5,3,Bizerte,Bizerte,house,0,8,False,False,False,2005,363838
271,4,2,Nabeul,Nabeul,house,0,5,False,True,False,2022,707784
104,3,1,Tataouine,Tataouine,house,0,8,True,False,False,2017,262114
199,7,4,Carthage,Tunis,apartment,2,4,True,False,False,1990,724638
427,2,3,Tataouine,Tataouine,apartment,5,4,False,False,False,2000,825647
113,7,4,Lac 2,Tunis,house,0,7,False,False,False,2010,326705
212,1,1,Sfax,Sfax,house,0,2,True,False,False,2019,514864
210,7,1,La Marsa,Tunis,villa,0,7,True,False,False,1992,1466148
456,3,1,Tataouine,Tataouine,villa,0,7,False,False,False,1990,965917
109,6,2,Tataouine,Tataouine,villa,0,2,True,True,False,2019,148112
54,5,4,Bizerte,Bizerte,apartment,8,8,False,False,False,2003,51667
67,4,2,Nabeul,Nabeul,apartment,5,4,False,False,False,2004,101304
147,1,2,Gafsa,Gafsa,apartment,4,1,False,False,False,2020,152644
325,3,4,Gabès,Gabès,villa,0,6,True,False,True,2018,1152431
407,2,1,Bizerte,Bizerte,apartment,6,9,True,False,False,2005,468033
362,7,3,Gabès,Gabès,house,0,1,False,True,False,2017,819145
279,5,2,Hammamet,Hammamet,apartment,8,1,False,False,False,2022,297302
383,1,3,Gafsa,Gafsa,villa,0,6,True,True,False,1998,1172727
64,4,2,Gabès,Gabès,villa,0,6,True,True,False,2006,119856
328,6,4,La Marsa,Tunis,villa,0,8,False,False,True,1991,1651703
125,2,1,Monastir,Monastir,house,0,1,False,False,False,2016,235170
161,2,4,Sousse,Sousse,villa,0,5,False,False,False,2011,504947
353,7,4,Sfax,Sfax,villa,0,1,False,True,True,1998,715267
484,1,4,Sfax,Sfax,house,0,8,False,True,False,2001,837188
113,6,2,Sousse,Sousse,house,0,9,True,True,False,2017,347143
205,5,4,Soukra,Tunis,villa,0,5,True,True,False,2015,1095108
117,4,1,Gafsa,Gafsa,house,0,7,False,True,False,1995,202110
287,4,4,Gafsa,Gafsa,villa,0,4,True,False,False,1998,457376
164,6,4,Monastir,Monastir,apartment,7,3,False,False,False,2015,243113
279,3,2,Monastir,Monastir,house,0,4,False,True,False,2020,633564
445,4,3,Centre Ville,Tunis,apartment,4,4,True,False,False,1994,1152238
61,3,1,Gafsa,Gafsa,apartment,3,3,False,False,False,2018,54558
160,2,4,Hammamet,Hammamet,apartment,6,9,True,False,False,2005,370944
269,7,3,Tataouine,Tataouine,villa,0,1,False,True,True,1994,1081261
372,5,3,Lac 2,Tunis,villa,0,4,True,True,True,1990,2606008
425,7,2,Tataouine,Tataouine,house,0,8,True,False,False,2020,795931
315,3,2,Hammamet,Hammamet,house,0,2,False,True,False,2017,521621
257,7,3,Nabeul,Nabeul,villa,0,3,False,True,True,2001,1893264
56,7,4,Kairouan,Kairouan,house,0,1,False,True,False,1993,62782
342,1,3,Bizerte,Bizerte,apartment,5,7,True,False,False,2000,385529
242,4,1,Kairouan,Kairouan,house,0,9,True,True,False,2007,530800
67,2,3,Nabeul,Nabeul,house,0,1,False,True,False,2014,138081
357,3,3,Gafsa,Gafsa,house,0,9,False,True,False,1996,408816
477,4,3,Sfax,Sfax,house,0,3,False,False,False,2004,1200513
70,2,1,Bizerte,Bizerte,apartment,8,9,True,False,False,2016,114424
136,2,4,Kairouan,Kairouan,villa,0,9,False,False,True,1995,405055
451,2,4,Gabès,Gabès,house,0,2,False,True,False,1997,669179
468,7,3,Sousse,Sousse,apartment,8,3,True,False,False,2010,693463
344,6,2,La Marsa,Tunis,house,0,5,True,True,False,2010,1363602
99,1,4,Gafsa,Gafsa,apartment,3,1,True,False,False,2015,150852
211,3,3,Sfax,Sfax,apartment,8,7,True,False,False,2003,327185
160,1,2,Sfax,Sfax,house,0,9,False,False,False,2015,183539
193,7,2,Sfax,Sfax,villa,0,9,False,False,False,2007,323498
275,5,1,Nabeul,Nabeul,villa,0,8,True,True,True,1992,2153024
244,7,3,Nabeul,Nabeul,apartment,9,6,True,False,False,2011,525414
185,3,2,Tataouine,Tataouine,apartment,3,6,True,False,False,2001,269929
452,5,3,Monastir,Monastir,house,0,4,False,True,False,2003,1108119
494,2,2,Gabès,Gabès,house,0,1,False,False,False,2004,1083006
203,3,3,Gabès,Gabès,apartment,2,3,False,False,False,1995,267148
139,3,1,Nabeul,Nabeul,villa,0,9,False,True,True,2021,627270
135,2,1,Sfax,Sfax,villa,0,2,False,True,False,1999,395176
239,7,4,Bizerte,Bizerte,villa,0,3,False,True,False,1992,624650
274,2,3,Tataouine,Tataouine,apartment,6,7,False,False,False,2023,460539
389,3,3,Tataouine,Tataouine,villa,0,7,False,True,False,2008,1148552
213,6,3,Tataouine,Tataouine,house,0,3,True,True,False,2010,547275
79,1,2,Monastir,Monastir,apartment,4,7,False,False,False,2004,94547
348,4,1,Monastir,Monastir,house,0,6,True,False,False,1991,310093
393,4,4,Kairouan,Kairouan,apartment,5,7,True,False,False,2015,653637
223,7,1,Nabeul,Nabeul,house,0,5,False,False,False,2006,628967
330,5,2,Centre Ville,Tunis,villa,0,2,False,False,False,2020,1812294
386,6,4,Sousse,Sousse,villa,0,6,False,False,False,1992,1078885
84,7,3,Tataouine,Tataouine,house,0,1,False,True,False,2018,113969
246,3,2,Monastir,Monastir,apartment,3,6,False,False,False,2017,455001
401,2,2,Gafsa,Gafsa,house,0,8,True,True,False,2002,1156516
293,1,4,Monastir,Monastir,villa,0,7,True,True,False,2000,1109134
462,2,4,Sfax,Sfax,villa,0,2,True,False,True,2015,862701
310,2,3,Hammamet,Hammamet,house,0,3,True,True,False,2005,518900
220,6,2,Gabès,Gabès,villa,0,1,True,True,True,2013,473772
454,6,2,Gabès,Gabès,apartment,6,5,True,False,False,1997,922891
416,1,1,Kairouan,Kairouan,villa,0,3,True,True,False,2018,1552603
395,5,2,Tataouine,Tataouine,apartment,4,6,False,False,False,1991,355184
288,1,3,Monastir,Monastir,apartment,2,3,False,False,False,2004,318643
416,1,2,Sousse,Sousse,apartment,5,1,True,False,False,2005,1046223
178,3,3,Bizerte,Bizerte,villa,0,8,True,False,True,1995,297745
486,2,2,Gafsa,Gafsa,apartment,2,6,True,False,False,1995,629097
479,7,2,Sousse,Sousse,apartment,7,6,True,False,False,2009,1283126
231,1,3,Sfax,Sfax,house,0,2,False,False,False,2020,216456
113,2,3,Sousse,Sousse,villa,0,7,False,False,True,2020,667290
254,1,1,Sousse,Sousse,villa,0,9,True,True,False,2014,1335795
208,3,3,Sousse,Sousse,house,0,2,False,False,False,2001,551616
238,3,4,Kairouan,Kairouan,apartment,1,7,False,False,False,1999,450105
129,6,1,Bizerte,Bizerte,apartment,5,9,False,False,False,2022,197731
161,3,1,Kairouan,Kairouan,apartment,5,2,True,False,False,1997,279946
167,4,1,Kairouan,Kairouan,villa,0,7,True,False,True,1996,419510
326,1,2,Tataouine,Tataouine,villa,0,2,False,True,False,2000,1125717
221,5,4,Lac 2,Tunis,apartment,3,3,False,False,False,1994,805766
88,2,1,Gafsa,Gafsa,apartment,4,7,False,False,False,2021,99968
92,2,1,Sfax,Sfax,villa,0,1,False,False,False,2015,221109
75,6,4,Nabeul,Nabeul,villa,0,4,True,True,False,1996,251850
499,6,2,Kairouan,Kairouan,apartment,5,3,False,False,False,1997,627143
320,4,2,Nabeul,Nabeul,house,0,4,False,True,False,2001,1368407
250,2,4,Monastir,Monastir,villa,0,4,False,False,False,2023,711720
417,5,3,Bizerte,Bizerte,house,0,2,True,False,False,2013,849253
398,6,2,Soukra,Tunis,apartment,5,4,False,False,False,2002,1260267
388,1,2,Monastir,Monastir,house,0,2,False,True,False,2016,605885
122,5,3,Sousse,Sousse,villa,0,3,False,True,False,2003,295089
185,3,2,Sfax,Sfax,villa,0,7,False,False,True,2003,383376
302,1,4,Gabès,Gabès,apartment,4,2,False,False,False,2006,582739
423,6,1,Hammamet,Hammamet,house,0,9,False,False,False,1998,1558636
453,6,2,Hammamet,Hammamet,house,0,6,False,False,False,2020,709506
242,6,1,Nabeul,Nabeul,villa,0,5,False,False,True,1998,1526237
443,5,4,Sfax,Sfax,house,0,2,False,True,False,2007,1262418
224,6,4,Bizerte,Bizerte,villa,0,9,True,True,True,2014,774433
460,6,4,Tataouine,Tataouine,villa,0,8,True,True,False,2020,1481944
73,3,2,Sousse,Sousse,apartment,0,7,True,False,False,2022,124816
268,1,1,La Marsa,Tunis,house,0,4,True,False,False,2019,1766178
462,6,4,Carthage,Tunis,apartment,3,6,False,False,False,2001,1509816
192,2,2,Tataouine,Tataouine,villa,0,7,False,False,True,2000,292930
98,6,4,Hammamet,Hammamet,house,0,6,True,True,False,2006,162097
91,5,2,Hammamet,Hammamet,apartment,3,1,True,False,False,1998,115347
216,2,4,Tataouine,Tataouine,apartment,3,8,True,False,False,2007,355985
86,2,4,La Marsa,Tunis,house,0,6,False,False,False,1994,207724
182,3,4,Sousse,Sousse,house,0,3,True,False,False,1993,722036
95,3,2,Gafsa,Gafsa,villa,0,2,False,False,True,2015,291301
337,7,1,Tataouine,Tataouine,villa,0,1,True,True,True,2015,1765513
356,3,3,Kairouan,Kairouan,house,0,6,False,True,False,2015,500120
80,6,2,Nabeul,Nabeul,house,0,8,True,True,False,2001,187098
367,2,3,Tataouine,Tataouine,house,0,1,False,False,False,2013,837405
93,4,1,Gabès,Gabès,villa,0,7,False,False,True,2016,232069
179,7,4,Ariana,Tunis,apartment,7,1,True,False,False,2016,678875
120,5,1,Gabès,Gabès,villa,0,9,True,False,True,2007,567508
362,7,4,Carthage,Tunis,villa,0,2,True,False,False,2000,1282153
455,7,1,Kairouan,Kairouan,apartment,2,8,True,False,False,2003,423477
65,7,1,Gafsa,Gafsa,villa,0,3,True,True,True,1991,246086
104,2,3,Sousse,Sousse,apartment,0,6,True,False,False,1996,289729
220,3,1,Lac 2,Tunis,house,0,6,False,True,False,2009,1279792
421,6,1,Gafsa,Gafsa,house,0,2,False,True,False,2021,900636
211,3,3,Monastir,Monastir,villa,0,6,False,True,True,2019,1084490
460,7,4,Hammamet,Hammamet,apartment,6,3,True,False,False,2020,907074
117,5,3,Sousse,Sousse,apartment,4,6,True,False,False,2011,251203
400,2,2,Carthage,Tunis,villa,0,4,False,False,True,2007,2903472
260,3,3,Ariana,Tunis,apartment,3,1,True,False,False,2013,699426
173,4,3,Hammamet,Hammamet,villa,0,6,True,False,False,1997,851037
467,1,2,Tataouine,Tataouine,villa,0,3,False,False,False,1990,956939
377,2,2,Bizerte,Bizerte,house,0,1,False,True,False,2014,827210
408,2,3,Bizerte,Bizerte,villa,0,3,True,True,True,1997,1495263
114,5,4,Sousse,Sousse,villa,0,3,True,False,True,2016,563333
92,4,2,Tataouine,Tataouine,house,0,2,True,True,False,1991,147199
420,2,4,Gabès,Gabès,apartment,8,9,False,False,False,2012,648144
438,1,3,Kairouan,Kairouan,house,0,2,False,True,False,1999,1226624
491,2,2,Gabès,Gabès,house,0,4,True,False,False,1999,491669
239,2,1,Hammamet,Hammamet,house,0,9,True,False,False,2011,394222
110,3,1,Sousse,Sousse,house,0,3,False,False,False,2009,363105
474,5,4,Tataouine,Tataouine,apartment,3,1,False,False,False,2015,492580
157,6,4,Sfax,Sfax,apartment,8,4,False,False,False,2022,311362
56,6,2,Gabès,Gabès,apartment,7,1,False,False,False,1992,47622
139,3,1,Bizerte,Bizerte,apartment,4,5,True,False,False,2015,252668
378,1,1,Sousse,Sousse,house,0,3,False,False,False,1991,727665
168,7,4,Sfax,Sfax,apartment,7,8,False,False,False,1990,268396
444,7,2,Gafsa,Gafsa,villa,0,4,False,False,False,2010,610588
434,6,4,Gafsa,Gafsa,villa,0,4,True,True,True,1998,1873001
494,3,2,Hammamet,Hammamet,villa,0,1,True,True,False,1993,1811673
98,5,3,Nabeul,Nabeul,house,0,9,True,False,False,2017,369044
190,2,4,Gabès,Gabès,house,0,8,True,True,False,2012,476083
192,3,2,Gabès,Gabès,house,0,6,False,False,False,2015,465653
471,3,4,Centre Ville,Tunis,villa,0,1,True,False,False,2010,2286007
156,6,3,Gafsa,Gafsa,villa,0,8,False,True,True,1991,511406
474,3,2,Monastir,Monastir,apartment,8,7,False,False,False,1993,304118
467,2,2,Lac 1,Tunis,villa,0,1,False,False,True,2016,3669555
395,3,1,Gafsa,Gafsa,house,0,4,True,True,False,2014,474948
370,3,4,Bizerte,Bizerte,villa,0,3,False,False,True,2002,1587530
64,1,2,Gabès,Gabès,house,0,6,True,False,False,2000,171644
273,1,1,Gabès,Gabès,house,0,4,False,True,False,2019,727374
59,6,2,Gafsa,Gafsa,house,0,1,True,False,False,2010,143159
244,1,2,Gafsa,Gafsa,apartment,2,4,False,False,False,2001,373222
403,1,2,Gafsa,Gafsa,house,0,6,True,True,False,2001,820037
128,1,1,Tataouine,Tataouine,house,0,7,False,False,False,1991,175052
293,2,2,Gabès,Gabès,apartment,9,2,False,False,False,2022,346443
432,6,4,Hammamet,Hammamet,villa,0,6,True,True,True,2016,2670457
123,7,2,Nabeul,Nabeul,house,0,9,True,False,False,1992,287503
372,4,2,Gafsa,Gafsa,apartment,0,2,False,False,False,1999,401462
429,5,2,Bizerte,Bizerte,house,0,1,False,True,False,2016,1081179
298,7,2,Sousse,Sousse,house,0,5,False,False,False,2019,875369
406,5,2,Gafsa,Gafsa,house,0,3,False,False,False,2012,962284
454,5,4,Nabeul,Nabeul,apartment,3,5,False,False,False,2017,1155520
134,1,1,Kairouan,Kairouan,house,0,1,True,False,False,2017,305679
328,4,2,Tataouine,Tataouine,villa,0,5,True,True,False,2007,500796
311,5,2,Gafsa,Gafsa,villa,0,7,False,False,False,2017,707587
74,7,2,Monastir,Monastir,house,0,2,True,True,False,1991,81066
343,2,2,Gabès,Gabès,house,0,5,True,False,False,2001,821775
476,1,1,Monastir,Monastir,apartment,7,6,True,False,False,2007,800879
495,2,1,Nabeul,Nabeul,villa,0,7,False,False,True,2020,2679842
430,2,1,Tataouine,Tataouine,house,0,9,True,False,False,1997,1172021
182,6,2,Bizerte,Bizerte,house,0,4,False,True,False,2012,362281
76,7,2,Sousse,Sousse,house,0,8,False,True,False,2005,318736
345,2,3,Nabeul,Nabeul,apartment,9,7,True,False,False,1997,594234
216,5,4,Tataouine,Tataouine,villa,0,2,False,False,False,2008,319438
274,5,2,Sfax,Sfax,villa,0,7,True,True,True,2017,1360815
412,5,2,Kairouan,Kairouan,apartment,6,5,False,False,False,2000,424854
425,7,4,Kairouan,Kairouan,villa,0,1,True,True,False,2016,1696464
157,5,2,Tataouine,Tataouine,house,0,2,False,True,False,2023,358317
138,2,2,Sfax,Sfax,villa,0,4,False,True,False,1993,505384
382,2,2,Sousse,Sousse,villa,0,9,True,True,False,1992,2380627
161,1,2,Nabeul,Nabeul,villa,0,6,False,True,False,1998,461720
328,5,1,Kairouan,Kairouan,house,0,9,False,False,False,2003,438680
85,3,1,Kairouan,Kairouan,house,0,9,False,False,False,1993,72311
474,2,3,Bizerte,Bizerte,house,0,7,False,False,False,2008,809933
197,6,4,Gafsa,Gafsa,villa,0,4,True,False,False,1993,257652
352,6,3,Nabeul,Nabeul,house,0,6,False,False,False,2007,678712
327,5,4,Kairouan,Kairouan,house,0,9,True,True,False,2000,352334
58,7,4,Monastir,Monastir,apartment,8,3,False,False,False,2000,37862
100,4,2,Gafsa,Gafsa,apartment,7,3,True,False,False,2018,88452
357,6,2,Sfax,Sfax,villa,0,6,True,True,False,2002,504104
327,4,1,Monastir,Monastir,house,0,7,True,False,False,2015,844860
151,6,4,Monastir,Monastir,house,0,3,False,True,False,2022,414931
241,3,1,Sousse,Sousse,villa,0,3,False,True,True,2008,1566963
109,5,2,Tataouine,Tataouine,apartment,7,8,False,False,False,2015,151989
363,1,1,Bizerte,Bizerte,villa,0,8,True,False,False,1992,512631
485,2,2,La Marsa,Tunis,house,0,8,False,False,False,1991,1210560
189,4,1,Monastir,Monastir,apartment,9,9,False,False,False,2016,365450
491,4,4,Bizerte,Bizerte,house,0,7,False,True,False,2010,540920
399,5,3,Nabeul,Nabeul,house,0,5,False,False,False,1997,1198819
232,1,4,Monastir,Monastir,house,0,8,False,True,False,2011,417752
73,5,1,Gabès,Gabès,house,0,2,False,True,False,2015,121008
60,6,3,Sousse,Sousse,apartment,3,2,True,False,False,2002,150444
258,7,1,Kairouan,Kairouan,house,0,7,True,True,False,2018,371581
149,4,4,Sousse,Sousse,villa,0,4,True,True,True,2005,591489
55,2,4,Gabès,Gabès,house,0,9,False,True,False,2017,72672
456,5,4,Tataouine,Tataouine,house,0,9,False,True,False,2018,1094451
265,1,4,Kairouan,Kairouan,villa,0,8,False,False,False,2005,769687
249,5,2,Tataouine,Tataouine,apartment,0,1,False,False,False,1996,308959
319,2,3,Sousse,Sousse,apartment,7,9,True,False,False,2013,347276
194,6,4,Gabès,Gabès,apartment,0,8,False,False,False,1995,137196
286,6,4,Nabeul,Nabeul,house,0,1,True,True,False,1999,803891
341,5,4,Bizerte,Bizerte,villa,0,9,True,True,False,2020,673208
427,4,4,Nabeul,Nabeul,villa,0,4,False,False,True,1998,1163045
201,5,1,Gafsa,Gafsa,apartment,7,4,False,False,False,1990,358101
269,5,4,Sfax,Sfax,villa,0,5,False,True,False,2021,990673
101,6,4,Sfax,Sfax,house,0,5,True,False,False,2005,223120
381,1,3,Gafsa,Gafsa,apartment,9,4,True,False,False,2006,755934
294,4,3,Kairouan,Kairouan,villa,0,6,False,False,False,1996,611755
302,5,2,Kairouan,Kairouan,house,0,1,True,False,False,2004,621642
368,7,4,Bizerte,Bizerte,apartment,8,3,True,False,False,2017,689646
483,1,1,Kairouan,Kairouan,apartment,9,7,True,False,False,1990,771679
423,1,1,Carthage,Tunis,house,0,4,True,False,False,1991,1886926
405,6,1,Ariana,Tunis,apartment,8,4,False,False,False,1992,1363230
157,4,3,Hammamet,Hammamet,apartment,9,4,False,False,False,2012,456116
337,7,2,Kairouan,Kairouan,villa,0,2,True,False,True,2003,1244000
321,7,4,Sousse,Sousse,apartment,3,5,False,False,False,1994,481114
310,7,1,Nabeul,Nabeul,apartment,2,8,True,False,False,2015,440987
174,2,2,Tataouine,Tataouine,villa,0,4,True,False,False,2001,333332
177,5,2,Gabès,Gabès,villa,0,5,False,False,False,2016,366007
78,3,1,Carthage,Tunis,apartment,3,9,True,False,False,1990,337919
328,3,4,Sousse,Sousse,villa,0,8,False,True,True,1995,2313980
354,7,2,Carthage,Tunis,villa,0,5,False,True,True,2019,3227456
302,3,3,Sfax,Sfax,villa,0,3,True,True,False,2017,849366
373,7,3,Hammamet,Hammamet,apartment,5,7,False,False,False,2014,1067526
372,4,2,Centre Ville,Tunis,house,0,5,False,True,False,2011,1067643
425,2,4,Monastir,Monastir,apartment,5,9,False,False,False,2006,744940
174,4,4,Sousse,Sousse,villa,0,4,False,False,False,1997,634417
230,5,2,Nabeul,Nabeul,house,0,9,True,True,False,1993,1034791
161,4,1,Nabeul,Nabeul,apartment,5,5,False,False,False,2020,206337
331,6,4,Tataouine,Tataouine,villa,0,8,False,False,False,1995,494275
124,2,4,Kairouan,Kairouan,apartment,9,7,False,False,False,2016,240361
99,7,3,Bizerte,Bizerte,villa,0,6,False,True,False,2008,297166
293,7,2,Monastir,Monastir,house,0,4,True,False,False,2002,436739
359,1,4,Kairouan,Kairouan,house,0,8,True,False,False,1999,577065
178,5,1,Bizerte,Bizerte,villa,0,1,True,False,False,2010,468296
378,4,4,Hammamet,Hammamet,villa,0,1,True,False,False,2013,1850919
447,3,2,Lac 1,Tunis,apartment,7,4,False,False,False,1990,985188
253,5,1,Gafsa,Gafsa,apartment,6,3,True,False,False,2005,184254
203,7,2,Gafsa,Gafsa,villa,0,6,True,True,True,2002,433651
69,3,3,Monastir,Monastir,villa,0,2,True,True,False,1999,172026
394,3,3,Sousse,Sousse,villa,0,7,False,True,False,2013,1481915
386,4,4,Sousse,Sousse,villa,0,2,True,False,False,1993,1317549
226,1,3,Bizerte,Bizerte,house,0,2,False,True,False,1991,288535
320,5,4,Gafsa,Gafsa,house,0,2,True,True,False,2021,684203
335,7,4,Monastir,Monastir,villa,0,8,True,True,False,2023,773911
296,1,4,Sfax,Sfax,house,0,8,False,True,False,2009,525205
475,7,3,Kairouan,Kairouan,apartment,8,9,False,False,False,1993,607240
375,4,4,Bizerte,Bizerte,house,0,3,False,True,False,2011,353067
339,7,4,Bizerte,Bizerte,villa,0,3,True,False,False,2013,967215
304,4,4,Bizerte,Bizerte,apartment,1,1,True,False,False,1996,476501
325,4,1,Nabeul,Nabeul,villa,0,5,True,False,True,1998,1623241
204,4,1,Lac 2,Tunis,apartment,3,2,False,False,False,1991,584256
58,3,3,Tataouine,Tataouine,villa,0,5,True,False,False,2010,153029
321,2,2,Sousse,Sousse,apartment,0,2,True,False,False,2016,869589
482,7,1,Tataouine,Tataouine,house,0,9,False,True,False,2002,759288
364,7,4,Gabès,Gabès,apartment,2,4,False,False,False,2019,608608
424,2,2,Hammamet,Hammamet,villa,0,2,False,True,True,2023,1938283
263,3,3,Bizerte,Bizerte,apartment,6,5,False,False,False,2010,410280
341,7,2,Hammamet,Hammamet,villa,0,2,False,True,False,2004,1089740
461,3,1,Nabeul,Nabeul,house,0,7,True,True,False,2013,2074913
232,1,1,Monastir,Monastir,villa,0,3,True,True,True,2018,1053905
154,5,1,Monastir,Monastir,house,0,5,True,False,False,1995,277813
283,2,3,Centre Ville,Tunis,apartment,7,8,True,False,False,2004,459096
415,3,3,Soukra,Tunis,house,0,3,False,True,False,2006,827862
280,4,3,Gabès,Gabès,house,0,9,False,False,False,1997,610355
404,4,3,Nabeul,Nabeul,house,0,8,False,True,False,2022,1165376
252,5,2,Hammamet,Hammamet,house,0,5,True,False,False,2017,468913
387,3,2,Tataouine,Tataouine,house,0,9,True,False,False,2019,765335
297,1,3,Hammamet,Hammamet,villa,0,1,False,True,True,2016,2017304
267,7,1,Sfax,Sfax,apartment,7,9,True,False,False,1998,538047
464,4,2,Sousse,Sousse,house,0,3,False,True,False,1990,1423648
55,1,1,Gafsa,Gafsa,apartment,5,1,False,False,False,2018,55000
194,2,4,Nabeul,Nabeul,house,0,6,False,False,False,2022,530527
486,6,3,Gabès,Gabès,villa,0,4,True,True,True,2002,1372357
113,5,4,Monastir,Monastir,apartment,0,2,False,False,False,2018,216598
81,3,2,La Marsa,Tunis,villa,0,5,True,False,True,2001,562820
325,7,3,Sousse,Sousse,apartment,7,7,False,False,False,1991,827580
146,5,1,Bizerte,Bizerte,apartment,6,1,True,False,False,1992,102772
356,4,4,La Marsa,Tunis,house,0,2,True,False,False,1995,2325708
218,2,1,Tataouine,Tataouine,villa,0,5,True,True,False,2004,331395
288,6,4,Gafsa,Gafsa,apartment,8,6,False,False,False,2016,548812
422,7,2,Nabeul,Nabeul,villa,0,3,True,True,False,2001,2619380
114,5,4,Monastir,Monastir,apartment,9,9,True,False,False,1990,221492
88,2,4,Gabès,Gabès,villa,0,9,False,True,False,2019,201282
428,4,4,Nabeul,Nabeul,apartment,7,1,False,False,False,2004,981489
448,2,2,Sfax,Sfax,house,0,6,True,True,False,1991,604866
420,7,1,Hammamet,Hammamet,house,0,2,False,True,False,2021,1654052
95,2,3,Kairouan,Kairouan,apartment,7,7,False,False,False,2004,115140
197,4,2,Nabeul,Nabeul,villa,0,9,False,False,True,1999,889507
358,7,3,Hammamet,Hammamet,house,0,9,False,True,False,2001,573782
377,7,3,Tataouine,Tataouine,house,0,4,False,False,False,1996,463046
108,5,1,Sousse,Sousse,villa,0,2,False,True,False,2019,612523
225,7,4,Ariana,Tunis,apartment,4,7,False,False,False,2018,527512
152,5,3,Nabeul,Nabeul,apartment,8,1,False,False,False,2007,258643
202,3,3,Monastir,Monastir,apartment,6,1,False,False,False,1996,232057
201,7,1,Gafsa,Gafsa,house,0,5,True,True,False,2017,244821
379,3,4,Sfax,Sfax,apartment,1,9,True,False,False,1991,677788
374,6,3,Gafsa,Gafsa,house,0,8,True,False,False,1995,770665
333,1,2,Gabès,Gabès,house,0,5,True,True,False,2006,386799
404,4,1,Sfax,Sfax,villa,0,2,True,True,False,2023,653790
496,1,3,Bizerte,Bizerte,apartment,1,6,True,False,False,2007,753285
242,6,4,Bizerte,Bizerte,apartment,7,6,False,False,False,2014,380811
197,6,3,La Marsa,Tunis,house,0,1,True,True,False,1996,1047116
210,6,1,Gafsa,Gafsa,house,0,9,True,True,False,1997,262846
258,3,2,Sousse,Sousse,house,0,2,False,True,False,2016,1047494
53,2,4,Sfax,Sfax,villa,0,5,True,True,True,2006,273766
429,7,4,Gafsa,Gafsa,apartment,0,3,True,False,False,1998,835674
366,6,3,Sfax,Sfax,villa,0,4,False,False,False,1995,710976
224,4,3,Kairouan,Kairouan,villa,0,2,False,True,False,1994,649668
100,5,2,Bizerte,Bizerte,villa,0,3,True,True,True,2019,179459
129,6,2,Kairouan,Kairouan,house,0,1,True,True,False,2011,234136
214,4,2,Lac 1,Tunis,house,0,5,False,False,False,2014,688266
334,5,1,Gafsa,Gafsa,villa,0,6,False,True,False,2018,462924
415,3,4,Gabès,Gabès,villa,0,9,True,False,True,1999,1943870
219,2,1,Sfax,Sfax,villa,0,4,True,True,True,2000,589523
55,4,1,Nabeul,Nabeul,villa,0,7,False,True,True,2013,350810
298,3,3,Tataouine,Tataouine,house,0,8,True,True,False,2011,611033
404,1,3,Kairouan,Kairouan,villa,0,6,False,True,False,2006,730166
50,4,4,Centre Ville,Tunis,villa,0,3,True,False,False,2005,178746
98,3,3,Bizerte,Bizerte,house,0,8,True,True,False,2020,217424
260,5,1,Kairouan,Kairouan,house,0,9,False,False,False,1999,636251
411,1,1,Gabès,Gabès,house,0,4,False,False,False,2001,420173
97,3,2,Nabeul,Nabeul,apartment,5,9,True,False,False,1999,125642
333,5,4,Sousse,Sousse,apartment,8,9,False,False,False,2001,833965
277,2,3,Monastir,Monastir,apartment,9,8,False,False,False,2012,241987
316,1,4,Carthage,Tunis,house,0,8,True,True,False,1992,1610364
334,1,2,Monastir,Monastir,apartment,9,1,True,False,False,2007,609376
51,4,3,Nabeul,Nabeul,house,0,5,True,True,False,2002,160902
487,5,2,Sfax,Sfax,house,0,1,False,True,False,2011,898647
103,7,3,Soukra,Tunis,house,0,8,True,False,False,2014,526809
106,5,2,Tataouine,Tataouine,apartment,0,5,True,False,False,2005,221620
445,7,1,Monastir,Monastir,house,0,9,True,False,False,2002,928145
80,4,3,Hammamet,Hammamet,villa,0,4,False,False,True,2012,346170
52,6,1,Kairouan,Kairouan,apartment,5,2,True,False,False,2015,87971
301,2,1,Kairouan,Kairouan,house,0,5,False,False,False,2015,412273
293,5,4,Gabès,Gabès,apartment,8,3,True,False,False,1994,312572
349,7,2,Tataouine,Tataouine,apartment,5,9,True,False,False,2012,509512
117,3,2,Lac 2,Tunis,apartment,8,6,True,False,False,2020,326289
186,3,3,Bizerte,Bizerte,villa,0,6,True,True,True,1995,913309
181,4,3,Nabeul,Nabeul,apartment,2,8,False,False,False,2007,486310
262,5,4,Kairouan,Kairouan,villa,0,9,True,False,True,2001,575755
314,7,2,Monastir,Monastir,apartment,3,4,True,False,False,1999,517497
216,3,3,Sfax,Sfax,house,0,5,False,False,False,1995,483200
370,7,4,Hammamet,Hammamet,house,0,5,True,True,False,1999,745332
435,4,2,Gabès,Gabès,apartment,8,2,True,False,False,2004,673432
347,5,2,Bizerte,Bizerte,apartment,7,8,True,False,False,1991,369888
398,7,2,Kairouan,Kairouan,house,0,5,True,True,False,2013,566521
479,5,2,Gafsa,Gafsa,villa,0,7,True,False,True,2004,1768179
52,4,2,Sousse,Sousse,villa,0,3,False,True,False,2006,285281
268,3,1,Hammamet,Hammamet,house,0,5,False,False,False,2013,718679
260,7,4,Ariana,Tunis,villa,0,4,True,True,True,2004,1221647
468,3,1,Sousse,Sousse,house,0,8,True,True,False,2007,884561
133,3,2,Gafsa,Gafsa,villa,0,7,True,False,True,2003,212015
322,2,2,Monastir,Monastir,villa,0,9,False,False,False,2015,1153635
109,4,3,Gabès,Gabès,apartment,3,9,False,False,False,2016,210762
59,3,2,Monastir,Monastir,villa,0,1,True,False,False,1993,181805
440,6,2,Gabès,Gabès,apartment,0,9,True,False,False,2015,774681
208,5,4,Gabès,Gabès,villa,0,5,True,True,False,1990,303740
277,7,2,Sousse,Sousse,apartment,4,3,False,False,False,2016,825349
473,4,2,Bizerte,Bizerte,house,0,6,True,True,False,2019,1367011
408,5,1,Monastir,Monastir,villa,0,8,True,True,True,2019,731311
264,5,4,Bizerte,Bizerte,villa,0,4,False,True,False,2017,636463
366,1,1,Nabeul,Nabeul,villa,0,8,False,False,True,2004,2411049
445,6,1,Sousse,Sousse,villa,0,3,True,False,True,2013,1836853
58,4,2,Tataouine,Tataouine,villa,0,7,False,False,False,2000,67567
52,3,2,Gafsa,Gafsa,apartment,0,2,True,False,False,2005,84564
187,4,3,Gafsa,Gafsa,house,0,1,False,False,False,2013,443997
134,2,4,Sousse,Sousse,apartment,3,3,True,False,False,1998,222362
157,1,2,Monastir,Monastir,apartment,7,2,False,False,False,1998,103745
168,3,4,Hammamet,Hammamet,house,0,3,False,False,False,1998,563996
66,2,2,Gabès,Gabès,house,0,1,True,True,False,2009,84194
245,1,2,Nabeul,Nabeul,house,0,5,True,True,False,2003,533260
130,5,4,Gabès,Gabès,villa,0,4,True,True,True,2002,450010
432,1,3,Nabeul,Nabeul,house,0,4,False,False,False,2004,1233947
163,5,2,Nabeul,Nabeul,villa,0,6,False,False,True,1998,759330
170,6,1,Hammamet,Hammamet,house,0,4,True,False,False,1991,286535
459,7,3,Bizerte,Bizerte,house,0,9,True,True,False,2008,1339782
378,3,2,Nabeul,Nabeul,apartment,5,1,True,False,False,1996,400075
458,1,2,Hammamet,Hammamet,apartment,0,6,False,False,False,2011,1149763
345,5,3,Gafsa,Gafsa,apartment,8,1,True,False,False,1998,685087
430,4,3,Sfax,Sfax,house,0,4,True,True,False,2018,602774
208,6,3,Gabès,Gabès,villa,0,4,False,True,True,2014,943146
487,2,2,Sfax,Sfax,apartment,8,1,True,False,False,2012,623028
402,3,2,Gafsa,Gafsa,apartment,6,6,False,False,False,1990,261782
202,4,3,Sousse,Sousse,villa,0,4,False,False,False,2012,553253
370,7,4,Gafsa,Gafsa,house,0,3,True,True,False,1995,1026221
273,1,2,Sfax,Sfax,villa,0,2,True,True,False,2002,966680
141,2,2,Tataouine,Tataouine,villa,0,4,False,False,False,2018,394709
99,3,4,Monastir,Monastir,apartment,0,8,False,False,False,1992,192456
198,1,1,Nabeul,Nabeul,apartment,5,3,False,False,False,1993,590436
254,2,4,Gafsa,Gafsa,apartment,8,8,True,False,False,2015,400903
112,7,1,Gafsa,Gafsa,villa,0,7,False,False,True,1996,197293
174,2,2,Nabeul,Nabeul,apartment,6,3,True,False,False,2013,496359
172,4,2,Kairouan,Kairouan,house,0,3,False,False,False,2014,279052
163,6,4,Monastir,Monastir,villa,0,3,True,False,True,2010,553318
435,7,4,Monastir,Monastir,villa,0,3,True,True,False,2007,1558401
276,4,2,Kairouan,Kairouan,villa,0,5,False,True,True,2019,1279331
373,2,4,Nabeul,Nabeul,house,0,4,False,True,False,2017,926178
438,6,2,Tataouine,Tataouine,apartment,9,8,True,False,False,1995,645699
75,5,4,Bizerte,Bizerte,house,0,9,False,True,False,2019,211754
443,7,3,Tataouine,Tataouine,apartment,5,7,True,False,False,2001,416402
428,5,1,Bizerte,Bizerte,villa,0,9,True,True,True,1997,1476020
428,7,1,Gafsa,Gafsa,house,0,3,True,True,False,2021,999436
104,5,2,Sfax,Sfax,apartment,4,9,False,False,False,2000,199347
483,4,3,Gabès,Gabès,house,0,4,True,True,False,1991,635876
455,7,1,Tataouine,Tataouine,villa,0,8,True,True,True,2017,2384689
369,5,4,Tataouine,Tataouine,apartment,5,7,True,False,False,2022,521042
328,4,4,Sfax,Sfax,house,0,8,False,False,False,2006,828921
139,7,1,Gafsa,Gafsa,villa,0,3,True,True,False,2010,533112
77,6,2,Sfax,Sfax,villa,0,3,False,False,False,2007,147913
459,3,1,Nabeul,Nabeul,villa,0,4,False,True,True,2000,2734857
95,1,3,Sousse,Sousse,villa,0,9,True,False,True,2007,317911
260,5,3,Sfax,Sfax,house,0,6,True,True,False,2023,634305
358,7,3,Tataouine,Tataouine,apartment,6,4,False,False,False,2008,438764
334,2,1,Sfax,Sfax,villa,0,5,True,False,False,2006,710546
104,4,3,Gafsa,Gafsa,house,0,2,True,True,False,1997,295697
98,7,1,Gabès,Gabès,house,0,7,False,True,False,1992,215479
216,2,1,Bizerte,Bizerte,villa,0,7,False,False,True,2015,694676
145,7,2,Gafsa,Gafsa,villa,0,7,True,False,False,1991,478381
351,7,4,Gafsa,Gafsa,villa,0,8,True,False,True,2015,777546
321,5,3,Kairouan,Kairouan,villa,0,8,False,True,False,2007,873541
126,1,4,Sousse,Sousse,villa,0,2,False,False,False,1990,358706
353,5,4,Gafsa,Gafsa,apartment,2,2,False,False,False,2020,598123
314,1,3,Sousse,Sousse,apartment,9,8,True,False,False,2022,819370
147,4,4,Gabès,Gabès,villa,0,4,False,True,False,2023,362777
375,2,2,Sfax,Sfax,villa,0,4,True,False,False,1994,931014
94,3,3,Sfax,Sfax,house,0,4,True,True,False,2000,151077
435,6,3,Monastir,Monastir,apartment,5,8,True,False,False,2023,423498
481,5,3,Monastir,Monastir,house,0,1,False,False,False,2003,784376
169,3,1,Tataouine,Tataouine,house,0,3,False,False,False,2004,175056
309,6,4,Kairouan,Kairouan,apartment,6,6,True,False,False,2013,452153
124,6,2,Nabeul,Nabeul,apartment,9,7,False,False,False,1999,135259
139,5,2,Tataouine,Tataouine,villa,0,1,False,False,False,1997,492994
356,6,1,Kairouan,Kairouan,house,0,3,False,True,False,2017,704973
281,1,4,Gabès,Gabès,house,0,7,True,True,False,1990,829666
85,6,2,Monastir,Monastir,villa,0,9,True,True,False,2019,217430
352,3,1,Soukra,Tunis,apartment,4,1,False,False,False,1994,860640
295,5,4,Bizerte,Bizerte,house,0,1,False,False,False,2013,362024
268,1,2,Nabeul,Nabeul,house,0,6,True,True,False,2002,1047371
358,3,3,Tataouine,Tataouine,apartment,7,7,True,False,False,2022,716916
171,6,3,Tataouine,Tataouine,apartment,8,7,False,False,False,1991,143776
399,3,4,Bizerte,Bizerte,house,0,1,True,True,False,2004,623062
347,1,4,Sfax,Sfax,villa,0,9,True,True,True,1994,1147912
160,3,3,Nabeul,Nabeul,house,0,7,True,False,False,1996,555085
147,2,3,Sfax,Sfax,house,0,5,False,True,False,1993,167831
97,3,1,Hammamet,Hammamet,house,0,2,False,True,False,1998,285465
473,5,4,Nabeul,Nabeul,villa,0,7,False,True,True,2017,2172510
274,2,3,Tataouine,Tataouine,apartment,6,2,True,False,False,2008,334422
258,7,3,Tataouine,Tataouine,apartment,5,7,True,False,False,1992,541149
394,1,3,Gabès,Gabès,villa,0,7,True,False,False,2003,764914
485,7,4,Sousse,Sousse,villa,0,1,True,True,False,2020,2291698
239,5,1,Gafsa,Gafsa,villa,0,4,True,True,False,2000,630442
151,4,3,Carthage,Tunis,house,0,2,False,False,False,2014,723561
375,4,1,Gabès,Gabès,villa,0,2,False,True,False,2014,1284822
199,3,4,Sfax,Sfax,villa,0,9,True,True,False,2022,337596
499,2,4,Sfax,Sfax,house,0,9,True,False,False,2021,885475
180,6,3,Tataouine,Tataouine,house,0,9,True,False,False,2008,383292
235,4,3,Hammamet,Hammamet,apartment,4,6,True,False,False,2003,329559
185,2,2,Gafsa,Gafsa,villa,0,2,False,True,False,2011,438387
271,4,4,Kairouan,Kairouan,house,0,3,True,True,False,1991,361658
259,3,1,Ariana,Tunis,house,0,8,True,False,False,1997,1240907
318,7,1,Gabès,Gabès,house,0,5,True,False,False,2003,845915
168,3,4,Kairouan,Kairouan,apartment,7,6,False,False,False,2000,146361
94,1,4,Gabès,Gabès,apartment,6,5,True,False,False,2007,115202
296,2,4,Gafsa,Gafsa,villa,0,5,False,True,True,2018,597332
345,5,1,Kairouan,Kairouan,villa,0,1,True,True,True,2004,857836
110,7,4,Kairouan,Kairouan,house,0,4,False,True,False,2015,118037
428,6,2,Kairouan,Kairouan,house,0,6,False,False,False,2001,720204
385,6,2,Gafsa,Gafsa,house,0,9,False,False,False,2011,495294
217,7,2,Hammamet,Hammamet,apartment,7,8,False,False,False,2008,252588
118,6,3,Hammamet,Hammamet,villa,0,9,False,True,False,2019,329432
330,1,3,Sfax,Sfax,villa,0,8,False,False,False,2004,732283
459,6,1,Lac 2,Tunis,apartment,8,1,False,False,False,2005,1491750
135,7,1,Gafsa,Gafsa,villa,0,6,True,False,True,2014,355842
243,1,4,Monastir,Monastir,villa,0,6,True,False,False,1998,695151
291,7,3,Gabès,Gabès,villa,0,3,False,False,True,2004,1227871
479,5,2,Kairouan,Kairouan,apartment,0,4,False,False,False,2014,603923
286,6,1,Gabès,Gabès,house,0,5,True,False,False,2017,773596
207,7,1,Sfax,Sfax,house,0,5,False,False,False,2001,208391
368,2,1,Kairouan,Kairouan,house,0,1,False,False,False,1990,738266
303,3,4,Sfax,Sfax,house,0,4,True,False,False,2023,473152
275,7,3,Tataouine,Tataouine,apartment,7,8,True,False,False,2005,508431
385,2,2,Bizerte,Bizerte,apartment,3,8,False,False,False,2000,366828
261,1,2,Tataouine,Tataouine,house,0,8,False,True,False,2003,354120
179,6,1,Gafsa,Gafsa,apartment,4,6,False,False,False,1996,280242
227,4,4,Sousse,Sousse,villa,0,8,False,True,True,2016,866630
100,4,3,Kairouan,Kairouan,house,0,8,True,False,False,1994,229756
93,7,3,Gabès,Gabès,house,0,8,True,True,False,2002,266767
342,7,2,Sousse,Sousse,house,0,3,True,True,False,2003,608821
144,6,1,Bizerte,Bizerte,house,0,7,True,False,False,2020,181935
257,7,3,Sousse,Sousse,apartment,3,7,False,False,False,2005,612790
440,5,2,Gafsa,Gafsa,house,0,7,False,False,False,1997,853424
460,2,2,Lac 1,Tunis,villa,0,4,False,True,True,2010,4319377
215,4,4,Hammamet,Hammamet,villa,0,8,True,True,False,2007,437687
378,7,2,Gabès,Gabès,house,0,8,False,True,False,2007,541404
353,1,2,Tataouine,Tataouine,house,0,3,True,False,False,1990,323799
122,4,1,Gafsa,Gafsa,villa,0,8,False,True,True,2000,570023
479,3,3,Kairouan,Kairouan,villa,0,6,False,False,False,2015,976010
60,1,4,Sousse,Sousse,house,0,9,True,False,False,2009,189582
290,7,3,Hammamet,Hammamet,apartment,9,4,True,False,False,1992,512290
468,1,3,Bizerte,Bizerte,apartment,7,5,True,False,False,2011,388795
68,6,1,Gafsa,Gafsa,house,0,3,False,True,False,2012,79114
348,7,4,Gafsa,Gafsa,villa,0,8,True,True,False,2001,574163
291,2,4,Hammamet,Hammamet,house,0,3,False,True,False,2012,626192
184,1,2,Sousse,Sousse,house,0,8,True,True,False,2014,618305
142,7,1,Hammamet,Hammamet,villa,0,1,False,False,False,2004,681531
461,4,2,Carthage,Tunis,villa,0,8,True,False,True,2021,5393807
254,5,1,Bizerte,Bizerte,apartment,6,6,True,False,False,1998,338602
389,6,2,Lac 1,Tunis,house,0,4,True,True,False,2010,2191481
282,6,2,Kairouan,Kairouan,apartment,5,7,False,False,False,2016,527678
170,7,4,Sousse,Sousse,house,0,7,True,False,False,2016,488140
487,1,3,Tataouine,Tataouine,apartment,5,4,True,False,False,2018,605029
313,1,1,Gabès,Gabès,house,0,3,False,True,False,2007,327277
428,3,4,Nabeul,Nabeul,villa,0,2,True,True,True,2014,1156292
437,5,1,Gabès,Gabès,villa,0,1,False,True,True,2011,1681857
454,5,2,Monastir,Monastir,villa,0,4,False,False,True,2018,1436310
215,1,1,Sousse,Sousse,house,0,6,False,True,False,2006,563002
213,6,4,La Marsa,Tunis,apartment,6,5,True,False,False,1998,1112435
496,3,1,Ariana,Tunis,apartment,9,8,True,False,False,1993,1017122
337,6,1,Gabès,Gabès,villa,0,1,True,False,True,2023,924720
464,3,2,Kairouan,Kairouan,apartment,9,6,True,False,False,2023,498892
170,5,3,Sfax,Sfax,house,0,7,False,False,False,1997,355898
455,5,1,Soukra,Tunis,apartment,7,4,False,False,False,2010,1136362
226,6,2,Kairouan,Kairouan,house,0,3,False,False,False,2016,478306
175,1,2,Sfax,Sfax,apartment,7,4,False,False,False,2004,117880
417,2,3,Nabeul,Nabeul,house,0,7,False,True,False,2008,1086238
279,4,2,Tataouine,Tataouine,villa,0,7,False,True,True,2003,1262213
181,1,3,Sfax,Sfax,house,0,9,True,True,False,2016,235462
239,7,2,Sousse,Sousse,house,0,8,False,True,False,2008,761600
443,5,3,Gafsa,Gafsa,apartment,0,2,False,False,False,2011,334553
96,2,1,Nabeul,Nabeul,villa,0,8,True,True,False,2018,495287
302,6,4,Hammamet,Hammamet,villa,0,6,False,False,False,2012,1424014
190,4,2,Sfax,Sfax,villa,0,5,False,True,False,1999,464080
442,6,2,Sousse,Sousse,villa,0,1,False,False,True,2000,1041313
439,1,4,Centre Ville,Tunis,apartment,5,1,False,False,False,1994,1535622
73,3,2,Sfax,Sfax,house,0,3,True,False,False,2000,150663
79,3,2,Kairouan,Kairouan,apartment,5,3,False,False,False,2011,122860
60,3,1,Soukra,Tunis,villa,0,7,True,False,False,1997,346663
270,3,4,Centre Ville,Tunis,villa,0,8,False,False,False,2022,753057
310,6,1,Nabeul,Nabeul,house,0,1,False,True,False,2011,466528
279,6,4,Sousse,Sousse,villa,0,4,False,False,False,2011,499588
487,1,1,Kairouan,Kairouan,apartment,1,7,True,False,False,2018,559621
480,1,2,Kairouan,Kairouan,apartment,8,7,True,False,False,1996,677376
220,3,2,Bizerte,Bizerte,house,0,5,False,True,False,2016,202099
50,6,2,Monastir,Monastir,house,0,1,True,True,False,1994,126005
246,6,1,Gafsa,Gafsa,villa,0,1,True,True,True,2020,822835
128,3,3,Bizerte,Bizerte,villa,0,5,False,True,True,2002,601747
432,3,1,Bizerte,Bizerte,apartment,5,1,False,False,False,1995,855705
254,5,4,Nabeul,Nabeul,villa,0,4,False,False,True,1998,731776
364,4,2,Monastir,Monastir,villa,0,9,False,False,True,2004,865388
434,1,2,Gafsa,Gafsa,apartment,1,1,True,False,False,1999,442575
151,7,2,Monastir,Monastir,house,0,8,True,True,False,2023,343898
394,3,1,Tataouine,Tataouine,villa,0,7,False,True,False,2021,863748
258,3,4,Tataouine,Tataouine,villa,0,2,False,False,True,2020,795461
480,1,1,Gafsa,Gafsa,apartment,0,3,True,False,False,1996,498758
444,6,2,Hammamet,Hammamet,villa,0,2,False,False,False,2005,1078920
371,7,3,Nabeul,Nabeul,house,0,4,True,True,False,1999,754031
367,5,3,Sfax,Sfax,villa,0,8,False,True,True,1994,1645972
245,3,2,Bizerte,Bizerte,apartment,7,5,False,False,False,2021,280476
370,7,1,Gabès,Gabès,apartment,9,3,True,False,False,2002,258274
417,2,3,Gafsa,Gafsa,apartment,9,4,True,False,False,2012,364991
335,6,3,Hammamet,Hammamet,apartment,6,5,True,False,False,2021,474862
84,4,4,Kairouan,Kairouan,apartment,5,3,True,False,False,2005,118681
256,1,4,Sousse,Sousse,villa,0,2,False,True,True,1995,1655003
282,5,2,Nabeul,Nabeul,villa,0,2,True,True,False,1993,1623755
362,7,1,Ariana,Tunis,villa,0,6,True,True,True,2014,2939534
211,5,2,Nabeul,Nabeul,house,0,7,False,True,False,2017,408059
102,2,3,Monastir,Monastir,house,0,2,False,True,False,2008,128240
79,2,4,Bizerte,Bizerte,house,0,5,True,False,False,2016,76174
122,2,3,Monastir,Monastir,house,0,5,False,False,False,2013,167227
356,5,2,Sousse,Sousse,house,0,5,False,False,False,1994,590347
499,3,4,Hammamet,Hammamet,villa,0,6,False,False,False,2005,1003469
364,6,2,Gafsa,Gafsa,house,0,3,False,True,False,2002,774533
487,1,1,Kairouan,Kairouan,house,0,3,True,True,False,2007,577379
450,3,3,Bizerte,Bizerte,apartment,7,1,False,False,False,2015,471240
425,5,1,Hammamet,Hammamet,villa,0,4,True,False,True,2013,1702922
353,3,4,Bizerte,Bizerte,villa,0,8,True,False,False,2022,1244672
149,5,2,Monastir,Monastir,apartment,4,5,False,False,False,2010,258425
379,2,3,Hammamet,Hammamet,apartment,1,2,True,False,False,2004,454140
54,7,1,Gabès,Gabès,apartment,5,9,True,False,False,1994,65000
218,1,2,Hammamet,Hammamet,villa,0,7,True,True,True,2015,1561114
357,2,2,Gabès,Gabès,house,0,9,True,False,False,2021,615563
375,4,3,Sfax,Sfax,house,0,4,True,True,False,2021,454504
54,1,4,Sfax,Sfax,villa,0,6,True,False,True,1995,131616
255,4,1,Hammamet,Hammamet,apartment,1,5,True,False,False,1999,264108
169,3,1,Bizerte,Bizerte,house,0,2,False,True,False,1993,387252
401,7,2,Gafsa,Gafsa,apartment,9,6,False,False,False,1994,646091
115,6,3,Lac 1,Tunis,house,0,8,True,False,False,2002,493529
224,4,4,Sousse,Sousse,villa,0,2,True,True,True,2008,966952
455,7,1,Hammamet,Hammamet,apartment,3,3,True,False,False,2014,779688
108,4,1,Hammamet,Hammamet,apartment,6,7,False,False,False,1996,226022
138,7,3,Tataouine,Tataouine,apartment,3,4,False,False,False,2023,186024
478,4,2,Gafsa,Gafsa,apartment,2,1,False,False,False,2016,595014
365,2,1,Kairouan,Kairouan,house,0,8,False,True,False,2003,640119
96,2,4,Sfax,Sfax,villa,0,1,True,False,True,2013,349467
184,7,1,Tataouine,Tataouine,apartment,8,4,False,False,False,1996,330022
425,4,2,Gabès,Gabès,apartment,1,2,False,False,False,2019,791180
177,1,2,Monastir,Monastir,villa,0,9,True,False,True,2014,512473
441,4,2,Sfax,Sfax,house,0,4,True,True,False,2010,607069
59,7,1,Gafsa,Gafsa,villa,0,9,True,True,True,2008,193137
53,7,1,La Marsa,Tunis,villa,0,5,True,True,True,1994,307113
491,3,3,Monastir,Monastir,villa,0,1,False,True,False,1997,1349385
392,7,2,Tataouine,Tataouine,apartment,8,7,True,False,False,2010,575252
201,5,2,Gabès,Gabès,apartment,3,2,True,False,False,2016,369253
344,7,4,Kairouan,Kairouan,villa,0,1,False,False,False,2018,1066510
315,4,3,Gabès,Gabès,villa,0,3,False,False,True,2002,1441177
208,3,2,Bizerte,Bizerte,house,0,3,False,True,False,1998,252467
183,2,3,Monastir,Monastir,villa,0,3,False,False,True,2005,309688
328,3,4,Gafsa,Gafsa,villa,0,6,False,True,True,2009,1418376
461,2,1,Sfax,Sfax,house,0,2,False,False,False,2015,593067
315,2,1,Tataouine,Tataouine,house,0,8,False,True,False,2000,452972
184,3,2,Bizerte,Bizerte,apartment,2,3,True,False,False,2021,155023
332,1,2,Kairouan,Kairouan,villa,0,8,False,False,True,1993,568676
441,7,1,Sfax,Sfax,house,0,2,True,False,False,2011,562476
264,7,1,Hammamet,Hammamet,villa,0,5,True,False,True,1996,650723
429,4,4,Gafsa,Gafsa,villa,0,4,True,False,False,2021,1046269
250,4,2,Sfax,Sfax,villa,0,4,True,False,False,2004,339444
314,1,3,Gabès,Gabès,house,0,6,False,False,False,1995,321008
342,1,1,Monastir,Monastir,apartment,1,5,True,False,False,2001,332670
90,2,1,Tataouine,Tataouine,house,0,4,True,False,False,1991,120393
210,1,2,Kairouan,Kairouan,villa,0,6,True,True,False,1990,537878
399,6,2,Sousse,Sousse,house,0,9,True,True,False,2003,1382479
274,6,3,Sfax,Sfax,house,0,5,False,False,False,1995,253329
113,1,4,La Marsa,Tunis,apartment,1,2,False,False,False,2013,296738
185,5,1,Nabeul,Nabeul,apartment,8,8,True,False,False,2019,303962
56,6,3,Kairouan,Kairouan,villa,0,9,False,True,False,2005,105114
340,2,3,Monastir,Monastir,villa,0,6,True,True,True,2008,1669490
364,1,4,Kairouan,Kairouan,apartment,4,4,False,False,False,2008,491836
247,2,2,Sousse,Sousse,house,0,1,True,True,False,2002,807755
331,6,1,Lac 1,Tunis,apartment,7,1,True,False,False,2019,1674495
177,2,4,Kairouan,Kairouan,villa,0,4,False,True,True,2003,450859
305,6,3,Monastir,Monastir,apartment,4,9,True,False,False,2016,399415
253,6,4,Monastir,Monastir,villa,0,4,False,True,True,2003,1173241
197,5,3,Bizerte,Bizerte,house,0,6,True,True,False,2023,436357
484,1,2,Lac 1,Tunis,apartment,0,4,True,False,False,2019,2308244
274,2,1,Gafsa,Gafsa,villa,0,1,False,True,False,2017,401464
350,1,3,Bizerte,Bizerte,apartment,3,2,False,False,False,2003,604800
278,6,2,Bizerte,Bizerte,house,0,3,True,False,False,2007,452631
207,5,4,Gafsa,Gafsa,house,0,6,True,False,False,2004,410495
468,2,1,Sousse,Sousse,apartment,3,8,True,False,False,2003,899851
58,2,2,Soukra,Tunis,apartment,1,5,False,False,False,2008,97788
422,2,3,Tataouine,Tataouine,villa,0,1,False,True,False,2002,1267377
395,5,1,Monastir,Monastir,apartment,7,1,True,False,False,1993,728301
397,5,3,Sousse,Sousse,house,0,4,False,True,False,1994,566120
482,7,4,Sousse,Sousse,apartment,2,1,True,False,False,2004,1138117
156,2,1,Gafsa,Gafsa,villa,0,5,True,True,False,2015,483631
425,3,1,Tataouine,Tataouine,villa,0,5,False,False,True,2000,903006
148,5,1,Kairouan,Kairouan,villa,0,1,False,False,False,1990,288138
273,3,4,Sfax,Sfax,house,0,5,False,True,False,2001,473777
369,4,3,Bizerte,Bizerte,villa,0,9,False,True,False,1996,663402
205,4,3,Sfax,Sfax,apartment,7,5,False,False,False,1992,240424
83,2,2,Bizerte,Bizerte,apartment,4,8,True,False,False,2011,66861
474,2,3,Kairouan,Kairouan,villa,0,8,False,True,False,1996,1753155
324,1,2,Nabeul,Nabeul,house,0,2,False,True,False,1992,1135875
64,5,2,Tataouine,Tataouine,villa,0,8,False,True,False,2007,248675
162,7,4,Monastir,Monastir,house,0,1,True,False,False,1998,278800
284,3,2,Gabès,Gabès,villa,0,7,False,False,False,2018,646974
133,6,1,Sfax,Sfax,apartment,9,6,True,False,False,1995,234165
247,4,1,Sousse,Sousse,house,0,3,True,False,False,1995,744033
264,7,1,Nabeul,Nabeul,house,0,9,True,False,False,1993,483026
409,6,4,Gafsa,Gafsa,apartment,5,8,False,False,False,1995,782989
447,6,2,Hammamet,Hammamet,villa,0,3,True,False,False,1995,2170537
261,1,4,Lac 2,Tunis,house,0,6,False,False,False,2017,1332770
462,6,1,Carthage,Tunis,house,0,4,False,True,False,2006,3239876
103,3,1,Gabès,Gabès,villa,0,7,True,True,False,2012,271525
277,4,2,Gafsa,Gafsa,villa,0,7,False,True,True,1990,520203
342,1,3,Kairouan,Kairouan,apartment,8,3,False,False,False,2018,641318
214,4,4,Gafsa,Gafsa,apartment,9,9,True,False,False,2001,277010
376,7,3,Centre Ville,Tunis,house,0,4,False,True,False,2020,891204
152,2,4,Kairouan,Kairouan,villa,0,7,True,False,True,2015,379439
142,3,1,Bizerte,Bizerte,house,0,5,False,False,False,1995,226245
73,2,3,Tataouine,Tataouine,house,0,4,True,False,False,1995,84419
235,4,3,Sfax,Sfax,house,0,5,True,False,False,2017,616144
62,2,4,Bizerte,Bizerte,apartment,9,9,True,False,False,2021,117648
182,3,2,Bizerte,Bizerte,apartment,9,8,False,False,False,2018,337646
215,6,2,Monastir,Monastir,villa,0,2,False,True,True,1997,436529
104,6,2,La Marsa,Tunis,apartment,9,1,True,False,False,2013,446846
321,2,4,Gabès,Gabès,house,0,2,False,False,False,2010,685373
203,1,2,Hammamet,Hammamet,villa,0,4,False,True,False,1993,506444
452,6,1,Kairouan,Kairouan,apartment,7,2,False,False,False,2007,792265
235,7,1,Lac 2,Tunis,apartment,0,3,True,False,False,2011,464877
272,4,2,Nabeul,Nabeul,apartment,9,1,False,False,False,1998,597312
268,4,3,Hammamet,Hammamet,house,0,1,False,False,False,1998,379198
441,3,4,Kairouan,Kairouan,house,0,5,True,True,False,2009,830615
58,7,4,Soukra,Tunis,villa,0,2,True,False,False,1993,199289
136,3,4,Kairouan,Kairouan,house,0,8,False,True,False,2016,292653
189,4,4,Bizerte,Bizerte,house,0,9,False,False,False,1995,270859
472,6,4,Tataouine,Tataouine,house,0,5,True,False,False,1995,989614
121,1,4,La Marsa,Tunis,apartment,2,2,True,False,False,2013,208362
164,2,3,Hammamet,Hammamet,house,0,3,True,True,False,2012,292540
456,6,3,Monastir,Monastir,apartment,9,2,True,False,False,2006,321753
419,4,1,Kairouan,Kairouan,villa,0,9,True,True,False,2000,1681573
259,2,4,Gabès,Gabès,apartment,1,8,True,False,False,2018,384428
331,4,4,Gafsa,Gafsa,villa,0,4,False,True,False,1997,661147
318,7,4,Sousse,Sousse,apartment,0,3,True,False,False,2015,476408
386,4,1,Gabès,Gabès,apartment,6,1,True,False,False,2011,466581
423,4,2,Carthage,Tunis,house,0,6,False,False,False,2019,1523223
105,7,2,Nabeul,Nabeul,apartment,5,6,False,False,False,2015,133182
97,2,3,Soukra,Tunis,villa,0,9,False,False,False,2002,384731
87,3,1,Gafsa,Gafsa,apartment,6,1,True,False,False,1998,137463
412,2,1,Sousse,Sousse,house,0,1,True,True,False,1995,1079364
144,4,1,Tataouine,Tataouine,villa,0,3,True,False,True,2007,656384
209,3,3,Nabeul,Nabeul,apartment,4,6,True,False,False,2001,562757
480,6,2,Sfax,Sfax,villa,0,1,True,True,True,1996,2223046
166,1,4,Kairouan,Kairouan,apartment,1,5,True,False,False,1991,175833
387,4,3,Hammamet,Hammamet,villa,0,9,True,True,False,1993,1958974
380,6,4,Nabeul,Nabeul,apartment,3,1,True,False,False,2019,793371
143,3,2,Tataouine,Tataouine,house,0,1,False,False,False,2023,264275
216,5,4,Hammamet,Hammamet,house,0,9,True,False,False,2007,554417
122,6,2,Hammamet,Hammamet,villa,0,8,True,False,True,2012,740272
265,5,4,Nabeul,Nabeul,house,0,9,True,True,False,2018,767305
439,2,2,Monastir,Monastir,apartment,0,2,False,False,False,2012,503620
196,4,4,Bizerte,Bizerte,villa,0,4,True,True,False,2023,321423
386,4,2,Sfax,Sfax,villa,0,5,True,True,False,1991,1192185
487,4,2,Gafsa,Gafsa,house,0,6,True,True,False,1991,1270001
195,4,3,Bizerte,Bizerte,villa,0,3,False,True,False,2004,654207
308,3,3,Kairouan,Kairouan,apartment,2,2,False,False,False,2019,506105
388,5,3,Bizerte,Bizerte,house,0,2,True,False,False,2013,671558
373,4,4,Tataouine,Tataouine,house,0,1,True,True,False,2002,1102197
327,5,2,Gafsa,Gafsa,apartment,8,4,False,False,False,2006,541250
214,3,4,Nabeul,Nabeul,apartment,7,2,False,False,False,1997,363115
242,5,2,Gabès,Gabès,villa,0,7,False,True,True,2016,930873
476,3,2,Sousse,Sousse,apartment,0,7,True,False,False,2011,584766
465,2,4,Monastir,Monastir,apartment,5,7,False,False,False,2000,912516
488,5,1,Gabès,Gabès,house,0,3,True,True,False,2011,539290
112,1,1,Sousse,Sousse,villa,0,4,False,False,False,1998,432069
78,3,1,Lac 2,Tunis,house,0,4,True,False,False,1990,307059
401,4,1,Monastir,Monastir,villa,0,5,False,True,True,1999,1276592
350,5,2,Nabeul,Nabeul,villa,0,4,False,True,True,2007,1775133
411,5,2,Bizerte,Bizerte,villa,0,3,False,True,False,2022,1085908
244,1,3,Sfax,Sfax,apartment,5,5,True,False,False,2001,180364
268,2,1,Bizerte,Bizerte,villa,0,9,True,True,False,2017,775583
86,5,1,Gafsa,Gafsa,apartment,4,8,True,False,False,2008,65160
488,1,3,Sousse,Sousse,apartment,5,9,False,False,False,2016,1086288
283,3,1,Gabès,Gabès,house,0,3,True,False,False,2006,691313
303,2,1,La Marsa,Tunis,villa,0,7,True,False,True,2005,2063673
487,4,3,Ariana,Tunis,apartment,8,4,False,False,False,2010,1377723
149,2,3,Kairouan,Kairouan,house,0,7,True,True,False,2017,355272
466,2,4,Hammamet,Hammamet,house,0,8,False,False,False,1997,1136238
91,2,2,Monastir,Monastir,house,0,7,True,True,False,1990,252504
269,3,4,Gafsa,Gafsa,villa,0,9,False,False,False,2013,750703
217,3,2,Lac 2,Tunis,villa,0,4,True,True,False,2013,1664717
251,4,4,Gafsa,Gafsa,apartment,6,8,True,False,False,2018,473546
340,1,4,Hammamet,Hammamet,house,0,7,False,True,False,2022,1203636
340,3,1,Lac 1,Tunis,apartment,5,2,False,False,False,1996,853400
496,5,1,Monastir,Monastir,house,0,6,True,False,False,1999,1301541
74,5,1,Tataouine,Tataouine,apartment,0,8,False,False,False,1997,97916
440,1,3,Hammamet,Hammamet,house,0,3,False,True,False,2016,1525935
91,7,4,Tataouine,Tataouine,villa,0,9,False,False,True,1993,148035
159,6,1,Gabès,Gabès,house,0,9,False,True,False,2020,428728
326,7,3,Monastir,Monastir,villa,0,5,True,False,True,2015,583114
258,6,3,Gafsa,Gafsa,villa,0,2,True,True,False,1997,347575
301,3,4,Sfax,Sfax,villa,0,6,True,True,True,2019,603951
275,4,4,Carthage,Tunis,apartment,1,9,False,False,False,2023,1361800
174,6,1,Gafsa,Gafsa,house,0,4,True,False,False,1995,278171
396,2,3,Gabès,Gabès,villa,0,7,False,False,True,2020,1733187
333,2,4,Hammamet,Hammamet,house,0,1,False,True,False,2023,650856
190,7,1,Sfax,Sfax,house,0,8,True,True,False,2006,320203
498,2,1,Nabeul,Nabeul,villa,0,8,True,True,True,2018,3571060
387,7,4,Gafsa,Gafsa,apartment,8,5,True,False,False,2019,364739
402,7,4,Lac 1,Tunis,apartment,5,5,False,False,False,2018,1818648
86,3,4,Tataouine,Tataouine,apartment,4,7,False,False,False,2003,151153
347,2,1,Sfax,Sfax,villa,0,9,False,True,False,1991,622751
120,1,4,Tataouine,Tataouine,villa,0,4,False,False,True,1997,216328
318,7,2,Sfax,Sfax,apartment,0,6,False,False,False,2008,437568
436,1,1,Monastir,Monastir,villa,0,8,False,False,False,2004,1466634
217,7,4,Monastir,Monastir,house,0,6,False,False,False,2005,393811
309,4,2,Hammamet,Hammamet,villa,0,4,True,True,False,2019,1285078
321,6,4,Sousse,Sousse,apartment,9,9,False,False,False,2000,567399
257,7,3,Tataouine,Tataouine,apartment,3,1,True,False,False,2020,348646
404,2,2,Lac 2,Tunis,apartment,6,6,False,False,False,2022,838704
61,5,4,Bizerte,Bizerte,house,0,9,False,False,False,1990,140329
376,2,2,Sfax,Sfax,villa,0,8,False,True,False,2013,720061
59,5,4,Gafsa,Gafsa,villa,0,6,False,False,False,2011,124551
131,5,2,Sousse,Sousse,villa,0,9,True,False,False,2020,680971
417,6,3,Sousse,Sousse,house,0,6,False,True,False,2009,1252966
406,6,2,Tataouine,Tataouine,house,0,5,False,False,False,2009,691629
368,5,3,Nabeul,Nabeul,apartment,8,8,False,False,False,2004,915436
267,3,1,Centre Ville,Tunis,villa,0,8,True,False,True,2008,1520324
66,5,1,Monastir,Monastir,apartment,3,8,False,False,False,2011,79886
262,1,2,Nabeul,Nabeul,villa,0,3,True,False,False,2011,985804
364,4,4,Tataouine,Tataouine,villa,0,5,True,False,False,2008,519547
99,4,3,Gafsa,Gafsa,house,0,2,True,False,False,2017,267459
427,6,1,Monastir,Monastir,villa,0,8,True,True,True,2005,1590746
221,1,3,Sfax,Sfax,house,0,7,False,False,False,2016,540583
99,1,2,Gabès,Gabès,house,0,7,False,True,False,2004,114615
66,5,2,Bizerte,Bizerte,house,0,3,False,False,False,2009,130896
456,5,1,Sfax,Sfax,house,0,7,True,True,False,2007,558702
380,3,4,Ariana,Tunis,villa,0,8,False,True,True,2016,3147101
72,5,2,Hammamet,Hammamet,villa,0,6,True,False,True,1993,187659
278,7,3,Hammamet,Hammamet,house,0,4,True,True,False,2003,426266
133,7,4,Nabeul,Nabeul,house,0,5,False,False,False,2010,177395
340,4,3,Kairouan,Kairouan,apartment,0,5,False,False,False,2023,219504
173,6,1,Hammamet,Hammamet,house,0,3,True,False,False,2019,542944
434,6,4,Kairouan,Kairouan,house,0,8,True,False,False,1994,777241
60,7,3,Kairouan,Kairouan,house,0,1,False,True,False,2002,69189
264,3,3,Kairouan,Kairouan,house,0,9,True,False,False,2007,467603
323,6,2,Lac 2,Tunis,apartment,9,2,False,False,False,2010,1591098
282,1,2,Gabès,Gabès,villa,0,1,True,True,False,2003,580649
363,6,2,Kairouan,Kairouan,villa,0,3,False,True,True,2015,652558
194,2,2,Centre Ville,Tunis,apartment,9,2,True,False,False,2023,553351
260,7,4,Gafsa,Gafsa,apartment,5,4,False,False,False,2023,357136
120,1,2,Sousse,Sousse,apartment,7,7,True,False,False,2007,122925
355,5,4,La Marsa,Tunis,villa,0,5,False,True,False,2004,1858467
307,7,4,Sousse,Sousse,villa,0,2,False,False,False,1993,1556342
492,3,3,Lac 1,Tunis,apartment,3,5,False,False,False,1995,2236632
427,6,1,Monastir,Monastir,villa,0,8,True,False,False,2003,1332567
90,4,3,Monastir,Monastir,villa,0,2,False,False,False,2020,173534
193,3,1,Sousse,Sousse,villa,0,6,False,False,False,1990,666174
71,2,4,Gafsa,Gafsa,house,0,7,True,True,False,2012,92363
421,2,4,Sfax,Sfax,apartment,6,1,False,False,False,1991,645982
115,1,1,Bizerte,Bizerte,villa,0,6,False,False,True,2008,315815
472,3,3,Bizerte,Bizerte,house,0,4,True,False,False,2006,1041671
128,6,1,Nabeul,Nabeul,villa,0,2,True,False,True,1994,780453
72,5,4,Carthage,Tunis,apartment,9,4,False,False,False,2001,241632
443,4,3,Gafsa,Gafsa,house,0,2,False,False,False,2013,753737
62,4,1,Lac 2,Tunis,house,0,2,True,True,False,2020,284306
437,1,2,Gafsa,Gafsa,apartment,9,9,False,False,False,1998,816665
231,2,2,Gafsa,Gafsa,house,0,6,True,True,False,2003,286078
136,7,3,Monastir,Monastir,apartment,1,4,True,False,False,1990,98589
381,3,4,Sfax,Sfax,apartment,6,4,False,False,False,2014,552602
106,5,4,Tataouine,Tataouine,apartment,5,6,True,False,False,1992,82362
256,3,2,Lac 1,Tunis,house,0,7,False,True,False,2006,1424051
147,5,1,Gafsa,Gafsa,house,0,5,False,True,False,2006,305897
367,1,3,Gabès,Gabès,apartment,2,9,False,False,False,2003,529360
396,1,4,Sfax,Sfax,apartment,0,4,True,False,False,2006,275758
426,5,1,Kairouan,Kairouan,apartment,2,7,True,False,False,2019,338158
389,2,1,Bizerte,Bizerte,villa,0,9,True,True,False,2020,918718
321,7,1,Nabeul,Nabeul,villa,0,7,True,True,False,2003,824855
307,4,2,Nabeul,Nabeul,apartment,7,1,False,False,False,2013,870897
347,2,3,Sousse,Sousse,villa,0,2,False,True,False,2017,1717375
100,5,3,Ariana,Tunis,villa,0,9,False,True,False,1994,429759
275,6,4,Lac 1,Tunis,apartment,8,4,False,False,False,1996,543400
352,7,2,Nabeul,Nabeul,house,0,2,False,True,False,1994,739939
299,5,3,Tataouine,Tataouine,apartment,1,6,True,False,False,2017,513873
487,4,4,Bizerte,Bizerte,villa,0,1,True,False,False,2001,1482996
408,1,4,Bizerte,Bizerte,villa,0,7,False,True,True,2011,1131686
379,4,4,Sfax,Sfax,house,0,3,False,True,False,2018,459590
309,3,3,Nabeul,Nabeul,house,0,7,False,True,False,2018,1222742
106,6,3,Tataouine,Tataouine,house,0,2,False,True,False,2022,136543
275,2,4,Kairouan,Kairouan,villa,0,9,False,False,True,2016,476190
419,6,3,Monastir,Monastir,villa,0,1,False,False,True,1997,693381
90,3,2,Hammamet,Hammamet,house,0,7,False,True,False,2012,323088
411,7,1,Centre Ville,Tunis,house,0,7,False,False,False,2017,1517144
362,4,3,Kairouan,Kairouan,villa,0,4,False,False,True,1997,992777
343,4,3,Gafsa,Gafsa,villa,0,9,False,False,True,1991,1503788
432,1,1,Sfax,Sfax,villa,0,3,False,False,True,2021,697911
445,5,3,Tataouine,Tataouine,villa,0,7,False,True,False,1993,683028
371,4,4,Nabeul,Nabeul,apartment,9,2,False,False,False,2023,1025740
453,7,2,Monastir,Monastir,villa,0,6,False,False,True,2015,1834258
50,1,1,Gafsa,Gafsa,apartment,0,7,False,False,False,2000,42040
413,7,2,Kairouan,Kairouan,apartment,6,1,True,False,False,2022,479096
361,7,2,Gabès,Gabès,villa,0,3,True,False,True,1995,913231
293,1,3,Gabès,Gabès,villa,0,1,False,False,False,2017,728655
398,7,1,Sousse,Sousse,apartment,9,1,False,False,False,2008,1141464
474,6,1,Sfax,Sfax,house,0,6,True,False,False,2003,654774
198,7,2,Soukra,Tunis,apartment,6,7,True,False,False,2017,754365
183,3,2,Tataouine,Tataouine,villa,0,6,False,True,False,2015,718882
217,2,3,Monastir,Monastir,apartment,4,6,True,False,False,1996,246989
389,3,1,La Marsa,Tunis,villa,0,4,False,False,False,2008,2279851
143,3,1,Sfax,Sfax,house,0,8,False,True,False,2022,231155
426,2,2,La Marsa,Tunis,apartment,7,7,False,False,False,2009,886932
271,7,2,Bizerte,Bizerte,house,0,9,True,False,False,1993,331147
370,4,4,Hammamet,Hammamet,apartment,9,8,True,False,False,2013,924474
351,4,4,Tataouine,Tataouine,house,0,7,True,True,False,2005,810777
445,4,2,Tataouine,Tataouine,house,0,2,False,False,False,2009,762231
393,3,1,Kairouan,Kairouan,house,0,5,True,False,False,2006,580218
454,5,3,Gafsa,Gafsa,apartment,1,2,False,False,False,2014,834996
225,1,2,Sfax,Sfax,apartment,2,7,False,False,False,2022,158580
447,6,1,Nabeul,Nabeul,apartment,8,8,True,False,False,2019,793576
402,3,3,Hammamet,Hammamet,villa,0,9,False,False,False,2002,1942431
358,4,4,Sousse,Sousse,apartment,2,5,True,False,False,2016,569262
397,3,1,Nabeul,Nabeul,house,0,1,False,False,False,1990,883150
119,3,2,Gafsa,Gafsa,apartment,1,1,False,False,False,2013,97389
379,7,1,Hammamet,Hammamet,villa,0,1,True,True,True,2003,2738630
296,2,4,Tataouine,Tataouine,apartment,5,1,False,False,False,2009,369171
182,4,4,Gafsa,Gafsa,villa,0,1,False,False,False,1991,402030
96,6,3,Sousse,Sousse,apartment,9,9,False,False,False,2019,104716
441,5,2,Hammamet,Hammamet,villa,0,7,False,True,True,1993,3235131
341,5,2,Tataouine,Tataouine,villa,0,1,False,False,False,2015,946234
152,3,1,Monastir,Monastir,apartment,5,1,True,False,False,1996,221780
190,4,3,Gafsa,Gafsa,villa,0,6,False,True,False,2023,501700
486,6,1,Hammamet,Hammamet,villa,0,9,False,False,True,2018,3338026
141,6,4,Ariana,Tunis,villa,0,6,True,False,False,1996,938577
450,5,1,Hammamet,Hammamet,apartment,3,3,False,False,False,2015,908820
286,5,1,Gafsa,Gafsa,house,0,2,False,True,False,2009,583041
259,2,4,Sfax,Sfax,apartment,8,1,True,False,False,1999,325904
458,6,4,Ariana,Tunis,villa,0,1,True,True,False,2008,2963666
456,6,4,Gabès,Gabès,apartment,0,5,True,False,False,2019,460414
337,5,2,Sousse,Sousse,villa,0,4,False,True,True,1990,1051334
220,2,3,Kairouan,Kairouan,house,0,2,False,True,False,1995,307049
111,6,1,Nabeul,Nabeul,apartment,8,2,False,False,False,2006,216716
126,7,1,Sousse,Sousse,house,0,6,True,False,False,1999,296373
202,2,4,Sfax,Sfax,villa,0,1,False,True,True,2004,356892
460,3,2,Tataouine,Tataouine,house,0,3,False,True,False,2004,1216140
293,7,3,Kairouan,Kairouan,house,0,8,True,True,False,1994,294935
225,6,4,Kairouan,Kairouan,house,0,4,False,False,False,2018,251316
237,2,3,Gafsa,Gafsa,house,0,9,True,True,False,2004,298918
261,6,1,Nabeul,Nabeul,apartment,2,6,True,False,False,2000,424558
344,1,2,Nabeul,Nabeul,house,0,4,False,False,False,2017,616599
491,6,3,Gabès,Gabès,villa,0,2,True,False,False,1998,619154
178,6,4,Tataouine,Tataouine,villa,0,9,False,True,False,1996,689372
449,2,2,Tataouine,Tataouine,villa,0,1,False,True,False,1995,1613037
198,2,4,Sousse,Sousse,apartment,5,2,False,False,False,2016,314820
456,7,2,Sousse,Sousse,apartment,9,5,True,False,False,2019,1208874
102,3,3,Sousse,Sousse,house,0,7,False,True,False,1993,415175
58,4,3,Gafsa,Gafsa,villa,0,6,True,True,False,1995,152126
200,5,2,Sousse,Sousse,apartment,2,3,False,False,False,1996,536160
239,2,1,Kairouan,Kairouan,apartment,3,8,False,False,False,2009,278387
54,7,1,Monastir,Monastir,house,0,9,True,True,False,1997,84908
56,5,4,Soukra,Tunis,house,0,7,False,False,False,1992,178651
54,1,1,Hammamet,Hammamet,apartment,9,8,False,False,False,2001,157269
373,4,4,Hammamet,Hammamet,villa,0,9,False,False,True,1992,2037161
208,5,4,Nabeul,Nabeul,house,0,7,True,False,False,1993,783959
170,6,2,Sousse,Sousse,villa,0,6,True,False,True,2016,748333
327,1,4,Monastir,Monastir,house,0,6,False,False,False,2009,800208
247,1,4,Tataouine,Tataouine,house,0,1,False,True,False,2011,393617
59,4,4,Bizerte,Bizerte,villa,0,4,True,False,False,1994,153526
277,3,2,Sfax,Sfax,villa,0,5,True,False,True,2015,480223
55,7,3,Monastir,Monastir,apartment,4,7,True,False,False,1999,91938
127,4,2,Nabeul,Nabeul,house,0,4,False,False,False,2011,220309
401,3,2,Bizerte,Bizerte,apartment,3,6,True,False,False,2018,647406
241,5,4,Hammamet,Hammamet,house,0,3,True,True,False,2004,619217
301,4,1,Sousse,Sousse,house,0,4,True,False,False,1995,1023546
128,4,2,Monastir,Monastir,apartment,1,4,False,False,False,2004,115814
345,4,1,Kairouan,Kairouan,apartment,6,6,False,False,False,1997,641148
155,3,2,Gabès,Gabès,villa,0,4,True,False,True,2014,758013
122,5,2,Bizerte,Bizerte,villa,0,2,True,False,True,2010,510301
57,2,3,Hammamet,Hammamet,apartment,1,5,True,False,False,2021,160804
199,6,1,Sousse,Sousse,apartment,4,6,False,False,False,2023,590552
114,1,4,Hammamet,Hammamet,apartment,2,3,False,False,False,2002,300549
53,4,3,Tataouine,Tataouine,apartment,5,2,True,False,False,2007,75105
139,1,4,Nabeul,Nabeul,house,0,1,True,False,False,2014,252043
194,3,3,Gafsa,Gafsa,villa,0,7,False,True,False,2011,616743
168,1,3,Sousse,Sousse,apartment,8,4,False,False,False,2017,172972
318,6,2,Gafsa,Gafsa,house,0,3,True,True,False,2010,736078
370,2,1,Sousse,Sousse,house,0,7,True,False,False,2002,921211
414,5,1,Sfax,Sfax,house,0,5,True,False,False,1999,567370
464,6,3,Bizerte,Bizerte,villa,0,7,True,False,True,2008,2140554
422,7,2,Sfax,Sfax,apartment,9,4,False,False,False,2007,763651
244,1,3,Gabès,Gabès,house,0,6,True,True,False,1990,659165
398,7,1,Nabeul,Nabeul,villa,0,3,False,True,False,2019,1999099
112,7,2,Gafsa,Gafsa,house,0,2,False,True,False,2021,176816
487,4,2,Lac 2,Tunis,villa,0,1,True,False,False,1993,2203509
320,4,4,Nabeul,Nabeul,house,0,4,False,True,False,1993,1010929
457,3,1,Gabès,Gabès,house,0,9,False,True,False,1994,761731
94,6,4,Gafsa,Gafsa,villa,0,3,True,True,False,1995,339259
252,1,4,Tataouine,Tataouine,apartment,2,7,True,False,False,2010,453418
400,2,3,Gabès,Gabès,house,0,5,True,False,False,2014,1060113
341,1,2,Nabeul,Nabeul,apartment,4,1,False,False,False,2006,402243
339,1,3,Monastir,Monastir,house,0,3,True,True,False,1998,750482
480,3,1,Gafsa,Gafsa,villa,0,4,True,True,False,2002,719300
189,5,1,Kairouan,Kairouan,villa,0,5,False,True,False,2004,579591
302,5,1,Lac 1,Tunis,house,0,9,True,True,False,2013,2209223
294,7,2,Lac 2,Tunis,house,0,2,True,False,False,2003,1844420
117,7,2,Gabès,Gabès,apartment,5,5,False,False,False,2016,118029
350,2,4,Tataouine,Tataouine,apartment,8,2,True,False,False,2009,676200
491,3,2,Gabès,Gabès,house,0,6,True,False,False,1990,671287
487,1,2,Bizerte,Bizerte,villa,0,9,True,True,True,1998,1075084
260,5,4,Sfax,Sfax,house,0,8,False,False,False,1997,635710
163,7,1,Sfax,Sfax,villa,0,5,False,True,True,2023,694123
287,2,1,Sfax,Sfax,house,0,5,True,True,False,2004,307512
432,1,3,Sfax,Sfax,villa,0,7,True,True,True,1990,1663548
120,5,4,Gafsa,Gafsa,villa,0,2,False,False,False,2021,276480
220,5,4,Kairouan,Kairouan,house,0,9,False,True,False,1992,253693
337,7,1,Sousse,Sousse,villa,0,9,True,True,True,1990,2474488
418,2,4,Sfax,Sfax,villa,0,5,True,False,True,2010,1344171
245,1,1,Tataouine,Tataouine,villa,0,8,True,True,True,2014,1232150
312,5,2,Hammamet,Hammamet,apartment,0,6,True,False,False,1991,415920
300,5,3,Gafsa,Gafsa,villa,0,9,False,True,True,2022,763551
315,6,3,Gafsa,Gafsa,villa,0,9,False,True,True,1990,920431
406,1,2,Monastir,Monastir,villa,0,2,True,True,True,1994,1252673
279,5,2,Gabès,Gabès,apartment,8,8,True,False,False,2014,516060
215,5,1,Monastir,Monastir,apartment,1,4,False,False,False,2023,233060
121,4,4,Gabès,Gabès,villa,0,4,False,False,False,1998,358237
317,6,2,Nabeul,Nabeul,apartment,2,6,False,False,False,2012,639832
117,6,1,Hammamet,Hammamet,house,0,9,False,False,False,1998,434580
192,6,4,Tataouine,Tataouine,villa,0,5,True,False,False,1997,370137
433,2,2,Sfax,Sfax,house,0,1,True,True,False,2020,1016833
353,6,3,Hammamet,Hammamet,villa,0,9,True,True,False,1996,2140014
365,3,2,Tataouine,Tataouine,house,0,4,False,True,False,2005,1043482
68,2,4,Gabès,Gabès,house,0,2,False,False,False,1996,114142
226,6,3,Sfax,Sfax,villa,0,1,False,True,True,2003,409533
209,4,4,Sfax,Sfax,apartment,3,5,True,False,False,1991,405543
309,6,2,Tataouine,Tataouine,house,0,1,False,False,False,1990,452474
113,7,1,Sfax,Sfax,villa,0,6,True,False,False,1996,154282
201,2,4,Sousse,Sousse,house,0,4,True,False,False,2014,809267
52,4,3,Sfax,Sfax,house,0,4,True,True,False,2002,53717
263,1,3,Nabeul,Nabeul,villa,0,8,False,False,False,2022,1370777
73,6,4,Centre Ville,Tunis,house,0,3,True,False,False,2012,158585
452,4,2,Bizerte,Bizerte,apartment,0,7,True,False,False,2010,716835
418,6,4,Sfax,Sfax,villa,0,8,True,True,False,2007,1309094
94,7,3,Gafsa,Gafsa,house,0,8,True,False,False,1992,198315
117,3,3,Hammamet,Hammamet,house,0,2,False,True,False,1995,289713
354,6,3,Hammamet,Hammamet,villa,0,2,False,False,False,2011,1695206
162,5,3,Gafsa,Gafsa,villa,0,4,True,True,True,2008,580397
312,5,3,Sousse,Sousse,villa,0,8,False,True,True,2000,1463868
261,3,3,Monastir,Monastir,apartment,6,9,True,False,False,1992,228667
249,6,1,Gabès,Gabès,villa,0,8,True,False,True,2003,551592
252,2,2,Gabès,Gabès,house,0,7,True,True,False,2022,575739
214,6,3,Hammamet,Hammamet,villa,0,9,False,True,False,1997,789136
373,4,2,Bizerte,Bizerte,apartment,2,3,False,False,False,1998,326449
371,1,4,Sfax,Sfax,house,0,6,True,True,False,2017,890844
147,5,4,Gafsa,Gafsa,house,0,3,False,True,False,2005,217104
84,3,3,Gafsa,Gafsa,apartment,6,5,True,False,False,1997,100054
156,2,3,Hammamet,Hammamet,villa,0,4,False,False,True,1999,972904
151,7,1,Sousse,Sousse,villa,0,5,True,False,True,1995,1039116
271,3,4,Nabeul,Nabeul,villa,0,1,False,True,False,2003,1098486
95,5,1,Gafsa,Gafsa,villa,0,8,False,False,True,1999,303750
416,4,1,Sousse,Sousse,villa,0,4,False,True,True,2011,2177974
427,3,4,Bizerte,Bizerte,apartment,5,6,True,False,False,1996,475609
386,6,2,Bizerte,Bizerte,apartment,8,2,True,False,False,2003,260364
52,3,3,Tataouine,Tataouine,house,0,5,True,True,False,2018,99627
72,6,2,Tataouine,Tataouine,villa,0,7,False,False,True,2011,219832
92,4,3,Sousse,Sousse,apartment,9,8,True,False,False,2004,105487
72,4,1,Bizerte,Bizerte,villa,0,3,False,True,False,2000,156359
471,3,3,Tataouine,Tataouine,house,0,6,True,False,False,1998,827045
343,5,1,Nabeul,Nabeul,apartment,2,3,False,False,False,2001,770103
156,5,3,Hammamet,Hammamet,villa,0,9,False,False,True,2017,867773
63,7,1,Bizerte,Bizerte,apartment,9,6,True,False,False,2004,75463
378,2,1,Nabeul,Nabeul,villa,0,9,True,True,False,1992,1471133
193,5,2,Monastir,Monastir,apartment,0,8,False,False,False,2011,340143
250,6,1,Kairouan,Kairouan,villa,0,2,True,False,False,2009,786996
213,1,2,Gafsa,Gafsa,villa,0,4,False,False,False,1999,746863
70,1,1,Lac 2,Tunis,villa,0,8,False,True,True,1998,512792
268,1,3,Sfax,Sfax,apartment,3,5,True,False,False,2005,531958
55,5,2,Sousse,Sousse,villa,0,6,True,True,True,1991,252583
473,7,3,Sousse,Sousse,apartment,8,4,False,False,False,2004,1417297
325,6,4,Gafsa,Gafsa,villa,0,3,False,False,True,1991,1217408
191,5,1,Kairouan,Kairouan,house,0,6,False,False,False,1997,217312
280,4,1,Bizerte,Bizerte,house,0,7,False,True,False,2016,736095
88,1,1,Bizerte,Bizerte,villa,0,3,True,True,False,2022,153240
99,7,2,Sfax,Sfax,apartment,0,6,True,False,False,2008,90062
200,4,1,Sfax,Sfax,house,0,7,True,False,False,2009,327600
160,1,1,Nabeul,Nabeul,house,0,7,True,True,False,1996,276179
109,3,1,La Marsa,Tunis,apartment,7,1,False,False,False,2015,475022
359,7,1,Gafsa,Gafsa,house,0,3,True,True,False,2017,457535
339,4,4,Soukra,Tunis,villa,0,9,True,False,False,2018,862075
61,7,3,Tataouine,Tataouine,apartment,0,5,True,False,False,1996,54211
453,5,3,Tataouine,Tataouine,apartment,5,3,False,False,False,2012,834969
307,4,1,Gafsa,Gafsa,apartment,9,4,False,False,False,2019,383136
405,4,4,Bizerte,Bizerte,house,0,2,False,True,False,1997,695443
261,5,4,Kairouan,Kairouan,house,0,8,False,False,False,2019,539351
438,5,2,Gafsa,Gafsa,house,0,7,False,False,False,2008,712888
123,3,3,Sfax,Sfax,apartment,8,1,True,False,False,2020,159629
477,5,4,Sousse,Sousse,apartment,9,3,True,False,False,2008,1361310
162,2,2,Gafsa,Gafsa,house,0,5,False,False,False,1997,399634
96,4,1,Sousse,Sousse,apartment,0,5,True,False,False,2022,181681
391,7,2,Monastir,Monastir,house,0,9,True,False,False,2018,633626
421,6,4,Ariana,Tunis,villa,0,3,False,False,True,2019,2018551
285,7,2,Tataouine,Tataouine,house,0,2,True,False,False,2017,431039
466,2,2,Gabès,Gabès,villa,0,9,True,True,True,2006,1836793
188,7,1,Sfax,Sfax,villa,0,1,True,True,False,1999,378032
183,1,4,Monastir,Monastir,house,0,7,True,True,False,2015,514158
111,4,4,Nabeul,Nabeul,apartment,0,8,True,False,False,2000,240279
338,7,3,Sousse,Sousse,villa,0,6,True,False,True,1994,2236278
50,6,1,Tataouine,Tataouine,villa,0,4,True,True,True,2019,205837
493,7,4,Ariana,Tunis,villa,0,4,True,True,True,2008,2412366
376,6,1,Lac 2,Tunis,apartment,4,9,True,False,False,2011,933307
307,3,4,Kairouan,Kairouan,house,0,5,True,False,False,2001,319487
64,3,1,Gabès,Gabès,house,0,7,True,True,False,2014,143298
77,7,3,Tataouine,Tataouine,house,0,5,True,True,False,2018,79543
152,1,3,Gabès,Gabès,apartment,2,9,False,False,False,1990,147744
414,5,2,Kairouan,Kairouan,villa,0,1,True,True,True,2008,1684642
250,3,3,Monastir,Monastir,villa,0,6,True,True,True,2020,1090269
155,7,1,Gabès,Gabès,apartment,1,7,False,False,False,2006,174344
499,5,2,Gafsa,Gafsa,apartment,3,1,True,False,False,2003,663530
360,1,1,Gabès,Gabès,apartment,7,9,True,False,False,2023,584236
466,6,2,Kairouan,Kairouan,apartment,6,2,False,False,False,2010,393304
438,7,4,Hammamet,Hammamet,house,0,1,False,True,False,2013,1109373
157,3,1,Gafsa,Gafsa,apartment,8,3,True,False,False,1996,136759
475,4,4,Tataouine,Tataouine,house,0,8,True,False,False,2021,1143733
199,2,3,Gafsa,Gafsa,apartment,5,6,True,False,False,2003,170336
408,4,3,Nabeul,Nabeul,apartment,0,1,False,False,False,2005,472953
365,4,2,Hammamet,Hammamet,house,0,6,False,False,False,2014,738511
197,4,3,Gabès,Gabès,villa,0,1,True,False,False,2019,665428
357,2,4,Gafsa,Gafsa,villa,0,5,False,True,True,1998,1609944
393,1,3,Kairouan,Kairouan,house,0,7,True,False,False,2019,911527
435,4,1,Hammamet,Hammamet,villa,0,3,False,True,True,2007,2501835
285,6,4,Monastir,Monastir,apartment,9,4,True,False,False,2016,240836
192,3,2,Nabeul,Nabeul,house,0,6,True,True,False,2009,431394
275,7,1,Gafsa,Gafsa,apartment,2,6,False,False,False,1990,285560
125,5,4,Gabès,Gabès,house,0,7,True,False,False,2009,326917
217,3,2,Gabès,Gabès,house,0,6,False,True,False,1998,620371
417,7,2,Nabeul,Nabeul,house,0,1,False,False,False,2000,967973
419,4,4,Bizerte,Bizerte,house,0,6,True,True,False,2009,812330
151,2,1,Tataouine,Tataouine,house,0,3,True,False,False,2012,200343
194,4,2,Nabeul,Nabeul,villa,0,5,True,True,True,2012,1199233
106,1,4,Monastir,Monastir,apartment,0,2,True,False,False,2006,89218
86,6,1,Gafsa,Gafsa,house,0,7,False,False,False,2015,214566
323,5,3,Soukra,Tunis,villa,0,2,False,False,True,2023,1554343
103,5,1,Hammamet,Hammamet,house,0,1,False,True,False,2006,366398
129,5,3,Hammamet,Hammamet,house,0,8,True,True,False,2006,542264
356,1,1,Sousse,Sousse,villa,0,6,True,False,True,1999,1746584
459,4,3,Kairouan,Kairouan,apartment,4,5,True,False,False,1991,352401
383,5,1,Gafsa,Gafsa,house,0,1,False,True,False,2002,712873
145,2,4,Gabès,Gabès,villa,0,6,True,False,False,2003,284792
168,6,1,Bizerte,Bizerte,house,0,6,True,True,False,2004,186868
152,6,1,Nabeul,Nabeul,apartment,4,3,False,False,False,1990,161241
408,2,3,Sousse,Sousse,apartment,7,6,True,False,False,2015,1241503
271,3,2,Kairouan,Kairouan,apartment,7,4,False,False,False,1996,452244
449,6,2,Hammamet,Hammamet,villa,0,9,True,False,True,2003,1809677
61,5,3,Hammamet,Hammamet,villa,0,8,True,True,False,1998,148073
397,3,3,Gafsa,Gafsa,house,0,3,False,True,False,2017,888806
212,6,1,Sfax,Sfax,apartment,7,9,False,False,False,1991,296121
80,6,2,Sousse,Sousse,apartment,6,4,True,False,False,2020,209462
294,2,2,Gabès,Gabès,house,0,8,True,True,False,2007,752568
319,3,4,Carthage,Tunis,house,0,6,True,False,False,2000,1132131
406,4,4,Gafsa,Gafsa,apartment,5,7,False,False,False,1997,643428
277,4,2,Gabès,Gabès,villa,0,5,False,False,False,1992,682084
435,2,1,Bizerte,Bizerte,house,0,8,True,False,False,2019,683078
431,1,1,Sousse,Sousse,house,0,1,True,True,False,2013,842584
266,3,1,Gabès,Gabès,villa,0,3,False,True,False,1990,829204
208,6,1,Monastir,Monastir,apartment,3,4,False,False,False,1994,407014
319,3,3,Kairouan,Kairouan,villa,0,2,True,False,False,1997,1092955
144,2,1,Nabeul,Nabeul,house,0,4,True,True,False,2017,450161
81,4,3,Monastir,Monastir,apartment,4,6,False,False,False,2016,131673
440,1,3,Bizerte,Bizerte,villa,0,6,True,True,False,1998,1470934
85,6,2,Tataouine,Tataouine,villa,0,3,True,False,True,2012,318613
55,3,3,Gabès,Gabès,apartment,7,6,False,False,False,1995,64372
367,2,4,Tataouine,Tataouine,apartment,8,6,False,False,False,2007,502349
277,4,1,Tataouine,Tataouine,house,0,8,True,True,False,2013,477803
291,4,3,Sfax,Sfax,villa,0,1,True,True,False,2005,573045
390,5,3,Gabès,Gabès,villa,0,1,True,False,False,2019,938180
95,2,3,Gafsa,Gafsa,apartment,2,3,False,False,False,1990,103056
96,6,3,Gafsa,Gafsa,house,0,3,True,True,False,1995,221174
182,2,4,Hammamet,Hammamet,villa,0,9,False,True,True,2011,1333447
462,2,2,Monastir,Monastir,villa,0,4,False,True,False,2009,757421
133,3,2,Hammamet,Hammamet,house,0,1,True,True,False,2019,540866
83,5,4,Kairouan,Kairouan,apartment,3,3,False,False,False,2010,117262
107,2,1,Lac 1,Tunis,villa,0,6,False,True,False,2023,1005063
187,2,4,Carthage,Tunis,villa,0,3,False,False,False,1996,754657
350,7,3,Kairouan,Kairouan,house,0,4,True,False,False,2005,504886
290,5,4,Sousse,Sousse,house,0,4,False,False,False,2006,530212
443,2,4,Bizerte,Bizerte,apartment,1,1,True,False,False,1995,879691
382,4,2,Gafsa,Gafsa,house,0,4,True,False,False,2004,873916
358,3,3,Ariana,Tunis,house,0,6,True,True,False,1995,1622286
310,3,2,Gabès,Gabès,apartment,3,2,False,False,False,1992,539152
92,5,2,Nabeul,Nabeul,apartment,9,8,False,False,False,2011,88540
449,6,4,Gabès,Gabès,house,0,4,False,True,False,2005,668780
281,1,2,Sfax,Sfax,villa,0,8,False,True,True,2013,767848
423,3,2,Sfax,Sfax,apartment,6,4,True,False,False,2009,677595
388,1,2,Gafsa,Gafsa,apartment,2,2,True,False,False,2002,537116
492,1,1,Gabès,Gabès,house,0,5,True,False,False,2017,614630
190,6,1,Kairouan,Kairouan,apartment,9,7,False,False,False,1998,359328
215,1,4,Tataouine,Tataouine,villa,0,2,False,True,False,2021,597342
264,7,2,Bizerte,Bizerte,apartment,9,5,False,False,False,2015,321024
212,1,3,Tataouine,Tataouine,villa,0,1,True,False,True,2000,796327
55,4,3,Monastir,Monastir,apartment,9,5,True,False,False,2001,97066
76,5,3,Nabeul,Nabeul,villa,0,9,False,False,True,2007,527757
327,4,4,Carthage,Tunis,house,0,3,True,True,False,2017,2015025
355,3,3,Gafsa,Gafsa,apartment,0,2,False,False,False,2015,316944
335,4,2,Bizerte,Bizerte,house,0,7,False,False,False,1993,349445
265,7,1,Nabeul,Nabeul,apartment,4,1,False,False,False,2004,502440
462,7,1,Gafsa,Gafsa,house,0,4,True,True,False,2004,1000582
153,4,4,Tataouine,Tataouine,apartment,8,6,True,False,False,2012,285571
88,5,3,Gafsa,Gafsa,house,0,9,False,True,False,2019,149296
92,4,1,Sousse,Sousse,apartment,1,8,False,False,False,2012,195960
468,6,2,Gafsa,Gafsa,apartment,6,7,True,False,False,2002,485896
164,2,1,Sousse,Sousse,house,0,7,True,False,False,2009,554725
270,2,2,Sfax,Sfax,house,0,4,True,True,False,1997,509188
239,5,1,Tataouine,Tataouine,villa,0,8,False,False,True,2019,398640
489,2,1,Sousse,Sousse,house,0,1,True,False,False,1999,1368077
490,2,1,Hammamet,Hammamet,apartment,5,1,False,False,False,2005,1021356
491,5,2,Gabès,Gabès,house,0,7,True,True,False,1996,960176
50,2,1,Sfax,Sfax,villa,0,5,True,True,True,2002,89297
445,6,2,Ariana,Tunis,villa,0,5,False,False,False,1991,1082551
242,3,4,Bizerte,Bizerte,villa,0,2,True,True,True,2010,441616
325,3,2,Sfax,Sfax,house,0,1,False,False,False,2013,730418
133,4,4,Centre Ville,Tunis,apartment,9,5,True,False,False,1991,199629
330,2,2,Sfax,Sfax,house,0,7,True,False,False,2011,868467
316,7,4,Nabeul,Nabeul,house,0,4,False,False,False,2022,970638
413,2,4,Gabès,Gabès,apartment,9,6,False,False,False,1992,541195
496,1,4,Hammamet,Hammamet,apartment,6,7,False,False,False,2018,1329081
474,3,3,Nabeul,Nabeul,apartment,0,8,True,False,False,2009,688617
230,4,1,Soukra,Tunis,villa,0,7,True,True,False,1993,1445268
274,5,1,Sousse,Sousse,house,0,9,True,False,False,2014,562810
160,7,3,Nabeul,Nabeul,house,0,1,False,False,False,2022,206668
304,4,3,Hammamet,Hammamet,villa,0,9,True,False,True,2021,1036138
270,6,2,Kairouan,Kairouan,apartment,1,9,False,False,False,2018,193536
379,4,4,Tataouine,Tataouine,apartment,4,7,False,False,False,2001,647938
263,6,2,Gabès,Gabès,house,0,8,True,True,False,2012,612876
171,2,2,Gafsa,Gafsa,house,0,6,False,False,False,2005,441754
123,3,1,Ariana,Tunis,house,0,9,True,True,False,2023,519979
272,3,1,Bizerte,Bizerte,villa,0,5,False,False,False,2000,860520
96,2,4,Hammamet,Hammamet,villa,0,4,True,True,False,2022,490497
91,4,1,Sousse,Sousse,villa,0,3,False,False,True,1990,565227
463,5,2,Tataouine,Tataouine,apartment,4,8,False,False,False,2001,735244
158,6,2,Bizerte,Bizerte,house,0,1,True,False,False,2004,333857
283,2,3,Centre Ville,Tunis,villa,0,6,False,True,True,2019,2176584
306,4,2,Sfax,Sfax,apartment,1,9,True,False,False,2023,484006
68,4,2,Bizerte,Bizerte,house,0,4,False,False,False,1993,130124
297,5,4,Kairouan,Kairouan,apartment,7,6,True,False,False,2019,375467
168,2,3,Nabeul,Nabeul,apartment,8,7,False,False,False,2010,422352
181,3,2,Ariana,Tunis,house,0,8,True,True,False,1995,689756
433,5,3,Monastir,Monastir,house,0,3,True,True,False,2013,485271
495,3,1,Kairouan,Kairouan,villa,0,2,False,False,True,2005,1072122
424,3,1,Gafsa,Gafsa,apartment,2,5,True,False,False,1999,591581
56,5,2,Centre Ville,Tunis,villa,0,4,False,False,False,1993,170402
299,3,2,Lac 1,Tunis,villa,0,9,True,True,True,2017,2240073
378,6,1,Hammamet,Hammamet,house,0,3,False,False,False,1998,940539
397,5,4,Nabeul,Nabeul,house,0,2,False,True,False,1998,953071
101,5,2,Bizerte,Bizerte,apartment,4,4,False,False,False,1998,91223
372,1,1,Nabeul,Nabeul,apartment,6,8,True,False,False,2002,510904
260,6,2,Sfax,Sfax,villa,0,2,False,True,False,2010,367773
248,7,1,Bizerte,Bizerte,apartment,8,1,True,False,False,1993,186863
242,2,2,Tataouine,Tataouine,apartment,2,9,True,False,False,2006,315084
358,3,4,Nabeul,Nabeul,house,0,4,False,True,False,2021,1497117
444,4,3,Sfax,Sfax,house,0,7,True,False,False,1995,879514
239,3,1,Tataouine,Tataouine,apartment,6,5,True,False,False,2015,385659
380,2,2,Hammamet,Hammamet,house,0,8,False,True,False,2010,715983
393,7,3,Bizerte,Bizerte,apartment,1,7,True,False,False,1994,805162
142,1,3,Gafsa,Gafsa,villa,0,8,True,False,False,2021,359199
307,2,3,Tataouine,Tataouine,apartment,6,5,True,False,False,1992,268968
72,2,2,Sfax,Sfax,house,0,1,False,True,False,2022,186728
311,5,1,Nabeul,Nabeul,apartment,9,8,True,False,False,2010,902845
461,6,4,Sousse,Sousse,house,0,2,False,False,False,2011,575328
126,1,2,Sfax,Sfax,house,0,5,True,True,False,2009,207805
62,2,1,Tataouine,Tataouine,house,0,3,False,False,False,2023,136246
463,5,4,Sousse,Sousse,villa,0,2,False,False,False,2021,2420193
107,1,4,Tataouine,Tataouine,villa,0,9,True,True,False,2013,237757
85,6,2,Kairouan,Kairouan,villa,0,9,True,True,False,2018,342685
492,3,2,Kairouan,Kairouan,apartment,6,3,True,False,False,2021,371952
418,3,3,Nabeul,Nabeul,apartment,7,3,False,False,False,1997,1063392
423,7,2,Sousse,Sousse,house,0,8,False,False,False,2012,886218
187,1,3,Gabès,Gabès,villa,0,3,False,True,False,1992,474821
142,1,2,Sfax,Sfax,apartment,1,5,True,False,False,2014,114150
456,1,4,Kairouan,Kairouan,house,0,7,True,False,False,1990,808176
216,7,2,Nabeul,Nabeul,apartment,9,9,True,False,False,2000,513838
252,1,2,Bizerte,Bizerte,villa,0,5,False,False,True,1990,502407
109,5,3,Kairouan,Kairouan,villa,0,8,True,False,True,2017,208251
357,2,2,Soukra,Tunis,house,0,5,False,False,False,2001,886895
430,5,4,Sousse,Sousse,house,0,6,False,False,False,2004,1227564
344,1,3,Hammamet,Hammamet,house,0,3,False,False,False,1996,1328184
63,2,2,Gafsa,Gafsa,villa,0,7,True,True,False,1998,254828
317,6,2,Gabès,Gabès,house,0,6,False,False,False,2007,742769
477,2,1,Monastir,Monastir,apartment,6,4,False,False,False,2005,728474
109,3,4,Sousse,Sousse,villa,0,4,True,True,True,2020,391339
301,1,1,Hammamet,Hammamet,villa,0,4,True,False,True,2009,1892970
474,2,4,Bizerte,Bizerte,apartment,5,6,True,False,False,2012,643028
162,1,3,Soukra,Tunis,house,0,9,True,True,False,2019,308675
234,1,3,Gafsa,Gafsa,apartment,5,9,True,False,False,1993,406092
377,2,4,Kairouan,Kairouan,apartment,5,9,False,False,False,2014,677695
281,1,4,Gafsa,Gafsa,apartment,6,1,True,False,False,2022,424635
195,6,3,Bizerte,Bizerte,house,0,5,False,True,False,1996,423182
205,7,2,Bizerte,Bizerte,house,0,2,True,True,False,2012,611428
80,6,3,Sousse,Sousse,apartment,1,2,False,False,False,1998,229824
338,4,4,Monastir,Monastir,house,0,3,False,True,False,2009,593154
84,1,1,Hammamet,Hammamet,villa,0,7,True,False,True,2002,461153
268,1,2,Kairouan,Kairouan,villa,0,3,True,False,True,1997,775421
138,5,4,Kairouan,Kairouan,house,0,8,False,False,False,1998,239104
351,4,1,Sfax,Sfax,apartment,2,5,True,False,False,2020,423390
73,6,1,Sfax,Sfax,apartment,0,3,True,False,False,2005,76036
261,4,4,Tataouine,Tataouine,house,0,2,False,False,False,2012,388159
230,7,2,Monastir,Monastir,house,0,2,True,False,False,1994,221271
167,2,1,Gabès,Gabès,house,0,2,False,True,False,2018,166784
232,2,1,Sfax,Sfax,villa,0,2,False,False,True,2005,1051884
399,6,4,Kairouan,Kairouan,apartment,3,4,False,False,False,2005,672554
234,2,2,Sfax,Sfax,villa,0,6,True,False,False,2000,781208
374,7,1,Gafsa,Gafsa,villa,0,9,False,True,False,1991,1189571
439,6,3,Hammamet,Hammamet,house,0,3,False,False,False,2002,1651149
195,6,2,Tataouine,Tataouine,apartment,5,9,False,False,False,1994,353496
416,4,1,Gafsa,Gafsa,house,0,5,False,False,False,1991,754524
250,2,3,Tataouine,Tataouine,villa,0,3,True,False,False,2017,618786
235,4,2,Soukra,Tunis,villa,0,9,False,True,True,2007,926389
157,7,4,Hammamet,Hammamet,villa,0,4,False,False,False,2019,505627
86,7,4,Hammamet,Hammamet,apartment,0,2,True,False,False,2017,128623
403,6,2,Hammamet,Hammamet,villa,0,1,False,True,True,1992,1339390
257,3,2,Gabès,Gabès,villa,0,7,False,False,True,2015,633613
323,1,2,Bizerte,Bizerte,villa,0,6,True,False,False,2014,1163800
329,6,3,Monastir,Monastir,villa,0,8,True,False,False,1998,1069015
82,1,1,Lac 1,Tunis,house,0,7,False,True,False,2007,443946
350,5,1,Tataouine,Tataouine,house,0,6,True,True,False,2019,932491
305,5,4,Sfax,Sfax,villa,0,5,False,True,True,1999,672019
279,2,3,Bizerte,Bizerte,villa,0,3,False,True,False,1999,525903
496,3,3,Kairouan,Kairouan,villa,0,8,False,True,True,2015,2419609
427,4,4,Hammamet,Hammamet,apartment,6,5,False,False,False,2015,1228222
443,1,1,Gafsa,Gafsa,apartment,3,6,False,False,False,2020,750264
419,1,1,Sousse,Sousse,villa,0,1,True,False,False,2013,1879677
483,7,2,Sfax,Sfax,house,0,1,True,True,False,2018,1060568
60,4,2,Sfax,Sfax,apartment,0,1,False,False,False,2020,68448
266,5,2,Ariana,Tunis,apartment,7,7,False,False,False,2007,867825
143,5,4,Tataouine,Tataouine,apartment,8,7,True,False,False,1992,290810
233,5,4,Hammamet,Hammamet,house,0,6,True,True,False,2000,764910
91,3,3,Monastir,Monastir,villa,0,9,True,False,False,2003,221935
303,3,4,Sousse,Sousse,house,0,4,False,True,False,2021,1180281
75,1,2,Monastir,Monastir,apartment,5,1,False,False,False,2014,50340
195,6,2,Hammamet,Hammamet,apartment,7,8,True,False,False,2022,321621
294,7,3,Nabeul,Nabeul,apartment,1,1,False,False,False,2002,595879
433,1,2,Bizerte,Bizerte,villa,0,1,True,True,False,2023,1077367
287,5,1,Gafsa,Gafsa,house,0,6,False,True,False,1999,586065
452,5,1,Sousse,Sousse,house,0,2,True,True,False,1993,1488748
206,6,4,Gabès,Gabès,apartment,4,1,False,False,False,2017,271920
277,1,1,Soukra,Tunis,apartment,2,4,True,False,False,2021,745593
337,6,1,Kairouan,Kairouan,apartment,2,3,True,False,False,1993,455192
74,1,3,Carthage,Tunis,villa,0,8,True,False,True,1990,477454
59,3,1,Gabès,Gabès,house,0,6,False,False,False,2023,66330
344,4,4,La Marsa,Tunis,house,0,1,True,False,False,2008,2338408
291,4,4,Centre Ville,Tunis,house,0,3,False,True,False,1993,927553
160,3,2,Monastir,Monastir,apartment,1,3,True,False,False,2007,133996
211,1,4,Sfax,Sfax,apartment,7,4,False,False,False,2009,314980
131,3,4,Bizerte,Bizerte,house,0,5,False,False,False,1996,303678
467,3,1,Nabeul,Nabeul,villa,0,4,False,False,False,2021,1540315
173,6,2,Centre Ville,Tunis,villa,0,7,True,False,True,1996,578295
317,4,1,Gabès,Gabès,villa,0,7,True,True,False,1995,442349
396,5,1,Gabès,Gabès,villa,0,8,True,True,True,1999,844228
479,1,1,Soukra,Tunis,house,0,3,False,False,False,2001,1473930
167,5,4,Gabès,Gabès,apartment,7,1,False,False,False,2001,107414
383,4,4,Kairouan,Kairouan,house,0,1,False,True,False,2011,868417
459,5,3,Nabeul,Nabeul,house,0,3,False,True,False,2000,683674
241,6,4,Monastir,Monastir,apartment,9,6,False,False,False,2007,190679
288,7,3,Gabès,Gabès,villa,0,2,True,True,True,1992,697426
322,2,3,Bizerte,Bizerte,apartment,5,9,True,False,False,2000,444939
333,7,2,Gafsa,Gafsa,villa,0,4,True,True,True,2000,1111678
491,5,4,Bizerte,Bizerte,villa,0,4,True,False,True,1993,1327025
225,6,2,Monastir,Monastir,apartment,2,2,True,False,False,2014,390285
346,4,4,Bizerte,Bizerte,apartment,7,7,False,False,False,2010,503776
180,2,3,Gafsa,Gafsa,apartment,7,2,True,False,False,2013,201398
458,4,4,Kairouan,Kairouan,house,0,7,True,True,False,2013,591960
243,7,3,Sousse,Sousse,apartment,9,2,True,False,False,2021,665329
305,6,4,Nabeul,Nabeul,villa,0,4,True,True,True,2002,1382885
299,7,4,Sousse,Sousse,apartment,0,6,False,False,False,2021,857173
499,2,1,Nabeul,Nabeul,villa,0,3,False,False,True,2012,1523095
448,7,1,Kairouan,Kairouan,house,0,8,True,False,False,1997,822372
482,6,3,Sfax,Sfax,apartment,5,7,True,False,False,2023,375728
59,6,4,Gabès,Gabès,house,0,7,True,True,False,2007,80721
218,4,4,Sousse,Sousse,villa,0,6,True,False,False,2000,795033
482,6,3,Nabeul,Nabeul,house,0,4,False,False,False,1992,1049680
299,3,4,Gafsa,Gafsa,apartment,9,6,True,False,False,2006,579928
248,5,2,Bizerte,Bizerte,house,0,3,False,False,False,2016,501396
94,2,2,Tataouine,Tataouine,villa,0,4,True,False,True,2010,200102
259,7,1,Hammamet,Hammamet,house,0,1,True,True,False,2015,679465
489,4,1,Nabeul,Nabeul,apartment,3,9,False,False,False,1994,688316
311,2,4,Gafsa,Gafsa,house,0,3,False,True,False,1999,515531
155,5,4,Sousse,Sousse,house,0,8,False,False,False,1993,382044
171,2,4,Sfax,Sfax,apartment,2,6,True,False,False,2015,215603
314,6,4,Nabeul,Nabeul,villa,0,8,False,False,False,1992,1313072
388,6,3,Monastir,Monastir,apartment,5,3,True,False,False,2004,445858
343,5,4,Tataouine,Tataouine,villa,0,3,True,False,False,2012,557512
283,2,2,Tataouine,Tataouine,apartment,7,4,False,False,False,1996,360428
417,2,1,Ariana,Tunis,apartment,6,7,True,False,False,2015,872853
396,5,2,Kairouan,Kairouan,apartment,0,8,True,False,False,2000,444739
311,2,1,Sfax,Sfax,house,0,1,False,True,False,1998,749281
120,5,2,Gabès,Gabès,apartment,2,9,True,False,False,1991,222062
379,1,2,Monastir,Monastir,house,0,1,False,False,False,2007,973181
151,1,2,Nabeul,Nabeul,apartment,3,8,False,False,False,1993,348266
437,1,1,Gafsa,Gafsa,house,0,5,False,False,False,2008,896234
491,6,4,Sousse,Sousse,villa,0,7,True,False,True,1994,1619936
307,3,4,Tataouine,Tataouine,house,0,3,False,False,False,2004,492329
406,7,2,Gafsa,Gafsa,house,0,9,False,False,False,2012,667561
103,4,1,Hammamet,Hammamet,villa,0,1,True,True,False,2005,391356
249,1,2,Monastir,Monastir,house,0,2,True,True,False,2020,348151
234,1,1,Hammamet,Hammamet,villa,0,2,True,True,False,2023,524821
419,1,4,Sfax,Sfax,house,0,7,False,False,False,2017,987432
228,5,1,Nabeul,Nabeul,apartment,8,5,True,False,False,1992,557610
185,2,3,Monastir,Monastir,villa,0,3,False,True,True,2023,838856
348,4,1,Bizerte,Bizerte,house,0,9,False,False,False,2019,685476
367,6,1,Kairouan,Kairouan,house,0,3,False,False,False,1991,925574
410,1,1,Sfax,Sfax,house,0,3,False,True,False,1996,623354
247,3,1,Monastir,Monastir,house,0,8,False,True,False,2016,548464
103,1,4,Bizerte,Bizerte,apartment,0,2,False,False,False,2011,168013
368,4,4,Monastir,Monastir,apartment,3,2,True,False,False,2021,771563
123,1,3,Kairouan,Kairouan,house,0,9,True,False,False,2002,285555
291,2,1,Hammamet,Hammamet,villa,0,5,True,False,True,2020,1700525
403,2,3,Monastir,Monastir,house,0,9,False,False,False,2009,487017
135,5,4,Sfax,Sfax,villa,0,5,False,True,False,1998,300231
140,1,4,La Marsa,Tunis,house,0,8,False,False,False,2016,340340
302,4,2,Bizerte,Bizerte,house,0,3,True,True,False,1999,623588
83,4,4,Sfax,Sfax,apartment,2,4,True,False,False,2020,118802
139,5,1,Nabeul,Nabeul,apartment,9,6,False,False,False,1990,257372
238,1,3,Hammamet,Hammamet,house,0,8,False,False,False,2011,674244
250,7,3,Sousse,Sousse,villa,0,4,True,False,True,2010,1457983
235,5,1,Nabeul,Nabeul,apartment,1,9,True,False,False,2023,466949
428,4,2,Gabès,Gabès,villa,0,9,False,True,False,1992,1284041
77,1,3,Nabeul,Nabeul,apartment,5,7,False,False,False,2018,86856
404,3,3,Sousse,Sousse,apartment,7,7,False,False,False,1994,669508
234,3,4,Sfax,Sfax,villa,0,3,False,False,True,2019,1027660
215,3,4,Gabès,Gabès,house,0,5,False,False,False,2003,246854
340,5,4,Gafsa,Gafsa,house,0,4,False,True,False,2021,960342
315,4,4,Sousse,Sousse,house,0,5,False,False,False,2012,729729
189,7,1,Sfax,Sfax,apartment,9,7,True,False,False,2001,258461
458,2,4,Tataouine,Tataouine,house,0,8,False,False,False,1994,410111
249,2,1,Bizerte,Bizerte,villa,0,9,True,True,True,2009,1043914
420,3,4,Carthage,Tunis,villa,0,6,False,False,False,2005,2723112
151,2,2,Nabeul,Nabeul,villa,0,9,False,False,False,2008,261906
308,1,2,Gafsa,Gafsa,villa,0,6,True,False,False,2020,386527
225,1,1,Sfax,Sfax,apartment,9,2,False,False,False,1993,414540
269,6,2,Nabeul,Nabeul,apartment,6,7,True,False,False,1999,749735
206,4,4,Hammamet,Hammamet,house,0,6,False,True,False,1991,739867
187,4,4,Monastir,Monastir,apartment,2,8,False,False,False,2006,237564
399,3,3,Carthage,Tunis,house,0,4,False,True,False,2019,1376214
393,4,1,Monastir,Monastir,house,0,2,False,True,False,2009,676186
308,7,4,Nabeul,Nabeul,house,0,8,False,True,False,2004,893212
199,5,4,Tataouine,Tataouine,villa,0,9,True,False,False,2004,312321
368,5,4,Monastir,Monastir,villa,0,5,True,True,True,2022,653249
356,3,3,Sousse,Sousse,house,0,2,False,True,False,1995,1436827
479,4,1,Hammamet,Hammamet,house,0,5,False,False,False,1998,1336065
328,7,4,Gafsa,Gafsa,house,0,4,False,False,False,2012,515091
223,6,2,Gabès,Gabès,apartment,3,4,False,False,False,2013,404432
191,1,3,Nabeul,Nabeul,villa,0,3,True,False,True,2001,945519
395,1,3,Sfax,Sfax,villa,0,5,True,False,False,1995,703548
266,5,1,Gafsa,Gafsa,villa,0,4,True,True,True,1998,1211808
244,3,4,Bizerte,Bizerte,house,0,7,False,True,False,2019,608516
85,4,4,Nabeul,Nabeul,house,0,4,False,True,False,2023,219811
137,4,2,Monastir,Monastir,villa,0,7,False,True,False,1991,266051
54,4,1,Bizerte,Bizerte,villa,0,4,False,True,False,1998,186639
106,3,1,Sousse,Sousse,house,0,7,False,True,False,2017,253381
467,5,1,Lac 1,Tunis,apartment,6,2,True,False,False,1998,916954
299,2,2,Hammamet,Hammamet,house,0,4,True,False,False,2007,987849
166,3,4,Nabeul,Nabeul,apartment,7,4,False,False,False,2020,420312
73,6,1,Bizerte,Bizerte,villa,0,1,False,True,False,2019,283992
121,1,4,Hammamet,Hammamet,house,0,3,False,True,False,1990,239196
475,5,2,Sfax,Sfax,apartment,4,3,False,False,False,2000,644860
78,1,1,Sfax,Sfax,house,0,4,True,False,False,2008,210640
60,7,1,Tataouine,Tataouine,house,0,9,True,True,False,1991,64360
391,5,1,Gabès,Gabès,apartment,6,1,False,False,False,2014,331255
441,1,1,Hammamet,Hammamet,house,0,3,False,True,False,1993,1134377
309,2,2,Sousse,Sousse,apartment,2,1,False,False,False,2023,662990
268,5,3,Nabeul,Nabeul,house,0,6,False,False,False,1991,811911
283,6,4,Bizerte,Bizerte,house,0,3,True,True,False,2016,370194
77,7,1,Monastir,Monastir,house,0,3,True,False,False,2000,132516
362,5,2,Sfax,Sfax,house,0,6,True,True,False,2000,711389
144,2,3,Nabeul,Nabeul,house,0,1,False,False,False,1992,337409
348,5,1,Tataouine,Tataouine,house,0,6,False,True,False,2018,683956
236,1,3,Hammamet,Hammamet,apartment,0,7,False,False,False,2000,415454
295,7,3,Kairouan,Kairouan,house,0,8,True,True,False,1997,456407
270,1,3,Kairouan,Kairouan,house,0,9,True,False,False,2011,672235
124,2,3,Kairouan,Kairouan,apartment,1,6,False,False,False,1992,198499
225,7,4,Gafsa,Gafsa,villa,0,6,True,True,True,2014,669891
449,2,1,Gafsa,Gafsa,house,0,9,False,False,False,2010,409990
361,2,3,Sfax,Sfax,villa,0,6,False,False,False,2009,471494
336,7,4,Hammamet,Hammamet,house,0,6,True,False,False,1992,1094681
392,2,3,Monastir,Monastir,house,0,5,True,True,False,1997,1038740
115,7,1,Hammamet,Hammamet,house,0,1,True,False,False,1996,446625
288,4,4,Gabès,Gabès,house,0,5,True,True,False,2007,380886
479,4,3,Tataouine,Tataouine,villa,0,6,False,False,False,1995,1207769
305,5,2,Bizerte,Bizerte,villa,0,1,True,True,True,2001,897523
364,4,4,Sfax,Sfax,house,0,8,False,False,False,2018,739327
398,6,4,Bizerte,Bizerte,villa,0,9,False,True,True,2010,1669446
379,7,3,Hammamet,Hammamet,apartment,8,9,True,False,False,2023,919742
90,2,3,Nabeul,Nabeul,villa,0,7,True,False,False,2021,258415
327,2,4,Tataouine,Tataouine,apartment,2,6,False,False,False,1991,225237
172,2,1,Bizerte,Bizerte,villa,0,5,True,True,False,2009,317824
116,3,4,Tataouine,Tataouine,house,0,3,False,False,False,1997,218358
125,2,1,Sfax,Sfax,apartment,4,3,False,False,False,2016,168600
52,1,2,Bizerte,Bizerte,house,0,1,False,True,False,2009,120284
170,1,1,Gabès,Gabès,house,0,4,False,False,False,1996,143031
176,1,1,Sfax,Sfax,villa,0,7,False,False,True,2004,423700
491,6,1,Monastir,Monastir,house,0,2,False,True,False,1992,631917
302,6,3,Sfax,Sfax,villa,0,6,False,False,False,2020,551427
297,1,3,Gafsa,Gafsa,villa,0,6,True,False,True,1995,747242
67,2,3,Hammamet,Hammamet,apartment,0,5,True,False,False,1990,118694
456,5,4,Hammamet,Hammamet,apartment,2,3,False,False,False,2005,1358150
71,3,4,Hammamet,Hammamet,apartment,4,5,False,False,False,2014,79065
163,4,3,Gafsa,Gafsa,apartment,4,3,False,False,False,2012,189471
300,6,4,Tataouine,Tataouine,apartment,1,8,True,False,False,2011,219492
430,6,2,Nabeul,Nabeul,apartment,2,7,True,False,False,2019,734680
183,6,3,Tataouine,Tataouine,villa,0,5,False,False,True,2018,690633
207,5,2,Sousse,Sousse,house,0,2,False,True,False,2009,487350
429,3,2,Gabès,Gabès,villa,0,1,True,False,True,1998,1429295
406,5,4,Nabeul,Nabeul,apartment,3,4,False,False,False,2018,1121534
177,5,1,Soukra,Tunis,apartment,8,9,True,False,False,2005,234449
315,4,4,Sousse,Sousse,house,0,7,False,True,False,2022,1250809
176,5,1,La Marsa,Tunis,villa,0,2,False,False,True,2013,1144915
232,2,4,Bizerte,Bizerte,house,0,4,True,False,False,2017,469193
387,2,4,Sousse,Sousse,villa,0,9,True,False,False,2021,764490
159,1,1,Bizerte,Bizerte,apartment,7,9,True,False,False,2022,330561
150,1,2,Bizerte,Bizerte,apartment,8,6,False,False,False,2005,178800
429,7,3,Gabès,Gabès,villa,0,7,False,True,False,1997,1231319
305,5,2,Sfax,Sfax,apartment,3,3,True,False,False,2013,560053
319,6,2,Bizerte,Bizerte,house,0,4,False,False,False,2020,624040
374,3,2,Sfax,Sfax,house,0,5,False,True,False,2010,780837
486,3,3,Gafsa,Gafsa,apartment,2,5,False,False,False,2019,697118
74,3,1,Gafsa,Gafsa,villa,0,7,False,False,True,2017,303237
194,1,4,Bizerte,Bizerte,villa,0,9,False,False,True,1992,836012
447,3,2,Gabès,Gabès,house,0,7,True,True,False,2010,1129177
401,5,1,Sfax,Sfax,villa,0,1,False,True,False,2008,610411
180,7,4,Lac 1,Tunis,villa,0,8,False,True,False,1991,1104127
94,7,3,Monastir,Monastir,house,0,5,True,True,False,1998,275281
178,1,2,Nabeul,Nabeul,apartment,8,1,False,False,False,1992,450909
454,4,1,Tataouine,Tataouine,house,0,4,True,False,False,2009,901306
317,2,1,Kairouan,Kairouan,house,0,4,True,True,False,2005,843047
466,2,1,Nabeul,Nabeul,apartment,3,5,True,False,False,2016,1097989
283,5,2,Nabeul,Nabeul,apartment,2,4,True,False,False,1999,646479
71,4,2,Nabeul,Nabeul,apartment,1,9,False,False,False,2023,91419
433,3,3,Gafsa,Gafsa,apartment,8,6,True,False,False,2016,854742
208,4,2,Tataouine,Tataouine,villa,0,5,True,True,False,2020,333145
176,2,2,Gabès,Gabès,apartment,2,7,False,False,False,1999,335667
231,5,3,Sousse,Sousse,villa,0,2,True,False,False,1991,1166219
257,4,2,Kairouan,Kairouan,house,0,6,False,True,False,2006,492169
368,2,2,Gafsa,Gafsa,house,0,3,True,False,False,2019,779198
198,4,2,Monastir,Monastir,villa,0,7,False,False,True,2001,710176
166,2,3,Nabeul,Nabeul,villa,0,8,False,True,True,1996,1097778
170,5,2,Kairouan,Kairouan,apartment,6,2,True,False,False,2009,300879
191,4,4,Kairouan,Kairouan,house,0,9,True,False,False,1996,381269
306,7,1,Gabès,Gabès,villa,0,6,False,False,False,2007,906837
411,2,2,Monastir,Monastir,house,0,1,False,False,False,2009,524041
462,2,2,Kairouan,Kairouan,apartment,8,2,False,False,False,1990,578424
336,6,2,Sousse,Sousse,apartment,1,1,True,False,False,2013,522002
469,5,1,Kairouan,Kairouan,house,0,4,True,True,False,2023,735751
314,4,2,Soukra,Tunis,villa,0,4,True,False,True,1993,2478823
181,5,2,Nabeul,Nabeul,villa,0,8,False,False,True,1990,773045
421,1,3,Monastir,Monastir,apartment,0,6,False,False,False,1995,304804
324,2,1,Gabès,Gabès,villa,0,3,True,False,True,2022,1355863
464,7,4,Nabeul,Nabeul,villa,0,4,True,True,True,2021,1711029
187,6,3,La Marsa,Tunis,villa,0,6,False,False,True,2006,1800204
298,4,1,Gafsa,Gafsa,house,0,5,True,False,False,1996,422389
112,3,4,Gafsa,Gafsa,villa,0,1,True,True,False,1997,235828
386,1,4,Gafsa,Gafsa,villa,0,7,False,False,True,1998,706694
449,5,2,Kairouan,Kairouan,apartment,2,5,True,False,False,2016,411481
125,2,3,Monastir,Monastir,villa,0,5,True,True,True,2008,672702
423,4,4,Sfax,Sfax,apartment,9,5,False,False,False,1993,370548
285,5,1,Soukra,Tunis,house,0,9,False,True,False,1998,1154792
358,4,1,Gabès,Gabès,house,0,4,True,True,False,2003,545277
154,1,2,Monastir,Monastir,villa,0,3,False,False,False,2003,195592
300,6,4,Hammamet,Hammamet,house,0,4,True,False,False,1990,736608
190,4,3,Lac 2,Tunis,apartment,3,1,False,False,False,2018,426360
59,5,2,Ariana,Tunis,house,0,3,False,True,False,1993,270321
287,6,4,Hammamet,Hammamet,villa,0,2,True,False,True,1990,2044396
74,5,4,Bizerte,Bizerte,house,0,4,False,False,False,1999,72958
458,3,3,Monastir,Monastir,villa,0,2,True,False,False,2022,719503
450,6,2,Gabès,Gabès,house,0,1,True,False,False,2017,661915
62,5,3,Gafsa,Gafsa,villa,0,3,False,True,False,2020,175792
318,6,4,Hammamet,Hammamet,apartment,4,7,False,False,False,1993,540727
225,3,1,Gabès,Gabès,house,0,9,True,False,False,1994,513513
271,1,1,Centre Ville,Tunis,villa,0,6,True,False,False,2000,1269206
311,2,4,Sfax,Sfax,apartment,2,3,True,False,False,2011,322892
499,5,3,Gabès,Gabès,villa,0,1,True,True,True,2011,1195440
314,4,3,Gabès,Gabès,house,0,1,False,True,False,1999,714480
428,7,3,Sousse,Sousse,house,0,9,False,True,False,2016,655862
207,3,2,Gafsa,Gafsa,house,0,1,False,False,False,2021,501387
61,1,3,Hammamet,Hammamet,apartment,9,1,False,False,False,2009,96697
174,3,3,Bizerte,Bizerte,apartment,6,5,False,False,False,2021,279096
123,2,3,Sfax,Sfax,house,0,4,True,False,False,1995,181863
194,7,3,La Marsa,Tunis,apartment,5,4,True,False,False,2013,374808
281,5,1,Gabès,Gabès,villa,0,2,False,False,False,2003,968303
499,6,3,Sousse,Sousse,house,0,5,True,True,False,1995,956640
253,2,3,Sfax,Sfax,house,0,5,True,False,False,1990,630185
60,3,3,Nabeul,Nabeul,apartment,3,5,False,False,False,2002,157896
294,1,1,Gabès,Gabès,house,0,3,False,False,False,2005,402991
273,1,4,Gabès,Gabès,apartment,9,4,False,False,False,2017,267976
317,2,4,Hammamet,Hammamet,house,0,7,True,True,False,2013,510626
431,6,3,Hammamet,Hammamet,house,0,3,True,True,False,2005,1342699
151,4,1,Nabeul,Nabeul,villa,0,9,False,False,True,1996,342174
440,5,1,Sfax,Sfax,house,0,7,False,False,False,1996,1106019
161,7,1,Hammamet,Hammamet,villa,0,2,False,True,False,2016,504564
467,2,3,Bizerte,Bizerte,villa,0,4,True,False,False,2001,1504001
240,6,4,Ariana,Tunis,villa,0,2,False,False,False,2021,607824
454,2,2,Centre Ville,Tunis,villa,0,4,False,False,True,1992,3732070
88,6,1,Ariana,Tunis,house,0,3,True,False,False,1990,277837
330,7,2,Bizerte,Bizerte,villa,0,2,True,True,False,2002,1075757
171,7,4,Sfax,Sfax,apartment,8,1,False,False,False,2008,218469
58,3,3,Sousse,Sousse,apartment,9,1,False,False,False,1992,173791
202,6,1,Kairouan,Kairouan,villa,0,2,False,True,True,2022,601475
335,5,1,Bizerte,Bizerte,apartment,9,6,False,False,False,1999,440860
496,3,1,Tataouine,Tataouine,apartment,3,3,True,False,False,2012,974937
221,1,4,Sfax,Sfax,apartment,6,2,False,False,False,2020,346174
56,4,4,Gabès,Gabès,apartment,7,4,True,False,False,1997,92433
79,3,2,Sousse,Sousse,house,0,6,False,True,False,1996,256622
257,3,4,Hammamet,Hammamet,house,0,6,False,True,False,2004,531419
305,3,4,Sousse,Sousse,house,0,2,False,False,False,2004,847875
151,1,2,Nabeul,Nabeul,villa,0,2,False,True,True,2008,434226
269,2,4,Sousse,Sousse,apartment,8,8,True,False,False,2020,834470
199,3,4,Gabès,Gabès,house,0,4,False,False,False,2010,200337
94,1,4,Sousse,Sousse,apartment,7,5,False,False,False,1998,164349
80,4,3,Gabès,Gabès,villa,0,7,False,False,True,2019,352385
474,2,2,Sousse,Sousse,villa,0,3,False,False,False,2018,1102675
79,7,1,Monastir,Monastir,apartment,9,4,True,False,False,2001,134445
299,7,4,Kairouan,Kairouan,apartment,2,4,True,False,False,1991,334293
96,4,4,Monastir,Monastir,house,0,5,False,False,False,2006,81569
153,5,4,Gafsa,Gafsa,apartment,8,4,True,False,False,2012,173244
428,2,1,Tataouine,Tataouine,house,0,8,False,False,False,2005,1061611
269,4,4,Gabès,Gabès,villa,0,2,False,False,True,2015,978432
300,7,3,Hammamet,Hammamet,apartment,4,7,False,False,False,2012,548280
337,2,4,Sfax,Sfax,villa,0,8,True,False,False,1990,1088895
230,4,2,Sfax,Sfax,villa,0,2,False,False,True,2015,772855
246,2,4,Nabeul,Nabeul,house,0,2,False,False,False,2019,512319
269,6,3,Hammamet,Hammamet,villa,0,5,True,True,False,1999,773779
272,4,3,Gafsa,Gafsa,house,0,2,False,False,False,2002,695884
364,7,1,Hammamet,Hammamet,apartment,9,4,False,False,False,2021,353371
459,3,1,Sousse,Sousse,house,0,6,False,True,False,2023,1300400
477,2,1,Tataouine,Tataouine,house,0,2,False,True,False,1997,793976
153,7,4,Sfax,Sfax,villa,0,6,True,True,False,1990,229531
254,3,4,Sousse,Sousse,villa,0,9,True,True,True,2009,1609671
392,2,4,Nabeul,Nabeul,apartment,9,2,True,False,False,1991,622833
477,4,4,Gabès,Gabès,apartment,7,8,False,False,False,2012,936064
365,7,1,Kairouan,Kairouan,house,0,5,False,False,False,1997,492341
438,7,1,Bizerte,Bizerte,apartment,9,1,True,False,False,2016,518767
306,7,3,Monastir,Monastir,villa,0,3,True,False,True,1997,1026113
275,7,4,Sousse,Sousse,house,0,2,False,True,False,2009,813083
482,5,2,Bizerte,Bizerte,house,0,5,True,False,False,1992,829518
263,1,2,Gabès,Gabès,apartment,6,3,True,False,False,2006,288079
458,4,3,Bizerte,Bizerte,house,0,4,False,False,False,1998,604926
469,4,2,Hammamet,Hammamet,apartment,4,8,False,False,False,2021,1392930
207,4,3,Tataouine,Tataouine,house,0,5,False,True,False,2009,464617
417,7,2,Gabès,Gabès,villa,0,3,True,True,False,1990,1681175
162,3,4,Gabès,Gabès,apartment,5,9,False,False,False,2012,264902
463,6,1,Gabès,Gabès,villa,0,7,False,False,True,1992,734125
183,7,4,Kairouan,Kairouan,apartment,6,6,False,False,False,2011,273914
366,1,4,Nabeul,Nabeul,villa,0,3,True,True,False,2019,948707
201,3,2,Monastir,Monastir,house,0,8,False,True,False,2008,463107
201,2,4,Gafsa,Gafsa,villa,0,9,True,True,True,2020,674924
154,2,3,Sfax,Sfax,villa,0,5,True,False,True,2018,530637
187,7,4,Bizerte,Bizerte,house,0,7,True,False,False,2010,250354
154,1,2,Nabeul,Nabeul,villa,0,8,True,True,False,1991,472565
175,4,4,Lac 1,Tunis,apartment,1,2,False,False,False,2018,343350
100,3,2,Gabès,Gabès,villa,0,3,False,True,False,1998,227937
86,6,3,Lac 2,Tunis,house,0,5,True,False,False,2007,340431
76,1,3,Gafsa,Gafsa,house,0,2,True,True,False,2023,74767
446,7,4,Centre Ville,Tunis,apartment,4,5,True,False,False,1996,965868
93,4,4,Bizerte,Bizerte,villa,0,9,False,False,True,1993,190635
452,6,1,Sfax,Sfax,house,0,7,True,False,False,2002,798125
230,4,2,Gabès,Gabès,villa,0,9,True,True,False,2023,867591
130,2,1,Monastir,Monastir,apartment,2,4,False,False,False,2009,124072
392,7,3,Sfax,Sfax,house,0,8,False,True,False,1994,621997
475,6,2,Centre Ville,Tunis,villa,0,6,True,False,True,2001,1888910
94,5,1,Gabès,Gabès,villa,0,1,False,False,True,1990,386601
283,2,1,Nabeul,Nabeul,villa,0,6,False,False,True,2004,820093
217,7,3,Nabeul,Nabeul,villa,0,6,False,True,True,2001,969209
342,7,2,Sousse,Sousse,apartment,7,3,True,False,False,2018,388689
194,3,2,Tataouine,Tataouine,villa,0,4,True,False,False,2014,477244
471,7,3,Monastir,Monastir,villa,0,5,True,False,False,2008,1677830
337,4,3,Hammamet,Hammamet,villa,0,9,False,True,True,2001,2556513
160,7,4,Gafsa,Gafsa,apartment,7,5,True,False,False,2005,127680
293,2,3,Kairouan,Kairouan,apartment,4,4,True,False,False,2020,432186
332,5,4,Monastir,Monastir,house,0,1,False,False,False,2002,332849
477,2,2,Nabeul,Nabeul,apartment,4,2,False,False,False,1994,614185
97,1,2,Tataouine,Tataouine,house,0,1,False,False,False,2003,130942
253,2,1,Tataouine,Tataouine,apartment,6,7,True,False,False,1998,252261
465,5,4,Hammamet,Hammamet,apartment,7,4,True,False,False,1997,1450688
437,4,3,Nabeul,Nabeul,apartment,7,2,False,False,False,2009,822259
242,3,1,Gafsa,Gafsa,house,0,8,False,False,False,2009,321395
496,6,1,Sfax,Sfax,house,0,6,True,True,False,1993,1241041
248,1,1,Gafsa,Gafsa,house,0,3,True,True,False,2010,332155
357,4,2,Gafsa,Gafsa,villa,0,1,False,True,True,2022,685145
76,1,1,Kairouan,Kairouan,house,0,3,False,False,False,2005,172228
285,5,3,Kairouan,Kairouan,apartment,6,5,True,False,False,2014,296377
179,4,3,Lac 1,Tunis,house,0,7,True,True,False,1994,1147103
266,1,3,Sfax,Sfax,apartment,7,6,True,False,False,2009,517933
213,4,3,Bizerte,Bizerte,villa,0,6,False,True,False,2007,632947
134,6,3,Sfax,Sfax,house,0,8,False,True,False,2001,291568
156,5,2,Hammamet,Hammamet,house,0,8,False,False,False,2009,384265
372,4,2,Sfax,Sfax,apartment,5,8,False,False,False,2005,259804
196,1,2,Carthage,Tunis,villa,0,4,True,False,False,2003,1461756
181,7,4,Gabès,Gabès,villa,0,2,True,False,False,2007,350573
131,7,2,Nabeul,Nabeul,villa,0,4,False,False,True,1999,386240
436,5,4,Nabeul,Nabeul,apartment,6,7,False,False,False,2011,1166736
125,7,1,Gafsa,Gafsa,apartment,7,1,True,False,False,2020,109095
100,4,3,Hammamet,Hammamet,apartment,4,7,False,False,False,2015,184200
167,7,4,Ariana,Tunis,villa,0,8,False,True,True,2010,1165774
416,4,2,Sousse,Sousse,house,0,3,False,True,False,2020,636759
149,5,3,Kairouan,Kairouan,house,0,8,True,False,False,2009,390824
441,5,3,Tataouine,Tataouine,apartment,6,7,False,False,False,2020,841780
427,2,4,Bizerte,Bizerte,apartment,7,3,True,False,False,2023,449067
124,7,4,Bizerte,Bizerte,villa,0,1,False,True,False,2003,413062
79,2,3,Sfax,Sfax,apartment,3,2,True,False,False,2004,82020
245,5,1,Sfax,Sfax,villa,0,1,False,False,True,1999,818672
221,6,3,Gafsa,Gafsa,house,0,4,False,True,False,2017,530677
61,5,1,Lac 1,Tunis,house,0,1,True,False,False,1999,176521
369,2,1,Nabeul,Nabeul,villa,0,8,False,True,False,2019,1388762
372,5,4,Gabès,Gabès,house,0,3,False,True,False,1995,466848
449,5,3,Gafsa,Gafsa,house,0,6,False,False,False,2009,720519
56,3,3,Monastir,Monastir,apartment,3,3,True,False,False,2010,82225
463,7,3,Nabeul,Nabeul,villa,0,1,False,True,True,2014,2678604
314,5,1,Monastir,Monastir,apartment,2,7,False,False,False,2002,236881
372,5,3,La Marsa,Tunis,apartment,6,1,False,False,False,2005,726888
319,6,3,Hammamet,Hammamet,apartment,6,3,False,False,False,2018,363277
257,5,2,Sousse,Sousse,apartment,1,9,False,False,False,1991,398144
241,4,4,Sousse,Sousse,house,0,9,True,False,False,2009,892942
86,2,2,Gabès,Gabès,apartment,0,4,True,False,False,1994,99763
455,5,3,Gafsa,Gafsa,villa,0,2,True,True,True,1996,2250895
157,4,1,Monastir,Monastir,house,0,4,False,True,False,1991,182840
94,1,1,Sousse,Sousse,villa,0,1,False,True,True,2010,491848
116,6,1,Bizerte,Bizerte,apartment,2,4,False,False,False,2007,84633
82,7,4,Gafsa,Gafsa,house,0,4,False,True,False,2023,179454
100,6,4,Sousse,Sousse,villa,0,8,True,False,False,2005,443620
439,2,4,Carthage,Tunis,apartment,4,5,True,False,False,2008,1491634
286,4,3,Kairouan,Kairouan,villa,0,8,False,True,True,1990,887519
234,6,2,Kairouan,Kairouan,apartment,9,7,True,False,False,2016,441473
426,4,4,Sousse,Sousse,house,0,2,True,False,False,2004,1193915
146,2,3,Gafsa,Gafsa,villa,0,8,False,False,False,2008,240935
286,1,3,Kairouan,Kairouan,house,0,5,True,True,False,2005,414313
127,7,1,Lac 2,Tunis,house,0,2,False,True,False,2001,373390
380,5,3,Gabès,Gabès,house,0,5,False,False,False,2021,647337
213,6,3,Bizerte,Bizerte,villa,0,6,False,True,False,1993,587399
112,3,2,Gabès,Gabès,villa,0,6,False,False,True,2019,431278
65,4,4,Nabeul,Nabeul,villa,0,8,False,True,True,1996,318223
308,7,4,Nabeul,Nabeul,villa,0,4,True,True,False,2023,670043
123,3,2,Hammamet,Hammamet,house,0,1,False,False,False,2004,343848
297,3,2,Sousse,Sousse,house,0,7,True,False,False,2011,670377
325,5,3,Tataouine,Tataouine,house,0,8,True,False,False,2007,329347
428,3,2,Gafsa,Gafsa,apartment,4,2,True,False,False,2005,728028
166,5,3,Gafsa,Gafsa,apartment,8,9,True,False,False,2013,202466
454,2,3,Nabeul,Nabeul,apartment,6,2,True,False,False,2008,1278509
305,3,2,Bizerte,Bizerte,villa,0,1,True,True,True,2009,577026
106,4,2,Bizerte,Bizerte,apartment,8,1,True,False,False,1998,130087
356,3,1,Hammamet,Hammamet,villa,0,7,True,True,True,1991,1119955
182,1,1,Sousse,Sousse,house,0,3,True,False,False,1997,251013
372,3,1,Gabès,Gabès,apartment,7,6,False,False,False,1992,343728
154,7,4,Nabeul,Nabeul,villa,0,4,False,False,False,1997,645321
416,2,3,Hammamet,Hammamet,villa,0,8,False,False,True,2010,2343264
183,3,2,Gafsa,Gafsa,house,0,7,False,True,False,2009,366156
295,2,4,Kairouan,Kairouan,house,0,1,False,False,False,2018,438724
143,4,1,Hammamet,Hammamet,villa,0,6,True,False,True,2003,846615
436,3,2,Tataouine,Tataouine,apartment,1,9,True,False,False,2019,421542
126,2,4,Sousse,Sousse,villa,0,5,True,True,True,2011,406604
109,7,1,Gafsa,Gafsa,apartment,6,7,False,False,False,2000,162366
302,2,3,Sfax,Sfax,apartment,9,9,True,False,False,2023,431256
219,1,4,Sfax,Sfax,house,0,2,True,False,False,2008,561758
480,3,3,Kairouan,Kairouan,villa,0,8,True,True,False,2016,1135233
89,4,4,Lac 1,Tunis,house,0,6,False,False,False,2000,569938
413,4,1,Sfax,Sfax,apartment,1,1,False,False,False,2010,737783
52,3,1,Bizerte,Bizerte,apartment,5,1,True,False,False,2017,96183
277,6,2,Bizerte,Bizerte,house,0,8,False,False,False,1993,498090
242,2,1,Monastir,Monastir,villa,0,7,True,True,False,2002,948679
361,2,1,Sousse,Sousse,villa,0,1,False,True,False,2002,2035407
296,2,1,Hammamet,Hammamet,villa,0,5,False,True,True,2022,1601826
86,6,1,Nabeul,Nabeul,villa,0,2,False,True,True,1992,356218
240,2,3,Lac 2,Tunis,house,0,8,True,False,False,1998,1405404
238,2,3,Tataouine,Tataouine,villa,0,7,True,False,False,1994,518192
455,2,1,Gafsa,Gafsa,apartment,7,1,True,False,False,2012,948238
138,6,4,Tataouine,Tataouine,apartment,4,7,True,False,False,2015,243779
218,6,1,Bizerte,Bizerte,apartment,6,2,True,False,False,2004,159497
365,4,4,Nabeul,Nabeul,villa,0,1,False,False,True,1992,2176930
442,4,3,Nabeul,Nabeul,apartment,9,3,False,False,False,1993,790296
388,2,2,Kairouan,Kairouan,villa,0,6,False,True,False,1995,1344112
409,6,3,Sousse,Sousse,apartment,8,3,True,False,False,2003,677156
483,2,2,Gafsa,Gafsa,villa,0,6,True,True,True,2010,1492337
360,3,2,Gafsa,Gafsa,house,0,7,False,False,False,2006,774633
233,5,1,Gabès,Gabès,house,0,1,False,True,False,2010,379036
255,2,1,Sousse,Sousse,house,0,7,True,False,False,2003,406830
391,4,1,Gabès,Gabès,apartment,8,7,True,False,False,1996,459487
220,5,3,Kairouan,Kairouan,apartment,8,6,False,False,False,1996,268576
458,7,2,Sfax,Sfax,apartment,2,6,False,False,False,1996,552897
85,6,2,Hammamet,Hammamet,villa,0,3,False,False,True,2022,361361
446,6,4,Gafsa,Gafsa,house,0,3,True,False,False,2002,413490
297,1,1,Monastir,Monastir,apartment,1,8,True,False,False,2023,223284
392,1,4,Kairouan,Kairouan,house,0,3,True,True,False,2006,379521
379,3,4,Gafsa,Gafsa,villa,0,9,False,False,True,2004,1373568
489,2,2,Gafsa,Gafsa,apartment,9,1,False,False,False,2008,316089
369,1,2,Sousse,Sousse,apartment,2,8,True,False,False,1995,895009
478,5,4,Bizerte,Bizerte,house,0,2,True,True,False,2001,1216099
401,6,1,Carthage,Tunis,house,0,8,True,False,False,2018,1959566
196,5,3,Sfax,Sfax,house,0,9,False,True,False,2017,365260
225,2,3,Sousse,Sousse,house,0,7,False,True,False,2020,382239
324,1,4,Hammamet,Hammamet,apartment,9,1,True,False,False,2000,509891
468,5,3,Centre Ville,Tunis,villa,0,2,False,False,False,2023,1943416
145,5,4,Sfax,Sfax,apartment,0,2,False,False,False,1994,140824
268,2,2,Monastir,Monastir,house,0,2,False,False,False,2004,541552
97,4,3,Sfax,Sfax,house,0,5,False,True,False,1990,119290
305,6,2,Sousse,Sousse,apartment,8,1,False,False,False,2004,696132
63,5,2,Sousse,Sousse,house,0,1,False,True,False,1995,159999
208,4,2,Kairouan,Kairouan,villa,0,9,False,True,True,2004,975270
242,1,3,Nabeul,Nabeul,house,0,6,False,True,False,1993,438527
410,2,4,Nabeul,Nabeul,apartment,1,3,True,False,False,2002,851356
187,3,4,Tataouine,Tataouine,apartment,8,5,True,False,False,2018,155823
356,6,3,Gafsa,Gafsa,apartment,6,1,False,False,False,2006,443718
317,4,2,Hammamet,Hammamet,house,0,9,True,False,False,2001,1044203
74,1,4,Tataouine,Tataouine,villa,0,6,True,True,True,2011,368639
105,5,3,Monastir,Monastir,house,0,8,False,False,False,2011,188151
170,4,2,Kairouan,Kairouan,apartment,6,1,True,False,False,2012,298023
165,3,3,Bizerte,Bizerte,apartment,0,8,True,False,False,2019,247678
322,7,2,Gabès,Gabès,villa,0,8,True,True,False,2011,1150362
394,4,3,Nabeul,Nabeul,house,0,6,True,True,False,2011,1517785
477,5,2,La Marsa,Tunis,house,0,4,True,False,False,2009,2338769
66,4,4,Kairouan,Kairouan,house,0,5,True,True,False,2007,67308
321,3,4,Gabès,Gabès,villa,0,2,True,False,False,2018,624648
129,6,1,Monastir,Monastir,villa,0,2,False,False,False,2019,223840
480,1,2,Gafsa,Gafsa,house,0,8,True,True,False,2017,741476
210,2,4,Kairouan,Kairouan,house,0,1,True,True,False,2005,433368
426,1,2,Tataouine,Tataouine,apartment,6,9,True,False,False,2015,550715
244,6,2,Gafsa,Gafsa,house,0,9,True,True,False,1993,468069
188,3,3,Gabès,Gabès,villa,0,2,False,True,False,2002,521731
436,6,2,Nabeul,Nabeul,apartment,5,8,True,False,False,2016,1190463
257,2,2,Gabès,Gabès,apartment,4,7,False,False,False,2017,445946
131,5,4,Nabeul,Nabeul,house,0,9,True,True,False,1995,329269
77,7,4,Gafsa,Gafsa,house,0,8,False,False,False,2011,171451
75,6,2,Sfax,Sfax,villa,0,7,False,True,False,2004,242946
117,6,4,Kairouan,Kairouan,apartment,1,8,True,False,False,2020,87272
381,6,2,Centre Ville,Tunis,apartment,1,8,False,False,False,2021,1182433
194,6,1,Kairouan,Kairouan,villa,0,5,False,False,True,2011,800422
402,4,3,Bizerte,Bizerte,house,0,5,True,True,False,1991,776957
101,6,3,Hammamet,Hammamet,apartment,8,8,False,False,False,2020,176224
154,2,1,Tataouine,Tataouine,apartment,1,9,False,False,False,1994,269561
93,1,3,Sousse,Sousse,villa,0,4,True,False,True,2022,529208
470,7,3,Gabès,Gabès,apartment,6,6,False,False,False,1995,775312
57,3,2,Centre Ville,Tunis,villa,0,9,False,True,True,1993,341119
326,2,2,Sousse,Sousse,house,0,9,True,True,False,1995,1343353
170,4,4,Gafsa,Gafsa,house,0,4,False,True,False,2022,173670
341,1,1,Sfax,Sfax,apartment,6,6,True,False,False,2019,599518
355,4,1,Hammamet,Hammamet,villa,0,3,False,True,False,1993,818175
319,1,3,Hammamet,Hammamet,apartment,2,7,True,False,False,1997,956215
497,7,4,Nabeul,Nabeul,house,0,9,False,False,False,2006,909450
245,1,2,Kairouan,Kairouan,villa,0,4,True,True,False,2006,553363
423,1,1,Gafsa,Gafsa,house,0,9,True,True,False,1992,867339
194,6,2,Nabeul,Nabeul,apartment,6,7,False,False,False,2005,358512
484,6,1,Bizerte,Bizerte,villa,0,7,True,False,False,2017,1577778
257,5,4,Monastir,Monastir,villa,0,7,False,False,True,2004,594644
395,6,3,Tataouine,Tataouine,house,0,2,False,False,False,2014,389438
165,3,4,Lac 1,Tunis,villa,0,2,True,True,False,2008,594136
488,6,2,Monastir,Monastir,house,0,2,True,True,False,2016,832969
105,5,2,Tataouine,Tataouine,apartment,7,7,False,False,False,2016,91560
179,3,3,Hammamet,Hammamet,villa,0,8,True,False,False,2009,431548
496,4,3,Lac 1,Tunis,house,0,7,True,True,False,2021,2544045
391,2,1,Kairouan,Kairouan,house,0,8,True,True,False,2011,383719
118,4,2,Bizerte,Bizerte,villa,0,7,False,False,False,2015,362439
64,6,2,Bizerte,Bizerte,villa,0,1,True,True,False,1992,159880
283,2,1,Hammamet,Hammamet,villa,0,1,True,False,True,2006,1095563
82,5,4,Sfax,Sfax,villa,0,6,False,True,False,2013,271465
54,6,2,Kairouan,Kairouan,apartment,4,8,True,False,False,1992,62233
407,2,1,Sfax,Sfax,apartment,6,2,False,False,False,1992,522588
91,1,1,Hammamet,Hammamet,house,0,9,True,True,False,2013,266113
236,7,4,Hammamet,Hammamet,apartment,8,9,True,False,False,2010,299144
230,5,1,Kairouan,Kairouan,villa,0,4,False,True,True,1990,906974
274,3,3,Bizerte,Bizerte,house,0,1,True,True,False,2021,670764
235,6,2,Gabès,Gabès,villa,0,1,True,True,False,1998,939608
334,7,2,Gafsa,Gafsa,apartment,8,3,False,False,False,2010,464928
478,7,3,Gafsa,Gafsa,villa,0,4,True,True,True,1991,1943003
91,1,1,Gafsa,Gafsa,house,0,2,True,False,False,2005,143493
50,6,4,Bizerte,Bizerte,villa,0,2,True,False,True,2010,116953
330,1,4,Nabeul,Nabeul,apartment,5,2,False,False,False,2006,719928
124,5,2,Kairouan,Kairouan,house,0,3,True,True,False,2015,154310
175,5,1,Nabeul,Nabeul,apartment,4,5,False,False,False,2009,272580
120,3,3,Tataouine,Tataouine,apartment,0,7,True,False,False,1992,203414
112,6,3,Ariana,Tunis,apartment,5,4,True,False,False,1994,398311
266,5,4,Sfax,Sfax,house,0,1,False,True,False,1998,757412
71,1,2,Gabès,Gabès,house,0,7,True,True,False,2000,122213
315,7,1,Hammamet,Hammamet,house,0,7,True,True,False,2015,891647
412,3,2,Gabès,Gabès,house,0,2,True,True,False,1992,1180323
273,5,2,Nabeul,Nabeul,villa,0,2,False,True,False,1996,760215
94,5,2,Nabeul,Nabeul,house,0,3,False,True,False,2020,249214
102,5,3,Sousse,Sousse,villa,0,4,False,True,False,1993,580433
222,6,3,Gabès,Gabès,villa,0,2,False,True,False,2007,444834
71,4,1,Sfax,Sfax,house,0,3,False,False,False,2006,90010
398,1,4,Sousse,Sousse,house,0,9,False,False,False,2000,523401
156,5,2,Bizerte,Bizerte,villa,0,8,False,False,True,2007,452357
385,7,2,Sousse,Sousse,house,0,4,True,True,False,1997,1152224
343,5,1,Bizerte,Bizerte,apartment,0,8,True,False,False,2006,656913
435,3,2,Sousse,Sousse,house,0,6,False,False,False,2013,1598781
287,2,1,Sousse,Sousse,apartment,0,8,True,False,False,1997,623794
483,6,3,Kairouan,Kairouan,villa,0,8,False,True,True,2015,2383046
185,4,2,Hammamet,Hammamet,villa,0,7,False,True,True,2020,874856
287,3,4,Kairouan,Kairouan,villa,0,1,True,True,False,2003,745125
123,2,2,Bizerte,Bizerte,apartment,6,8,False,False,False,2003,138842
140,3,3,Lac 2,Tunis,house,0,1,True,False,False,1999,864154
56,1,1,Tataouine,Tataouine,villa,0,4,True,True,True,2001,155467
406,7,4,Tataouine,Tataouine,house,0,7,False,False,False,2013,676006
175,1,1,Nabeul,Nabeul,apartment,9,1,False,False,False,2006,324240
213,1,3,Nabeul,Nabeul,apartment,6,2,False,False,False,2007,358606
422,7,2,Sfax,Sfax,villa,0,1,False,True,False,1996,1608285
348,7,4,Sousse,Sousse,house,0,3,True,False,False,2008,706259
170,2,4,Nabeul,Nabeul,apartment,3,8,True,False,False,1990,528003
398,2,2,Bizerte,Bizerte,villa,0,9,True,True,False,2020,1609209
307,5,1,Sousse,Sousse,apartment,5,8,False,False,False,2014,663488
348,3,1,Kairouan,Kairouan,apartment,2,1,False,False,False,2012,572390
178,6,3,Gabès,Gabès,apartment,5,8,False,False,False,2020,354860
340,4,1,Tataouine,Tataouine,apartment,9,5,True,False,False,1996,535214
88,2,4,Hammamet,Hammamet,villa,0,5,False,False,False,2016,180195
79,6,3,Nabeul,Nabeul,villa,0,1,False,True,True,2013,350405
183,6,3,Kairouan,Kairouan,apartment,4,5,True,False,False,2004,364316
353,2,1,Gabès,Gabès,house,0,8,False,False,False,1994,708174
208,5,4,Gabès,Gabès,house,0,6,True,False,False,2012,280740
129,4,1,Kairouan,Kairouan,house,0,8,True,False,False,1993,153123
358,1,3,Sousse,Sousse,villa,0,2,False,True,True,2005,1940662
275,5,1,Gafsa,Gafsa,villa,0,6,False,True,False,2020,693039
52,1,2,Gabès,Gabès,apartment,9,2,True,False,False,2011,80939
468,1,4,Monastir,Monastir,apartment,0,7,True,False,False,2015,361277
250,5,1,Tataouine,Tataouine,villa,0,1,True,True,True,1997,892972
177,2,3,Tataouine,Tataouine,house,0,9,True,True,False,2003,436493
140,4,1,Bizerte,Bizerte,villa,0,4,False,False,False,2013,411667
125,4,3,Gabès,Gabès,apartment,7,3,True,False,False,2019,157815
268,5,1,Sfax,Sfax,apartment,5,2,True,False,False,2016,428628
316,6,1,Nabeul,Nabeul,house,0,2,False,False,False,2021,1077610
425,1,2,Kairouan,Kairouan,villa,0,3,False,True,False,2017,1220511
455,6,2,Tataouine,Tataouine,house,0,6,True,False,False,2001,1162652
267,2,1,La Marsa,Tunis,villa,0,8,True,True,True,1992,3416153
456,1,4,Sousse,Sousse,villa,0,5,False,True,True,2002,2678953
371,3,4,Hammamet,Hammamet,apartment,1,2,True,False,False,1999,529164
273,4,4,Sousse,Sousse,apartment,6,1,False,False,False,2016,597214
57,5,1,Hammamet,Hammamet,villa,0,4,False,True,True,2016,395082
369,3,1,Gabès,Gabès,apartment,7,6,False,False,False,2020,659476
267,3,3,Kairouan,Kairouan,apartment,9,1,True,False,False,2004,342251
74,4,4,Bizerte,Bizerte,house,0,4,False,True,False,2005,125798
281,3,1,Monastir,Monastir,apartment,3,8,True,False,False,2006,279943
120,4,1,Centre Ville,Tunis,villa,0,5,False,False,False,1995,647028
493,5,1,Ariana,Tunis,house,0,7,True,False,False,2014,1413184
180,4,3,Nabeul,Nabeul,apartment,0,4,True,False,False,2003,490795
376,5,4,Gafsa,Gafsa,house,0,7,True,True,False,1990,561402
339,7,3,Hammamet,Hammamet,house,0,2,False,False,False,2001,714991
411,5,4,Ariana,Tunis,villa,0,8,True,False,True,1992,3432401
491,1,4,Monastir,Monastir,house,0,2,False,False,False,2017,836428
442,5,3,Tataouine,Tataouine,villa,0,7,False,True,False,2022,1568986
367,5,1,Sousse,Sousse,apartment,0,7,False,False,False,2010,750001
122,2,1,Gafsa,Gafsa,villa,0,4,False,True,True,2007,449939
79,1,1,Gafsa,Gafsa,house,0,1,False,False,False,2023,118392
254,5,2,Sfax,Sfax,apartment,8,7,True,False,False,2012,286329
499,2,1,Sousse,Sousse,apartment,6,7,False,False,False,1990,1461072
225,1,4,Gafsa,Gafsa,house,0,5,False,True,False,1997,438094
154,2,1,Nabeul,Nabeul,house,0,5,False,False,False,2021,246005
283,2,2,Kairouan,Kairouan,apartment,9,3,False,False,False,2015,228664
148,5,4,Sousse,Sousse,villa,0,9,False,False,True,1997,549817
167,1,1,Gafsa,Gafsa,villa,0,1,False,True,False,2016,652061
378,7,2,Sousse,Sousse,villa,0,1,True,False,False,2008,902741
482,5,3,Sousse,Sousse,villa,0,4,True,True,True,2013,3839321
144,4,4,Nabeul,Nabeul,villa,0,3,True,False,True,2003,1013023
439,1,2,Monastir,Monastir,house,0,8,True,False,False,2001,544584
144,3,1,Bizerte,Bizerte,villa,0,5,True,True,False,2017,193516
424,3,4,Gafsa,Gafsa,house,0,9,True,False,False,1999,803318
168,7,2,Sfax,Sfax,apartment,6,8,True,False,False,1993,166239
72,1,1,Sfax,Sfax,villa,0,4,True,True,False,2023,123342
259,2,1,Sfax,Sfax,villa,0,2,False,True,True,1992,1153065
339,2,3,Nabeul,Nabeul,house,0,9,True,False,False,2020,1320460
244,5,4,Gabès,Gabès,apartment,6,1,True,False,False,2005,386349
66,7,2,Nabeul,Nabeul,villa,0,2,False,False,True,2006,160123
399,6,2,Sfax,Sfax,house,0,4,True,True,False,2021,657091
306,3,1,Sousse,Sousse,villa,0,3,True,False,False,2016,1229782
287,6,4,Hammamet,Hammamet,house,0,3,True,True,False,2008,1139724
458,3,1,Kairouan,Kairouan,apartment,5,4,False,False,False,2018,741593
274,7,3,Hammamet,Hammamet,apartment,6,1,False,False,False,2019,794380
480,6,1,Nabeul,Nabeul,apartment,6,4,True,False,False,1994,1162425
227,1,4,Gafsa,Gafsa,house,0,7,False,True,False,1990,394466
106,4,1,Hammamet,Hammamet,house,0,6,True,False,False,2003,238564
167,5,3,Bizerte,Bizerte,villa,0,1,False,False,False,1990,374186
430,4,4,Tataouine,Tataouine,house,0,1,False,True,False,1997,1155520
73,1,1,Soukra,Tunis,house,0,9,False,True,False,1995,385825
136,1,1,Hammamet,Hammamet,villa,0,8,True,False,True,2017,537316
328,4,2,Nabeul,Nabeul,villa,0,1,False,False,False,1999,1310688
185,4,1,Gabès,Gabès,house,0,4,True,True,False,2010,423999
463,5,2,Gafsa,Gafsa,house,0,3,False,True,False,2009,1018559
153,5,2,Sousse,Sousse,villa,0,2,True,True,True,2014,797418
137,2,1,Kairouan,Kairouan,house,0,5,True,True,False,2004,213604
254,3,4,Bizerte,Bizerte,house,0,2,True,False,False,2014,391920
181,5,2,Centre Ville,Tunis,villa,0,5,False,True,False,2000,1317584
364,2,2,Gabès,Gabès,villa,0,6,False,False,True,1993,1033695
380,4,2,Gafsa,Gafsa,apartment,2,8,True,False,False,1993,385912
344,5,2,Nabeul,Nabeul,house,0,6,True,True,False,2009,908035
177,6,4,Monastir,Monastir,house,0,7,True,False,False,2018,305582
483,3,1,Hammamet,Hammamet,house,0,7,False,True,False,2015,1098197
182,1,2,Gabès,Gabès,apartment,6,4,False,False,False,2007,176758
476,4,1,Sousse,Sousse,apartment,2,7,True,False,False,2019,970411
399,6,2,Nabeul,Nabeul,apartment,4,2,False,False,False,1999,450550
213,7,4,Nabeul,Nabeul,apartment,1,6,True,False,False,2004,311589
408,3,4,Hammamet,Hammamet,apartment,6,4,False,False,False,2002,437702
494,5,2,La Marsa,Tunis,villa,0,4,True,True,True,2007,6053496
224,1,1,Hammamet,Hammamet,apartment,7,4,True,False,False,2008,516499
276,7,2,Monastir,Monastir,house,0,7,True,False,False,2023,450581
248,3,3,Nabeul,Nabeul,house,0,8,True,False,False,2002,441565
339,2,3,Carthage,Tunis,villa,0,7,False,True,True,2013,2994715
451,6,2,Nabeul,Nabeul,house,0,5,True,False,False,2008,1119926
362,2,1,Gafsa,Gafsa,house,0,2,True,False,False,2015,893782
300,6,4,Nabeul,Nabeul,house,0,2,True,False,False,2018,1010809
221,3,3,Bizerte,Bizerte,villa,0,6,True,True,False,2014,419026
491,7,3,Monastir,Monastir,house,0,8,False,True,False,2005,554401
63,6,3,Sousse,Sousse,apartment,5,5,True,False,False,2004,88667
486,2,1,Tataouine,Tataouine,villa,0,1,False,False,False,2013,1345092
440,6,2,Ariana,Tunis,house,0,8,False,False,False,2004,1250964
334,6,2,Tataouine,Tataouine,house,0,7,False,True,False,2002,710316
343,2,3,Sousse,Sousse,house,0,3,False,False,False,2006,1290612
327,3,2,Kairouan,Kairouan,villa,0,4,True,False,False,2010,819260
223,4,3,Gabès,Gabès,villa,0,8,False,False,False,2023,405895
407,2,3,Nabeul,Nabeul,apartment,7,5,True,False,False,2007,776922
51,6,4,Kairouan,Kairouan,villa,0,2,True,False,True,2022,215728
192,4,4,Gafsa,Gafsa,villa,0,4,False,True,False,1997,353092
483,2,3,Kairouan,Kairouan,villa,0,4,True,True,True,2016,2518907
343,7,1,Nabeul,Nabeul,house,0,7,False,True,False,2019,752215
400,4,3,Nabeul,Nabeul,house,0,9,False,True,False,1996,779750
329,4,3,Tataouine,Tataouine,house,0,2,False,True,False,1990,867546
140,5,2,Gafsa,Gafsa,apartment,5,6,True,False,False,2016,163581
239,7,3,Hammamet,Hammamet,house,0,3,True,False,False,2017,936033
116,1,1,Nabeul,Nabeul,villa,0,3,False,True,False,2013,474335
154,7,4,Monastir,Monastir,apartment,8,5,False,False,False,2016,151659
116,1,1,Gabès,Gabès,villa,0,3,False,True,True,1996,565398
215,4,4,Gafsa,Gafsa,villa,0,4,False,False,False,2015,707745
375,5,4,Monastir,Monastir,house,0,6,False,True,False,1992,465036
132,2,3,Nabeul,Nabeul,house,0,1,True,False,False,1990,425513
327,4,2,Gabès,Gabès,villa,0,6,False,False,False,2019,608847
96,1,4,Sfax,Sfax,house,0,4,False,True,False,2023,172204
481,6,4,Kairouan,Kairouan,house,0,2,False,True,False,2012,1049353
304,5,4,Centre Ville,Tunis,villa,0,5,False,False,True,2005,1189749
87,5,2,Sousse,Sousse,apartment,5,8,False,False,False,2002,241581
134,1,4,Tataouine,Tataouine,villa,0,3,False,False,True,2012,541580
414,5,3,Kairouan,Kairouan,house,0,8,False,False,False,2004,566616
176,1,2,Hammamet,Hammamet,apartment,5,8,True,False,False,1999,315342
339,3,1,Gafsa,Gafsa,villa,0,6,False,True,True,2022,1625104
249,2,1,Gabès,Gabès,villa,0,8,True,False,True,2012,487476
334,6,4,Sfax,Sfax,villa,0,9,True,True,False,2014,1011026
427,6,1,Nabeul,Nabeul,villa,0,9,False,False,False,1991,1448964
453,1,4,Nabeul,Nabeul,house,0,5,True,True,False,1995,851312
114,5,2,Gabès,Gabès,apartment,2,4,False,False,False,1992,187689
466,3,3,Tataouine,Tataouine,house,0,8,True,False,False,1993,446789
376,7,4,Hammamet,Hammamet,house,0,3,False,True,False,2012,854911
439,1,1,Sfax,Sfax,house,0,2,True,False,False,2020,384469
233,6,4,Hammamet,Hammamet,apartment,9,2,False,False,False,2010,340273
92,4,4,Gafsa,Gafsa,villa,0,3,True,True,False,2003,321024
132,1,3,Ariana,Tunis,apartment,2,4,False,False,False,2018,234234
121,1,1,Carthage,Tunis,villa,0,1,False,True,False,2019,1193587
82,5,4,Hammamet,Hammamet,apartment,4,6,False,False,False,2002,227402
426,1,1,Gafsa,Gafsa,villa,0,7,False,True,False,2018,1506792
204,7,3,Bizerte,Bizerte,house,0,1,True,True,False,2022,470731
299,2,1,Hammamet,Hammamet,villa,0,5,False,True,False,1990,799937
427,2,3,Tataouine,Tataouine,house,0,4,False,True,False,2001,897840
437,1,4,Bizerte,Bizerte,apartment,5,1,True,False,False,2012,791424
477,1,1,Sfax,Sfax,apartment,8,6,True,False,False,2023,994087
282,5,2,Sousse,Sousse,villa,0,4,True,False,True,2011,1832513
219,2,3,Nabeul,Nabeul,house,0,4,False,False,False,2020,377853
99,6,4,Sousse,Sousse,villa,0,5,True,False,False,1994,210611
297,5,3,Hammamet,Hammamet,house,0,5,False,False,False,2002,755674
354,3,3,Gabès,Gabès,villa,0,3,False,True,True,2023,1496548
388,7,4,Gabès,Gabès,house,0,3,False,True,False,2003,499799
325,6,2,Sfax,Sfax,house,0,9,False,False,False,2020,818298
438,7,3,Nabeul,Nabeul,house,0,1,True,False,False,2008,1406907
93,2,1,Centre Ville,Tunis,apartment,8,5,False,False,False,2017,200740
192,4,3,Bizerte,Bizerte,villa,0,4,True,True,True,2020,631419
474,4,3,La Marsa,Tunis,villa,0,4,True,False,True,2013,3454256
286,1,3,Nabeul,Nabeul,house,0,2,False,False,False,2021,811118
273,6,3,Gafsa,Gafsa,apartment,4,7,True,False,False,2016,384798
149,3,1,Sfax,Sfax,villa,0,3,False,True,False,1994,465659
212,2,3,Monastir,Monastir,villa,0,2,False,True,False,2011,477854
148,7,3,Tataouine,Tataouine,house,0,2,False,False,False,2009,150533
56,3,2,Nabeul,Nabeul,villa,0,1,True,False,True,2023,369847
142,7,2,Kairouan,Kairouan,apartment,3,5,True,False,False,2023,120114
473,7,3,Tataouine,Tataouine,apartment,9,3,False,False,False,2003,637982
466,4,1,Gabès,Gabès,apartment,8,8,True,False,False,2004,614952
325,5,1,Monastir,Monastir,villa,0,3,False,False,False,2011,420264
423,6,3,Tataouine,Tataouine,house,0,1,True,True,False,2012,448150
114,1,1,Gafsa,Gafsa,villa,0,2,False,False,True,1991,406969
288,3,4,Kairouan,Kairouan,house,0,7,True,True,False,1997,796712
353,2,3,Gabès,Gabès,house,0,9,False,False,False,1996,841071
410,1,3,Nabeul,Nabeul,apartment,9,8,True,False,False,1990,851873
78,6,4,Gafsa,Gafsa,apartment,7,8,True,False,False,1991,79803
376,3,1,Sousse,Sousse,apartment,1,6,False,False,False,2007,727785
387,7,3,Gabès,Gabès,apartment,1,4,True,False,False,2007,481768
409,5,4,Tataouine,Tataouine,house,0,2,False,False,False,2020,400689
236,2,2,Monastir,Monastir,apartment,3,5,False,False,False,2004,223350
92,1,2,La Marsa,Tunis,villa,0,8,False,False,True,2022,965315
451,2,4,Gabès,Gabès,house,0,5,False,True,False,2017,472088
222,4,3,Gabès,Gabès,house,0,4,True,False,False,2023,499393
126,7,4,Sousse,Sousse,apartment,6,7,False,False,False,2006,136836
189,1,3,Tataouine,Tataouine,villa,0,6,False,True,False,2019,445172
403,6,1,Sousse,Sousse,house,0,9,False,True,False,2001,1581570
374,3,1,Kairouan,Kairouan,villa,0,1,True,False,False,2011,660489
236,7,3,Tataouine,Tataouine,villa,0,2,True,True,False,2015,556979
365,4,4,Sousse,Sousse,apartment,2,7,False,False,False,1999,976302
224,7,3,Gafsa,Gafsa,house,0,7,True,False,False,2015,568224
239,2,1,Soukra,Tunis,house,0,8,True,False,False,2009,681178
128,5,1,Gafsa,Gafsa,house,0,3,False,False,False,2020,123402
171,7,1,Gabès,Gabès,villa,0,7,True,True,True,2006,492849
301,6,4,Tataouine,Tataouine,apartment,5,4,False,False,False,1997,440904
367,6,2,Monastir,Monastir,villa,0,8,False,False,False,2011,1241928
461,6,3,Hammamet,Hammamet,villa,0,9,True,False,False,2012,1175195
414,7,1,Hammamet,Hammamet,villa,0,8,True,False,True,1994,2448599
376,7,2,Sousse,Sousse,apartment,5,5,True,False,False,2010,744276
465,7,1,Gafsa,Gafsa,house,0,3,True,False,False,1994,447861
377,7,1,Tataouine,Tataouine,apartment,9,6,False,False,False,1990,365840
252,4,1,Bizerte,Bizerte,apartment,4,1,True,False,False,2004,271585
493,6,3,Hammamet,Hammamet,apartment,6,8,True,False,False,2011,831138
275,6,4,Gabès,Gabès,house,0,2,True,True,False,2011,344203
386,3,4,Sfax,Sfax,apartment,8,8,False,False,False,2012,374265
78,1,2,Gafsa,Gafsa,apartment,2,1,True,False,False,1997,114332
440,7,3,Gabès,Gabès,house,0,3,True,True,False,1991,1142677
461,4,1,Tataouine,Tataouine,villa,0,8,False,False,False,1991,920746
494,1,2,Kairouan,Kairouan,villa,0,2,False,False,False,2014,1277602
400,6,1,Gabès,Gabès,villa,0,2,True,True,True,2005,2075673
101,2,1,Monastir,Monastir,apartment,0,3,False,False,False,1992,196586
125,2,1,Sousse,Sousse,house,0,2,True,True,False,2014,557431
420,1,3,Lac 2,Tunis,house,0,9,False,True,False,1990,1949547
355,7,4,Sousse,Sousse,villa,0,3,True,True,False,1994,1719940
398,5,1,Gafsa,Gafsa,villa,0,4,False,True,False,1995,1100734
407,6,3,Hammamet,Hammamet,house,0,6,True,False,False,1993,635999
321,2,3,Gabès,Gabès,house,0,8,True,False,False,1995,322138
97,5,1,Sfax,Sfax,villa,0,6,False,False,False,1991,321543
280,1,3,Sousse,Sousse,house,0,5,False,True,False,2017,805284
268,5,1,Kairouan,Kairouan,apartment,4,8,True,False,False,2020,461496
218,1,2,Hammamet,Hammamet,villa,0,4,False,False,True,2009,711311
479,2,1,Gafsa,Gafsa,villa,0,5,False,True,False,2010,1088786
418,1,2,Bizerte,Bizerte,villa,0,2,True,False,False,2022,1534534
144,4,4,Hammamet,Hammamet,apartment,3,6,False,False,False,1997,337996
103,4,2,Gafsa,Gafsa,villa,0,6,False,True,True,1992,258546
327,5,2,Hammamet,Hammamet,apartment,6,4,True,False,False,2008,689721
224,6,4,Tataouine,Tataouine,villa,0,8,False,False,False,2014,329978
138,2,3,Nabeul,Nabeul,house,0,9,True,False,False,2006,454574
415,3,1,Nabeul,Nabeul,house,0,4,False,True,False,2007,1000556
438,6,4,Tataouine,Tataouine,villa,0,5,False,False,True,2016,1669389
201,6,3,Gafsa,Gafsa,villa,0,9,True,True,True,1997,448501
53,5,4,Nabeul,Nabeul,apartment,2,5,False,False,False,2019,138775
161,1,2,Nabeul,Nabeul,villa,0,1,False,False,True,2008,577768
179,3,1,Monastir,Monastir,villa,0,6,True,True,False,2011,573097
274,3,3,Hammamet,Hammamet,villa,0,8,False,False,False,2011,635044
414,6,1,Bizerte,Bizerte,apartment,3,1,False,False,False,1994,480240
265,2,2,Sfax,Sfax,apartment,7,8,True,False,False,2011,448984
328,4,4,Tataouine,Tataouine,house,0,4,True,True,False,2003,671365
380,6,4,Nabeul,Nabeul,villa,0,3,True,False,True,2005,2487270
341,4,4,Bizerte,Bizerte,villa,0,1,True,True,False,2003,941470
66,1,4,Tataouine,Tataouine,house,0,1,False,True,False,1991,187249
305,7,2,Sfax,Sfax,apartment,0,9,True,False,False,2011,537251
152,3,2,Gabès,Gabès,villa,0,7,True,False,False,2003,341748
182,3,4,Gabès,Gabès,apartment,7,8,True,False,False,2009,297351
398,1,2,Tataouine,Tataouine,villa,0,2,False,False,True,1990,1774723
413,3,3,Nabeul,Nabeul,apartment,3,3,False,False,False,2005,844502
89,6,4,Sfax,Sfax,house,0,8,True,False,False,2021,192140
387,5,4,Monastir,Monastir,house,0,6,True,True,False,2023,1057566
321,5,4,Lac 1,Tunis,villa,0,1,False,True,True,2020,3442174
355,4,2,Hammamet,Hammamet,house,0,6,False,True,False,1992,647558
61,3,2,Gafsa,Gafsa,apartment,4,7,False,False,False,2022,44554
67,2,2,Bizerte,Bizerte,house,0,4,False,False,False,1994,87100
111,4,4,Sousse,Sousse,apartment,3,7,True,False,False,1990,162657
116,7,1,Sfax,Sfax,villa,0,6,True,True,False,2009,301165
186,7,2,Nabeul,Nabeul,apartment,2,8,False,False,False,1991,264715
319,1,3,Gabès,Gabès,villa,0,4,False,True,True,2019,980729
491,6,3,Hammamet,Hammamet,house,0,3,True,True,False,2003,1070467
382,7,1,Gabès,Gabès,house,0,4,False,True,False,2013,912909
184,4,1,Nabeul,Nabeul,apartment,5,7,True,False,False,2011,535782
111,7,2,Kairouan,Kairouan,apartment,1,7,True,False,False,2015,84941
318,4,3,Soukra,Tunis,house,0,3,False,False,False,1999,959294
141,5,4,Gabès,Gabès,apartment,3,5,True,False,False,2008,262581
64,5,1,Kairouan,Kairouan,apartment,4,2,True,False,False,1996,92736
127,5,1,Nabeul,Nabeul,house,0,6,True,True,False,2016,369787
234,5,3,Kairouan,Kairouan,villa,0,9,True,False,True,2006,734540
259,3,4,Sousse,Sousse,house,0,5,False,False,False,2019,758383
418,4,2,Monastir,Monastir,apartment,3,4,False,False,False,2010,596235
262,7,4,Ariana,Tunis,apartment,5,6,True,False,False,2019,951158
142,5,2,Gafsa,Gafsa,house,0,5,True,False,False,2023,338194
315,1,4,Kairouan,Kairouan,apartment,4,3,False,False,False,2000,276444
129,3,4,La Marsa,Tunis,villa,0,4,True,False,False,1990,495909
316,5,3,Sousse,Sousse,apartment,6,8,True,False,False,2007,838923
394,7,3,Gafsa,Gafsa,villa,0,1,False,False,True,2005,1182321
392,6,3,Carthage,Tunis,house,0,8,True,True,False,1995,1555049
263,7,1,Sousse,Sousse,apartment,8,7,True,False,False,2017,385063
87,3,4,Sousse,Sousse,house,0,9,True,True,False,2005,376372
371,5,2,Gafsa,Gafsa,villa,0,5,False,False,True,1999,895225
451,2,4,Tataouine,Tataouine,house,0,9,False,True,False,2010,1238781
351,6,1,Gafsa,Gafsa,house,0,7,True,True,False,2020,662366
474,3,1,Nabeul,Nabeul,villa,0,5,False,False,False,1999,1188678
145,4,1,Bizerte,Bizerte,apartment,4,1,False,False,False,2008,193604
306,2,2,Tataouine,Tataouine,apartment,2,7,False,False,False,1991,357652
216,4,4,Nabeul,Nabeul,villa,0,2,True,False,True,2000,661691
364,5,2,Sfax,Sfax,apartment,9,1,False,False,False,1992,311292
65,1,4,Kairouan,Kairouan,apartment,2,4,False,False,False,2017,66300
102,4,4,Nabeul,Nabeul,house,0,9,False,True,False,1998,410625
156,5,1,Sfax,Sfax,apartment,1,6,False,False,False,2023,248726
374,3,1,Hammamet,Hammamet,villa,0,5,False,True,True,2009,2814094
344,2,4,Nabeul,Nabeul,villa,0,2,True,False,True,1990,2063997
168,1,4,Hammamet,Hammamet,house,0,6,False,True,False,1990,361513
111,5,2,Bizerte,Bizerte,villa,0,1,False,False,False,1996,266453
52,4,3,Tataouine,Tataouine,house,0,4,True,True,False,2010,67896
61,5,4,Gafsa,Gafsa,house,0,7,True,True,False,2020,82065
493,3,1,Bizerte,Bizerte,apartment,1,3,False,False,False,2000,605798
466,5,4,Tataouine,Tataouine,house,0,2,True,False,False,2016,519049
383,2,1,Sousse,Sousse,apartment,4,1,True,False,False,1998,595986
443,6,3,Hammamet,Hammamet,house,0,2,False,True,False,2006,1341731
60,4,1,Hammamet,Hammamet,house,0,1,False,True,False,2007,161853
336,2,1,Bizerte,Bizerte,house,0,2,False,True,False,2009,781068
107,1,3,Bizerte,Bizerte,apartment,9,8,True,False,False,2000,113248
126,1,1,Soukra,Tunis,house,0,2,False,True,False,2003,294324
263,1,4,Bizerte,Bizerte,apartment,8,7,False,False,False,2018,278569
355,3,1,Bizerte,Bizerte,house,0,7,True,False,False,1993,533032
379,3,3,Lac 1,Tunis,house,0,7,False,False,False,2005,1122370
495,2,1,Carthage,Tunis,villa,0,1,True,True,True,1996,3277699
93,6,2,Hammamet,Hammamet,house,0,1,False,True,False,1998,187835
153,2,4,Sousse,Sousse,house,0,5,False,True,False,2007,581018
411,2,3,Gabès,Gabès,apartment,7,5,True,False,False,2017,693587
244,2,4,Sousse,Sousse,house,0,8,True,False,False,2021,460022
432,3,1,Sousse,Sousse,villa,0,1,False,True,True,1991,1485144
60,7,3,Sousse,Sousse,apartment,0,9,False,False,False,1990,85176
66,2,4,Bizerte,Bizerte,apartment,1,6,False,False,False,1993,118219
120,5,1,Sousse,Sousse,apartment,8,3,True,False,False,1994,331581
366,5,2,Kairouan,Kairouan,villa,0,1,False,False,True,2003,1139407
128,5,2,Kairouan,Kairouan,apartment,8,3,True,False,False,1990,172784
67,2,2,Sousse,Sousse,house,0,4,False,False,False,2010,230780
204,3,3,Gabès,Gabès,villa,0,8,False,True,False,2003,287914
488,3,2,Gafsa,Gafsa,apartment,4,8,False,False,False,2013,319347
73,2,1,Gabès,Gabès,house,0,3,False,True,False,2000,68730
61,7,4,Tataouine,Tataouine,apartment,0,3,False,False,False,1995,98917
128,7,3,Sousse,Sousse,apartment,5,4,True,False,False,2010,336752
98,2,1,Gafsa,Gafsa,house,0,5,False,False,False,2012,129540
187,6,2,Kairouan,Kairouan,apartment,4,5,False,False,False,2018,243249
473,5,2,Sousse,Sousse,villa,0,3,False,False,True,1994,1761171
154,7,3,Gabès,Gabès,apartment,7,7,True,False,False,1993,164028
201,2,3,Sfax,Sfax,house,0,2,False,True,False,1997,435973
499,6,4,Monastir,Monastir,villa,0,2,False,True,True,1993,1535145
383,5,4,Sfax,Sfax,house,0,7,True,True,False,2009,1106443
205,5,4,Gafsa,Gafsa,house,0,2,False,False,False,2017,300398
378,7,4,Nabeul,Nabeul,apartment,2,6,True,False,False,1994,409124
474,5,3,Kairouan,Kairouan,house,0,2,True,True,False,2023,566521
94,1,1,Sousse,Sousse,apartment,2,5,False,False,False,2016,177998
463,3,1,Nabeul,Nabeul,villa,0,7,False,False,False,2023,914073
457,2,2,Sfax,Sfax,villa,0,8,False,False,True,1992,2022411
91,4,3,Gafsa,Gafsa,house,0,2,False,False,False,2018,85459
106,1,3,Gabès,Gabès,house,0,4,False,False,False,2017,219157
456,5,1,Gabès,Gabès,apartment,9,8,False,False,False,2021,509260
374,5,4,Hammamet,Hammamet,apartment,6,2,False,False,False,1999,515222
204,3,2,Hammamet,Hammamet,house,0,8,False,False,False,2012,632342
447,4,4,Bizerte,Bizerte,house,0,7,True,False,False,2021,885945
261,1,1,Bizerte,Bizerte,house,0,9,True,False,False,2021,702554
127,2,2,Monastir,Monastir,apartment,6,7,True,False,False,2023,144764
220,2,4,Gafsa,Gafsa,apartment,5,4,True,False,False,2011,255024
471,1,2,Carthage,Tunis,house,0,6,False,False,False,2000,2049980
297,7,1,La Marsa,Tunis,villa,0,5,True,True,True,2018,1788419
146,6,1,Gafsa,Gafsa,house,0,8,True,False,False,1995,318385
330,2,1,Bizerte,Bizerte,house,0,4,False,True,False,2020,453779
162,1,4,Bizerte,Bizerte,house,0,2,False,True,False,2006,201822
469,5,3,Nabeul,Nabeul,apartment,8,7,True,False,False,2001,862772
406,6,2,Bizerte,Bizerte,villa,0,1,True,False,True,1995,1235356
414,3,4,Bizerte,Bizerte,apartment,5,5,True,False,False,2015,509468
155,5,1,Bizerte,Bizerte,house,0,7,True,False,False,2000,169260
155,7,4,Sfax,Sfax,villa,0,9,True,False,False,2011,424425
483,5,2,Sousse,Sousse,villa,0,9,True,True,True,2021,3898980
77,6,4,Gabès,Gabès,apartment,1,7,False,False,False,1994,66281
169,6,1,Monastir,Monastir,house,0,4,True,False,False,2006,210384
470,4,3,Gafsa,Gafsa,house,0,9,False,True,False,2013,1168378
177,2,2,Nabeul,Nabeul,apartment,2,5,True,False,False,1995,396975
185,5,4,Kairouan,Kairouan,apartment,9,3,True,False,False,2010,348562
366,3,2,Kairouan,Kairouan,house,0,3,True,True,False,2021,728482
181,3,4,Nabeul,Nabeul,apartment,4,6,False,False,False,2007,234793
329,4,3,Tataouine,Tataouine,apartment,6,2,False,False,False,2012,318735
50,4,2,Hammamet,Hammamet,house,0,2,False,True,False,2015,139339
445,5,1,Nabeul,Nabeul,house,0,3,True,False,False,1996,1433765
273,4,1,Kairouan,Kairouan,villa,0,5,True,True,True,2016,839363
421,7,3,Sousse,Sousse,villa,0,8,False,False,False,2014,2016960
368,1,1,Hammamet,Hammamet,apartment,5,7,False,False,False,1999,657542
250,1,2,Bizerte,Bizerte,villa,0,6,True,False,False,1995,748818
360,2,1,Hammamet,Hammamet,apartment,5,6,False,False,False,2013,824256
408,7,1,Sfax,Sfax,villa,0,7,True,True,True,1992,1826073
190,6,3,Bizerte,Bizerte,apartment,5,2,False,False,False,2004,323152
104,1,1,Nabeul,Nabeul,apartment,2,6,False,False,False,2017,288537
219,4,3,Bizerte,Bizerte,house,0,1,False,False,False,2019,500160
296,7,1,Tataouine,Tataouine,house,0,1,True,False,False,1994,642261
430,6,3,Gabès,Gabès,apartment,7,5,True,False,False,2003,343501
240,4,1,Hammamet,Hammamet,house,0,3,False,False,False,2001,402480
239,3,4,Hammamet,Hammamet,villa,0,3,False,False,False,2010,718606
242,3,4,Sfax,Sfax,house,0,6,False,True,False,1991,491682
280,6,2,Nabeul,Nabeul,house,0,2,True,False,False,2023,709057
370,2,2,Hammamet,Hammamet,villa,0,2,True,True,False,2012,2082459
385,3,1,Kairouan,Kairouan,villa,0,7,True,False,True,1995,913404
258,7,4,Nabeul,Nabeul,apartment,8,7,True,False,False,1995,535406
314,5,4,Monastir,Monastir,house,0,6,True,True,False,2015,741152
296,1,3,Sfax,Sfax,villa,0,8,False,True,True,1997,589408
74,7,4,Nabeul,Nabeul,house,0,6,True,False,False,2000,100242
312,2,4,La Marsa,Tunis,apartment,5,8,True,False,False,2020,903520
86,3,2,Monastir,Monastir,house,0,1,False,False,False,2021,218680
151,3,1,Bizerte,Bizerte,house,0,6,True,True,False,2021,309980
196,7,3,Gafsa,Gafsa,house,0,7,True,False,False,2013,443046
235,6,4,Sousse,Sousse,apartment,7,6,True,False,False,1991,300541
478,2,4,Gabès,Gabès,apartment,0,9,True,False,False,1999,509528
55,3,4,Nabeul,Nabeul,house,0,1,False,False,False,2006,112569
406,5,3,Nabeul,Nabeul,villa,0,7,False,True,False,1990,1713229
223,5,4,Sfax,Sfax,house,0,6,False,False,False,1991,323064
445,5,3,Lac 2,Tunis,villa,0,9,False,True,True,1997,2824630
385,6,3,Nabeul,Nabeul,villa,0,5,False,False,True,2018,2034592
315,4,2,Sfax,Sfax,villa,0,4,True,False,False,2001,455799
379,6,4,Gafsa,Gafsa,villa,0,4,False,True,True,1996,1296305
421,1,4,Hammamet,Hammamet,house,0,4,False,False,False,2006,748706
107,6,3,Monastir,Monastir,apartment,2,1,True,False,False,2007,152526
153,4,4,Gafsa,Gafsa,apartment,2,4,True,False,False,1996,268349
248,3,1,Nabeul,Nabeul,apartment,2,8,True,False,False,2021,633396
469,1,1,Nabeul,Nabeul,apartment,2,8,True,False,False,2023,1300068
127,4,3,Tataouine,Tataouine,villa,0,7,False,False,True,1999,344966
104,4,4,Sousse,Sousse,house,0,7,True,False,False,2000,253994
62,4,3,Nabeul,Nabeul,villa,0,5,True,True,False,1999,352355
356,2,3,Tataouine,Tataouine,villa,0,7,False,True,True,2013,837171
202,4,4,Sousse,Sousse,house,0,9,True,False,False,2022,318964
283,7,4,Kairouan,Kairouan,house,0,7,True,True,False,2019,422544
170,5,2,Gafsa,Gafsa,apartment,4,5,False,False,False,2023,219368
70,4,2,Carthage,Tunis,house,0,8,True,True,False,2021,394143
271,5,1,Ariana,Tunis,house,0,7,True,False,False,2016,721334
254,7,2,Monastir,Monastir,house,0,4,True,True,False,2020,404874
286,4,2,Gafsa,Gafsa,apartment,3,2,False,False,False,1997,374088
364,5,3,Gabès,Gabès,villa,0,2,False,True,True,2014,963170
308,5,2,Tataouine,Tataouine,apartment,9,5,True,False,False,2011,293647
250,5,4,Nabeul,Nabeul,house,0,9,False,False,False,2001,579540
91,4,1,Monastir,Monastir,villa,0,2,True,False,True,2007,333591
476,5,1,Tataouine,Tataouine,villa,0,3,True,True,True,2006,1559220
444,1,3,Sousse,Sousse,house,0,9,False,False,False,1995,1331254
55,3,3,Monastir,Monastir,apartment,6,7,True,False,False,2023,93231
465,4,4,Kairouan,Kairouan,house,0,5,False,False,False,1990,483600
418,2,3,Lac 1,Tunis,villa,0,3,False,True,False,2011,3785625
354,2,2,Sfax,Sfax,house,0,3,True,False,False,2016,501378
71,6,1,Bizerte,Bizerte,villa,0,7,False,True,True,2019,268429
455,3,1,Tataouine,Tataouine,villa,0,6,True,False,True,2004,1515025
358,7,1,Sousse,Sousse,apartment,6,1,True,False,False,1995,1100635
386,2,3,Tataouine,Tataouine,house,0,4,True,True,False,2019,376494
235,6,1,Nabeul,Nabeul,villa,0,5,False,False,True,2009,1200981
104,7,3,Bizerte,Bizerte,house,0,3,False,False,False,1995,263153
205,2,1,Gabès,Gabès,house,0,4,False,True,False,1999,561909
474,5,3,Tataouine,Tataouine,house,0,2,False,False,False,2011,1042610
313,4,4,Monastir,Monastir,apartment,0,8,False,False,False,2003,500800
100,6,1,Gafsa,Gafsa,apartment,2,3,True,False,False,1990,161868
410,5,4,Tataouine,Tataouine,apartment,0,1,True,False,False,2006,396060
340,3,1,Nabeul,Nabeul,villa,0,4,True,True,False,2003,1442842
299,5,3,Ariana,Tunis,villa,0,9,True,True,True,1998,3029190
72,7,2,Nabeul,Nabeul,villa,0,9,False,True,True,1996,347601
138,5,3,Carthage,Tunis,villa,0,8,False,True,False,1997,596209
475,7,1,Hammamet,Hammamet,house,0,4,True,True,False,2002,2066889
223,5,1,Sfax,Sfax,house,0,7,True,True,False,2017,494215
389,7,3,Tataouine,Tataouine,house,0,6,True,False,False,2015,780760
79,5,4,Kairouan,Kairouan,apartment,4,3,False,False,False,2005,77040
387,1,4,Ariana,Tunis,villa,0,7,True,True,False,2017,2583886
299,3,4,Monastir,Monastir,house,0,8,False,True,False,2000,366684
239,5,1,Sfax,Sfax,house,0,3,True,True,False,2023,689869
493,3,2,Gafsa,Gafsa,villa,0,2,True,False,False,2021,735725
257,2,4,Nabeul,Nabeul,villa,0,2,False,True,False,2022,1353771
109,2,2,Nabeul,Nabeul,house,0,9,True,False,False,1991,234604
337,1,4,Centre Ville,Tunis,house,0,2,True,False,False,2022,1460745
161,4,3,Lac 2,Tunis,villa,0,1,True,True,False,2022,1184905
136,6,4,Monastir,Monastir,apartment,2,2,False,False,False,1999,95961
461,7,4,Gafsa,Gafsa,apartment,6,7,False,False,False,2001,888439
164,1,1,Sfax,Sfax,house,0,6,True,True,False,2004,425316
133,7,2,Sousse,Sousse,apartment,9,1,False,False,False,2012,199021
322,2,1,Sousse,Sousse,apartment,8,6,True,False,False,1993,871486
400,3,4,La Marsa,Tunis,apartment,1,6,True,False,False,1992,2035320
433,3,2,Sousse,Sousse,house,0,1,False,True,False,1992,1151693
75,1,2,Gabès,Gabès,house,0,3,False,True,False,1993,157443
215,2,4,Bizerte,Bizerte,house,0,1,False,False,False,1992,444964
303,3,1,Sousse,Sousse,apartment,5,6,True,False,False,2005,384834
275,2,3,Nabeul,Nabeul,apartment,5,2,True,False,False,2019,747054
129,2,4,Sousse,Sousse,villa,0,8,False,False,False,2009,577899
276,7,3,Sfax,Sfax,villa,0,7,True,False,True,2023,1318831
322,3,4,Monastir,Monastir,apartment,2,6,True,False,False,2012,599113
487,7,1,Gabès,Gabès,villa,0,3,True,False,False,2020,1002164
376,6,4,Gabès,Gabès,house,0,3,True,True,False,2023,1054605
126,1,2,Gabès,Gabès,apartment,9,3,True,False,False,2010,254016
115,1,2,Monastir,Monastir,house,0,3,False,False,False,2013,144596
441,7,1,Sfax,Sfax,apartment,7,2,True,False,False,2007,356733
153,2,4,Sousse,Sousse,apartment,7,3,True,False,False,2023,225167
415,6,2,Centre Ville,Tunis,house,0,6,True,False,False,1999,1841326
67,1,3,Gafsa,Gafsa,villa,0,7,False,True,False,2018,147942
471,7,2,Gafsa,Gafsa,house,0,9,False,False,False,2006,1048257
100,5,3,Lac 2,Tunis,apartment,7,6,True,False,False,2007,178080
198,3,1,Hammamet,Hammamet,villa,0,9,False,False,False,2006,664614
414,6,1,Gabès,Gabès,villa,0,4,True,False,False,2021,631601
241,4,4,Nabeul,Nabeul,apartment,3,5,True,False,False,2015,298194
296,2,2,Bizerte,Bizerte,villa,0,1,True,True,False,1997,772429
93,3,4,Monastir,Monastir,house,0,4,True,False,False,2010,216923
396,7,4,Sousse,Sousse,house,0,7,True,False,False,2022,600648
219,1,4,Gafsa,Gafsa,house,0,2,False,True,False,2012,359018
358,1,1,Nabeul,Nabeul,apartment,7,7,True,False,False,1996,410482
179,1,4,Kairouan,Kairouan,apartment,7,1,True,False,False,2018,247943
360,5,3,Sousse,Sousse,villa,0,6,False,False,False,2013,1812585
161,1,3,Bizerte,Bizerte,apartment,7,1,True,False,False,2003,198261
165,5,1,La Marsa,Tunis,apartment,8,6,True,False,False,1992,836797
125,6,2,Sfax,Sfax,house,0,2,False,False,False,2020,287560
125,2,1,Tataouine,Tataouine,villa,0,5,False,False,False,2000,149760
346,6,4,Hammamet,Hammamet,villa,0,1,False,True,True,2016,2654712
274,7,2,Bizerte,Bizerte,villa,0,5,False,True,True,2021,1061299
121,3,2,Kairouan,Kairouan,villa,0,8,False,False,False,2018,331927
312,2,1,Bizerte,Bizerte,house,0,3,True,False,False,2021,798950
111,2,4,Hammamet,Hammamet,house,0,5,True,True,False,2008,410399
416,7,4,Monastir,Monastir,house,0,6,True,False,False,2018,603273
453,2,2,Sousse,Sousse,villa,0,6,False,False,False,2021,2286707
251,5,3,Soukra,Tunis,apartment,8,3,True,False,False,2005,415881
420,4,4,Kairouan,Kairouan,villa,0,9,True,True,True,1994,2253013
121,5,1,Gafsa,Gafsa,villa,0,4,True,False,True,2008,532280
305,4,1,Bizerte,Bizerte,villa,0,7,True,False,True,2021,853699
60,2,4,Hammamet,Hammamet,villa,0,5,False,True,True,2020,387706
391,3,3,Nabeul,Nabeul,villa,0,7,False,False,True,2008,2089356
144,2,3,Lac 2,Tunis,house,0,7,True,False,False,1998,686387
265,1,2,Monastir,Monastir,house,0,8,True,False,False,1996,316292
349,1,2,Sousse,Sousse,house,0,8,False,True,False,1991,1425343
485,1,3,Tataouine,Tataouine,villa,0,4,False,False,True,2007,1015962
288,2,3,Sousse,Sousse,villa,0,8,False,False,True,2018,656667
434,5,2,Ariana,Tunis,villa,0,5,False,True,True,1990,1519836
118,5,4,Nabeul,Nabeul,villa,0,7,False,True,True,1991,424981
368,6,2,Gabès,Gabès,apartment,9,3,True,False,False,2002,481918
308,2,4,Bizerte,Bizerte,villa,0,7,True,False,False,2006,521579
490,7,4,Lac 2,Tunis,apartment,5,5,True,False,False,1991,1696821
497,7,2,Monastir,Monastir,villa,0,8,True,True,False,1992,1086166
286,5,2,Kairouan,Kairouan,villa,0,4,True,True,False,2005,789145
121,6,4,Nabeul,Nabeul,apartment,6,2,True,False,False,1998,213748
222,6,3,Tataouine,Tataouine,villa,0,6,False,False,False,2023,442437
274,6,2,Monastir,Monastir,villa,0,8,True,True,False,2023,525897
299,7,2,Bizerte,Bizerte,villa,0,7,False,True,False,2016,656905
454,3,2,Monastir,Monastir,villa,0,7,False,True,False,2002,1617336
94,7,3,Kairouan,Kairouan,apartment,6,1,True,False,False,2016,110149
240,7,3,Bizerte,Bizerte,house,0,4,False,False,False,2020,222892
144,4,2,Tataouine,Tataouine,house,0,4,False,False,False,2012,127296
343,1,1,Gabès,Gabès,apartment,4,9,True,False,False,2014,557800
85,7,3,Nabeul,Nabeul,house,0,1,True,False,False,2017,244905
94,1,4,Monastir,Monastir,apartment,7,7,False,False,False,2014,64822
108,3,1,Gabès,Gabès,villa,0,3,True,True,True,2011,449279
432,1,4,Soukra,Tunis,house,0,3,True,True,False,2002,1115025
324,2,1,Gabès,Gabès,apartment,2,8,False,False,False,1991,526435
86,4,4,Bizerte,Bizerte,villa,0,1,False,True,False,2006,329525
429,7,1,Sousse,Sousse,apartment,8,6,False,False,False,2006,1117630
442,2,4,Gafsa,Gafsa,apartment,5,7,True,False,False,2016,473753
306,6,3,Hammamet,Hammamet,apartment,4,5,False,False,False,1991,575769
304,6,3,Carthage,Tunis,villa,0,2,True,False,False,1991,1486961
374,5,3,Tataouine,Tataouine,house,0,3,True,True,False,1990,1035967
195,1,1,Soukra,Tunis,house,0,5,True,False,False,1997,889157
57,4,1,Monastir,Monastir,apartment,5,6,True,False,False,1995,38351
251,2,1,Monastir,Monastir,house,0,7,True,True,False,1992,492351
277,1,2,Tataouine,Tataouine,villa,0,2,True,True,True,2019,539625
185,3,3,Gabès,Gabès,villa,0,9,True,False,True,1994,475999
79,3,3,Kairouan,Kairouan,apartment,4,4,True,False,False,2010,123695
429,2,4,Gafsa,Gafsa,apartment,6,4,True,False,False,2013,636395
201,4,3,Kairouan,Kairouan,apartment,1,7,False,False,False,1995,170769
343,2,1,Bizerte,Bizerte,apartment,8,5,False,False,False,2017,499956
177,3,4,Sousse,Sousse,house,0,4,True,True,False,2002,496237
307,6,4,Tataouine,Tataouine,apartment,6,8,False,False,False,2013,384364
101,7,4,Gafsa,Gafsa,apartment,8,4,True,False,False,1993,82803
101,2,2,Nabeul,Nabeul,house,0,8,True,False,False,1991,270160
476,6,2,Tataouine,Tataouine,apartment,5,8,False,False,False,1995,795110
455,6,3,La Marsa,Tunis,house,0,9,False,False,False,2020,1272908
87,4,3,Kairouan,Kairouan,apartment,9,5,True,False,False,2001,83165
302,2,3,Hammamet,Hammamet,apartment,5,8,False,False,False,2019,408787
368,6,1,Sousse,Sousse,villa,0,3,False,True,False,2018,1114819
266,2,2,Gabès,Gabès,apartment,2,8,True,False,False,2015,500058
392,6,2,Hammamet,Hammamet,house,0,7,False,False,False,2022,1403438
189,5,1,Hammamet,Hammamet,villa,0,3,False,True,True,2012,816712
146,6,2,Gafsa,Gafsa,apartment,1,8,True,False,False,2011,185676
496,3,4,Gafsa,Gafsa,villa,0,3,True,True,True,2009,1484245
476,2,2,Kairouan,Kairouan,house,0,9,False,True,False,2007,628948
76,5,3,Gafsa,Gafsa,villa,0,8,True,False,True,2012,175378
364,5,2,Gafsa,Gafsa,apartment,6,2,True,False,False,1991,354987
216,7,4,Hammamet,Hammamet,villa,0,7,True,True,True,1993,1462026
337,3,2,Soukra,Tunis,villa,0,9,False,True,True,1999,1679793
326,4,1,Gabès,Gabès,apartment,3,3,True,False,False,2018,448549
369,5,1,Bizerte,Bizerte,house,0,8,True,True,False,2000,936128
330,1,4,Hammamet,Hammamet,house,0,4,False,False,False,2000,822135
362,1,2,Sousse,Sousse,apartment,8,4,False,False,False,2023,606856
359,3,4,Tataouine,Tataouine,house,0,6,False,True,False,2006,679701
442,2,4,Bizerte,Bizerte,house,0,6,False,True,False,2016,1111414
295,7,3,Lac 2,Tunis,villa,0,1,False,True,True,1999,2000075
79,7,4,Gafsa,Gafsa,house,0,9,False,False,False,1992,199238
467,6,2,Sfax,Sfax,villa,0,1,False,True,False,2010,867700
137,4,1,Nabeul,Nabeul,house,0,9,False,True,False,2013,439386
165,3,3,Monastir,Monastir,house,0,3,False,False,False,2009,282625
144,7,2,Gabès,Gabès,apartment,7,2,False,False,False,1990,150105
464,4,2,Sousse,Sousse,villa,0,1,True,False,False,2008,1151273
424,3,4,Soukra,Tunis,house,0,2,True,True,False,1996,782107
208,6,4,Tataouine,Tataouine,villa,0,9,False,False,False,1990,512778
385,5,1,Kairouan,Kairouan,house,0,8,False,True,False,2013,661100
357,3,2,Bizerte,Bizerte,house,0,9,True,True,False,2014,899681
158,5,1,Bizerte,Bizerte,apartment,5,8,False,False,False,1998,214374
457,2,3,Kairouan,Kairouan,villa,0,6,False,False,True,2009,1756349
125,3,3,Kairouan,Kairouan,house,0,2,True,False,False,2010,201474
324,1,4,Bizerte,Bizerte,villa,0,2,False,False,True,2019,1217301
155,3,2,Gafsa,Gafsa,apartment,4,2,True,False,False,1999,315214
99,7,4,Kairouan,Kairouan,villa,0,3,False,True,False,2017,389687
445,1,1,Gabès,Gabès,house,0,9,True,False,False,2022,597706
113,3,1,Tataouine,Tataouine,apartment,0,2,True,False,False,1993,225340
274,1,1,Monastir,Monastir,apartment,7,1,True,False,False,2011,470447
450,6,3,Hammamet,Hammamet,villa,0,1,False,True,False,1993,1274486
350,5,2,Hammamet,Hammamet,villa,0,3,False,True,True,2015,1027026
223,6,3,Nabeul,Nabeul,house,0,9,True,True,False,1993,539619
122,2,2,Bizerte,Bizerte,house,0,2,False,True,False,2014,254013
160,2,1,Nabeul,Nabeul,apartment,8,8,True,False,False,2018,245952
118,6,1,Monastir,Monastir,house,0,5,False,True,False,2004,211667
457,4,1,Kairouan,Kairouan,house,0,9,True,False,False,2009,1172254
255,5,1,Centre Ville,Tunis,villa,0,3,True,False,True,2008,1551613
91,4,3,Monastir,Monastir,house,0,2,False,False,False,1990,106280
153,7,1,Gabès,Gabès,villa,0,3,True,True,False,2021,228768
261,3,3,Gafsa,Gafsa,villa,0,7,False,False,True,2013,1085162
206,2,2,Monastir,Monastir,house,0,4,False,True,False,2000,205970
352,6,1,Hammamet,Hammamet,house,0,7,True,True,False,2010,713512
383,1,3,Tataouine,Tataouine,villa,0,4,False,False,True,2014,583618
350,2,2,Nabeul,Nabeul,villa,0,2,True,True,False,2003,932556
154,7,1,Tataouine,Tataouine,house,0,3,True,True,False,1997,173885
218,1,4,Nabeul,Nabeul,villa,0,5,True,True,True,1998,1002563
211,5,1,Gafsa,Gafsa,villa,0,8,False,True,False,2004,755680
431,6,2,Bizerte,Bizerte,villa,0,3,False,True,True,2017,1121819
239,6,3,Gafsa,Gafsa,house,0,7,False,True,False,2015,445668
479,5,2,Monastir,Monastir,villa,0,6,True,True,True,2023,2034064
74,2,2,Tataouine,Tataouine,villa,0,1,False,False,False,2014,244874
353,3,4,Kairouan,Kairouan,villa,0,1,True,False,False,2022,450473
336,7,4,Bizerte,Bizerte,house,0,6,False,True,False,2004,742245
473,2,1,Gafsa,Gafsa,apartment,0,9,False,False,False,2021,553977
472,1,1,Gafsa,Gafsa,villa,0,2,False,True,False,1997,974185
60,5,1,Gafsa,Gafsa,villa,0,2,False,True,False,2008,102263
52,2,1,Kairouan,Kairouan,apartment,5,5,True,False,False,2008,57657
107,7,4,Hammamet,Hammamet,apartment,1,5,False,False,False,2010,238952
167,3,4,Sousse,Sousse,house,0,4,False,False,False,2022,452783
66,5,4,Gabès,Gabès,villa,0,4,False,False,False,2012,118895
203,6,4,Monastir,Monastir,villa,0,2,True,True,True,1999,702708
150,5,3,Gabès,Gabès,apartment,9,6,False,False,False,2003,290880
131,4,3,Monastir,Monastir,house,0,8,True,False,False,1994,227023
426,4,4,Bizerte,Bizerte,apartment,9,4,True,False,False,2014,775797
149,3,2,Monastir,Monastir,apartment,7,4,False,False,False,1999,161992
272,4,4,Nabeul,Nabeul,house,0,2,True,True,False,2000,903235
328,7,1,Gabès,Gabès,house,0,3,True,True,False,2006,621327
281,6,2,Carthage,Tunis,house,0,3,True,False,False,2021,1439903
274,1,3,Gafsa,Gafsa,apartment,8,9,False,False,False,2003,185004
477,6,2,Tataouine,Tataouine,villa,0,4,True,False,True,2013,1687664
429,7,3,La Marsa,Tunis,apartment,1,2,False,False,False,2004,1613898
417,3,2,Kairouan,Kairouan,villa,0,4,False,False,True,2014,1876620
293,7,1,Gafsa,Gafsa,villa,0,8,False,True,True,2003,1001553
271,7,1,Bizerte,Bizerte,house,0,4,True,True,False,1996,581062
81,3,1,Sfax,Sfax,apartment,5,8,False,False,False,1990,93247
161,5,2,Soukra,Tunis,apartment,5,5,False,False,False,2012,482275
246,7,2,Sfax,Sfax,house,0,8,False,False,False,2007,222324
374,2,2,Gabès,Gabès,villa,0,7,False,False,False,2009,485242
326,4,1,Hammamet,Hammamet,apartment,1,7,True,False,False,2016,720062
267,4,2,Gabès,Gabès,apartment,9,4,False,False,False,1999,315914
95,4,3,Hammamet,Hammamet,house,0,2,True,True,False,2004,217558
148,2,1,Bizerte,Bizerte,apartment,8,9,False,False,False,1991,153091
193,6,4,Kairouan,Kairouan,house,0,2,True,True,False,2005,379971
306,2,2,Sfax,Sfax,apartment,8,5,False,False,False,2010,580176
409,4,2,Bizerte,Bizerte,apartment,9,2,False,False,False,2010,597794
172,2,1,Hammamet,Hammamet,apartment,3,8,True,False,False,2022,257463
234,3,3,Gafsa,Gafsa,apartment,5,6,False,False,False,2011,192816
187,5,3,Bizerte,Bizerte,house,0,2,False,False,False,2017,273438
66,1,1,Kairouan,Kairouan,house,0,5,False,False,False,2006,102685
262,1,3,Sfax,Sfax,apartment,5,7,True,False,False,2023,221180
385,5,2,Gabès,Gabès,house,0,4,False,False,False,2017,671070
396,6,3,Hammamet,Hammamet,apartment,4,1,True,False,False,2020,788356
328,1,1,Gafsa,Gafsa,apartment,3,3,True,False,False,2001,346879
444,5,1,Sousse,Sousse,villa,0,5,True,True,True,1994,2884317
446,1,4,Gabès,Gabès,villa,0,1,False,True,False,1990,570116
193,7,3,Gafsa,Gafsa,villa,0,9,True,False,False,2020,376150
179,1,3,Gafsa,Gafsa,villa,0,9,True,False,True,2020,620298
293,4,1,Nabeul,Nabeul,house,0,5,False,True,False,2018,895465
213,7,3,Gafsa,Gafsa,apartment,2,9,False,False,False,2002,260030
360,1,2,Sfax,Sfax,house,0,4,False,True,False,1991,727721
489,6,3,Gabès,Gabès,house,0,6,False,False,False,2017,939818
498,1,4,Kairouan,Kairouan,villa,0,8,True,True,False,2006,1613476
219,6,2,Hammamet,Hammamet,house,0,4,False,False,False,2020,491619
204,2,3,Sfax,Sfax,villa,0,9,True,True,True,2010,715432
158,7,2,Sfax,Sfax,apartment,7,3,True,False,False,1990,309503
329,3,3,Kairouan,Kairouan,house,0,9,False,True,False,2013,837060
141,7,3,Gabès,Gabès,apartment,3,8,False,False,False,2018,174501
334,5,3,Nabeul,Nabeul,house,0,2,True,False,False,1993,512625
297,7,4,Sousse,Sousse,apartment,7,7,True,False,False,2012,740207
136,2,3,Gafsa,Gafsa,apartment,0,2,False,False,False,1999,197254
307,1,3,Sousse,Sousse,apartment,7,9,False,False,False,1996,513549
449,1,4,Hammamet,Hammamet,villa,0,3,True,True,True,2004,1319330
308,2,3,Nabeul,Nabeul,villa,0,3,False,True,False,2016,1009895
384,4,1,La Marsa,Tunis,apartment,0,1,True,False,False,2001,987033
378,1,3,Tataouine,Tataouine,house,0,4,True,False,False,2009,527114
63,2,3,Sousse,Sousse,villa,0,3,False,False,False,2016,185749
354,3,2,Tataouine,Tataouine,villa,0,3,False,True,True,2001,1409802
464,5,3,Gabès,Gabès,apartment,3,8,False,False,False,2000,418713
321,6,3,Nabeul,Nabeul,apartment,7,1,False,False,False,1998,573177
459,1,2,Hammamet,Hammamet,villa,0,2,False,True,False,2002,1033873
206,4,4,Nabeul,Nabeul,house,0,8,True,True,False,2009,834391
97,7,1,Hammamet,Hammamet,house,0,3,True,False,False,2002,289490
92,5,3,Lac 1,Tunis,apartment,4,8,True,False,False,1995,317041
299,1,4,Monastir,Monastir,apartment,8,5,False,False,False,2003,525044
300,5,2,Hammamet,Hammamet,house,0,1,True,False,False,2014,923340
388,1,1,Ariana,Tunis,house,0,4,True,True,False,2004,814449
130,6,3,Sfax,Sfax,apartment,5,9,True,False,False,1999,164782
155,7,4,Gafsa,Gafsa,house,0,9,False,False,False,2002,296124
434,1,3,Nabeul,Nabeul,apartment,8,5,False,False,False,2001,1018684
119,4,3,Gabès,Gabès,house,0,3,False,False,False,1999,140343
99,5,1,Tataouine,Tataouine,villa,0,7,True,True,True,2017,171671
425,5,1,Sfax,Sfax,apartment,3,3,False,False,False,1993,552840
394,3,4,Nabeul,Nabeul,villa,0,8,False,True,True,2016,1833999
430,1,4,Kairouan,Kairouan,villa,0,8,False,False,False,2015,624772
71,6,3,Kairouan,Kairouan,apartment,4,2,True,False,False,2000,100612
137,5,1,Nabeul,Nabeul,house,0,7,False,True,False,1993,267299
320,5,3,Monastir,Monastir,house,0,4,False,True,False,1993,639541
218,1,2,Hammamet,Hammamet,house,0,8,True,True,False,1997,473707
434,3,3,Monastir,Monastir,apartment,3,1,False,False,False,2008,359699
356,2,1,Gafsa,Gafsa,apartment,7,4,True,False,False,2021,363034
290,4,2,Kairouan,Kairouan,house,0,2,False,True,False,2005,548067
190,2,4,Centre Ville,Tunis,apartment,1,2,False,False,False,2022,549480
387,4,1,Sousse,Sousse,house,0,3,True,False,False,2001,856407
441,6,1,Nabeul,Nabeul,apartment,6,2,False,False,False,2022,1265317
409,4,1,Gafsa,Gafsa,villa,0,1,False,True,False,2012,1142817
174,6,4,Hammamet,Hammamet,villa,0,4,True,True,True,2007,1153477
248,6,1,La Marsa,Tunis,apartment,5,3,True,False,False,2003,1117636
91,1,1,Gafsa,Gafsa,house,0,7,False,True,False,2015,190510
312,4,2,Gafsa,Gafsa,house,0,4,False,True,False,2002,628907
69,1,1,Gabès,Gabès,house,0,6,False,True,False,2022,108300
264,5,3,Ariana,Tunis,villa,0,6,False,False,False,2015,1732816
110,4,2,Sousse,Sousse,apartment,7,1,True,False,False,2007,211780
437,2,3,Kairouan,Kairouan,house,0,6,True,True,False,2007,1230947
341,2,4,Kairouan,Kairouan,villa,0,9,False,True,True,1998,1447910
465,5,3,Bizerte,Bizerte,house,0,3,False,True,False,2006,465996
297,3,4,Hammamet,Hammamet,house,0,4,False,False,False,2007,1107798
148,6,4,Bizerte,Bizerte,house,0,2,False,True,False,2022,267512
79,2,2,Gabès,Gabès,house,0,2,True,False,False,2002,96878
172,1,3,Monastir,Monastir,villa,0,1,True,True,True,1995,870226
210,6,4,Bizerte,Bizerte,apartment,7,5,True,False,False,1992,406778
174,3,4,Sousse,Sousse,apartment,1,9,False,False,False,2014,418852
386,1,4,Sfax,Sfax,house,0,2,False,False,False,2004,488151
372,7,2,Bizerte,Bizerte,apartment,8,9,False,False,False,1995,590438
321,6,4,Hammamet,Hammamet,villa,0,9,True,False,False,1999,869265
221,6,3,Monastir,Monastir,apartment,5,8,False,False,False,2012,343522
68,5,3,Kairouan,Kairouan,villa,0,4,True,False,False,1992,117313
394,4,4,Bizerte,Bizerte,villa,0,9,False,True,False,1992,712093
157,5,1,Bizerte,Bizerte,apartment,5,2,True,False,False,2009,280245
310,3,3,Tataouine,Tataouine,apartment,8,1,True,False,False,2001,289564
203,1,1,Bizerte,Bizerte,house,0,4,False,True,False,2018,369016
303,2,1,Hammamet,Hammamet,house,0,4,False,True,False,2013,1225517
285,5,1,Nabeul,Nabeul,house,0,3,False,True,False,2019,597631
256,6,2,Sousse,Sousse,villa,0,3,False,True,False,1994,952528
394,3,3,Monastir,Monastir,apartment,5,2,True,False,False,2003,474596
325,2,1,Gabès,Gabès,apartment,0,2,True,False,False,2000,384930
495,2,4,Soukra,Tunis,villa,0,8,False,True,False,2008,2474262
163,1,2,Nabeul,Nabeul,villa,0,8,False,True,False,2012,505410
371,5,2,Gabès,Gabès,villa,0,3,True,False,False,1996,1121904
173,5,3,Tataouine,Tataouine,house,0,3,True,True,False,2014,214873
239,6,1,Hammamet,Hammamet,villa,0,1,True,True,True,2007,1362686
223,3,1,Sousse,Sousse,villa,0,2,False,True,True,2021,571705
146,6,1,Bizerte,Bizerte,villa,0,9,False,True,False,2006,340651
334,6,1,Tataouine,Tataouine,villa,0,7,True,False,False,2016,1249894
309,7,4,Sousse,Sousse,apartment,3,4,False,False,False,2009,448297
205,2,4,Sfax,Sfax,apartment,1,8,True,False,False,2015,296528
146,5,3,Sfax,Sfax,house,0,7,True,True,False,2010,305854
339,2,3,Bizerte,Bizerte,house,0,2,False,False,False,1996,313425
357,1,3,Sfax,Sfax,apartment,0,7,False,False,False,2014,604329
495,7,2,Sousse,Sousse,villa,0,1,True,False,False,2013,2756130
291,5,2,Tataouine,Tataouine,house,0,3,True,True,False,1992,638626
330,1,1,Tataouine,Tataouine,apartment,6,9,False,False,False,2018,371976
191,6,4,Kairouan,Kairouan,apartment,2,7,True,False,False,1994,322323
345,5,1,Sousse,Sousse,house,0,9,True,False,False,2003,955035
219,6,4,Bizerte,Bizerte,apartment,4,8,False,False,False,2017,220576
277,4,1,Sousse,Sousse,apartment,8,5,True,False,False,2021,432435
106,5,1,Monastir,Monastir,house,0,5,False,False,False,1998,113326
435,3,3,Centre Ville,Tunis,villa,0,3,True,False,False,1998,2455350
430,7,2,Carthage,Tunis,villa,0,5,False,False,False,2023,2068128
489,6,1,Centre Ville,Tunis,villa,0,6,True,True,False,2014,3726969
405,5,1,Monastir,Monastir,villa,0,5,False,True,False,2017,1331154
452,6,3,Gafsa,Gafsa,villa,0,8,False,True,False,2009,1236476
251,4,1,Sousse,Sousse,villa,0,4,True,True,True,2004,1360282
144,4,2,Sfax,Sfax,house,0,6,False,False,False,2004,222543
268,2,1,Gafsa,Gafsa,house,0,3,True,True,False,1993,511533
368,6,3,Tataouine,Tataouine,house,0,6,True,False,False,2000,384576
153,6,2,Sfax,Sfax,villa,0,4,True,False,False,1995,371294
331,3,2,Sousse,Sousse,apartment,3,8,True,False,False,1994,993436
404,5,4,Hammamet,Hammamet,house,0,5,False,False,False,1998,1236530
313,4,2,Tataouine,Tataouine,house,0,7,False,False,False,1993,333658
141,1,3,Monastir,Monastir,apartment,5,7,True,False,False,2008,144259
484,3,3,Monastir,Monastir,apartment,4,4,False,False,False,2003,746134
163,4,3,Sousse,Sousse,villa,0,3,False,False,False,2019,500657
104,4,2,Gafsa,Gafsa,house,0,5,False,False,False,2016,233409
395,1,4,Gafsa,Gafsa,house,0,8,False,False,False,2002,635918
93,7,2,Sfax,Sfax,house,0,1,False,False,False,2023,158137
102,5,1,Gabès,Gabès,apartment,1,9,True,False,False,2012,102473
438,1,2,Gabès,Gabès,apartment,9,5,True,False,False,2011,874545
150,4,4,Gafsa,Gafsa,house,0,5,False,False,False,2000,318864
118,5,1,Gabès,Gabès,villa,0,5,False,True,False,1994,251209
350,4,4,Kairouan,Kairouan,apartment,3,7,False,False,False,1995,335440
192,5,4,Nabeul,Nabeul,house,0,9,False,True,False,1994,389106
459,7,4,Bizerte,Bizerte,apartment,8,7,True,False,False,1999,935368
70,4,1,Monastir,Monastir,villa,0,9,True,False,True,2018,240648
432,7,3,Gabès,Gabès,apartment,0,8,False,False,False,2011,825984
464,2,3,Hammamet,Hammamet,villa,0,2,False,True,False,2013,2099091
167,5,3,Gafsa,Gafsa,villa,0,5,True,False,True,2014,700496
281,6,1,Gabès,Gabès,house,0,3,True,False,False,2003,440946
238,4,4,Monastir,Monastir,villa,0,4,True,False,False,2013,825149
216,6,1,Bizerte,Bizerte,apartment,8,2,True,False,False,2012,250931
419,5,3,Bizerte,Bizerte,apartment,6,8,True,False,False,2017,405457
60,2,1,Bizerte,Bizerte,villa,0,9,True,False,True,2023,139754
228,3,2,Sfax,Sfax,villa,0,6,False,False,True,1994,930032
367,3,1,Sousse,Sousse,apartment,9,7,False,False,False,1998,979890
400,5,1,Nabeul,Nabeul,villa,0,7,True,False,True,2007,2332774
390,1,4,Nabeul,Nabeul,villa,0,1,False,False,False,2001,1250121
202,7,4,Tataouine,Tataouine,apartment,1,3,False,False,False,2014,157075
89,6,3,Bizerte,Bizerte,house,0,3,True,True,False,2013,266411
211,3,4,Sfax,Sfax,apartment,3,9,False,False,False,2012,324602
296,1,3,Sousse,Sousse,house,0,8,False,True,False,2014,906157
338,7,2,Soukra,Tunis,villa,0,7,False,True,True,2004,2881479
487,5,3,Bizerte,Bizerte,villa,0,2,True,False,True,1992,1636892
81,2,3,Gafsa,Gafsa,house,0,4,True,True,False,2013,163751
167,3,3,Lac 2,Tunis,apartment,7,7,False,False,False,1993,768534
59,4,1,Gafsa,Gafsa,house,0,8,False,True,False,2021,61623
81,2,3,Sfax,Sfax,apartment,8,9,True,False,False,2014,157308
295,1,4,Sfax,Sfax,house,0,6,True,True,False,1994,829897
254,1,2,Sfax,Sfax,apartment,9,4,True,False,False,2009,204612
178,3,4,Monastir,Monastir,apartment,6,6,True,False,False,1991,271976
270,7,4,Carthage,Tunis,house,0,9,True,True,False,2021,1684052
165,3,1,Sfax,Sfax,apartment,5,8,True,False,False,1992,112543
375,5,1,Nabeul,Nabeul,apartment,6,9,True,False,False,1996,670005
455,1,4,Sousse,Sousse,apartment,9,4,True,False,False,2019,504504
231,6,2,Nabeul,Nabeul,house,0,5,True,True,False,2015,706734
215,1,4,Hammamet,Hammamet,house,0,7,False,False,False,1995,682874
94,6,3,Tataouine,Tataouine,apartment,7,4,True,False,False,1998,169606
92,7,2,Monastir,Monastir,villa,0,6,True,True,False,2020,367693
171,5,4,Sousse,Sousse,villa,0,8,True,True,False,2002,550327
367,3,2,Bizerte,Bizerte,house,0,3,True,False,False,1990,453664
202,4,1,Gafsa,Gafsa,house,0,7,False,False,False,2013,392009
410,1,3,Gafsa,Gafsa,house,0,8,False,True,False,2019,1051118
159,2,1,Kairouan,Kairouan,villa,0,1,True,False,True,2001,704130
304,3,1,Bizerte,Bizerte,house,0,9,True,False,False,2006,505587
107,6,2,Monastir,Monastir,apartment,3,1,True,False,False,2003,72263
372,3,3,Kairouan,Kairouan,villa,0,4,True,True,False,2004,1327752
436,7,1,Hammamet,Hammamet,apartment,0,8,True,False,False,2002,794923
496,6,2,Hammamet,Hammamet,villa,0,7,True,False,False,2020,1435408
114,2,3,Kairouan,Kairouan,house,0,4,True,False,False,2020,259308
334,1,3,Kairouan,Kairouan,house,0,9,True,False,False,1992,452992
128,1,1,Gafsa,Gafsa,apartment,5,7,False,False,False,1993,156057
50,3,3,Tataouine,Tataouine,villa,0,2,False,False,False,2012,147096
122,5,2,Hammamet,Hammamet,house,0,6,False,False,False,2005,439258
178,6,2,Sfax,Sfax,villa,0,7,True,False,True,2010,386963
433,7,2,Gafsa,Gafsa,villa,0,7,True,True,True,2002,837912
312,3,1,Kairouan,Kairouan,apartment,6,8,True,False,False,2004,291957
418,5,4,Gafsa,Gafsa,house,0,8,False,False,False,1991,471236
366,5,4,Nabeul,Nabeul,apartment,5,7,True,False,False,2019,467616
164,4,4,Nabeul,Nabeul,house,0,7,False,False,False,2018,466396
309,4,1,La Marsa,Tunis,villa,0,2,True,False,False,2013,1868832
304,6,3,Gafsa,Gafsa,house,0,6,True,True,False,2013,652914
482,5,3,Bizerte,Bizerte,apartment,2,6,True,False,False,1992,774130
141,1,3,Gabès,Gabès,villa,0,1,False,True,False,1991,313128
149,6,3,Hammamet,Hammamet,apartment,6,2,True,False,False,1996,394254
235,7,3,Nabeul,Nabeul,apartment,8,9,False,False,False,1996,641832
337,5,1,Tataouine,Tataouine,house,0,9,True,True,False,2020,461881
407,5,3,Sfax,Sfax,villa,0,2,False,True,True,2011,935313
442,3,2,Kairouan,Kairouan,house,0,8,True,False,False,2005,421848
465,5,1,Monastir,Monastir,house,0,9,True,True,False,2009,697080
198,7,1,Centre Ville,Tunis,apartment,9,9,True,False,False,1998,754988
435,5,3,Nabeul,Nabeul,house,0,6,False,False,False,1994,1093903
367,2,3,Nabeul,Nabeul,apartment,0,2,True,False,False,2010,627503
61,6,2,Gafsa,Gafsa,apartment,0,7,True,False,False,2006,76552
104,2,3,Nabeul,Nabeul,apartment,5,4,False,False,False,1998,247104
120,6,4,Gafsa,Gafsa,house,0,9,False,False,False,1992,169104
165,6,2,Monastir,Monastir,house,0,9,False,True,False,2012,258223
293,1,3,Lac 1,Tunis,house,0,7,True,False,False,2009,1407006
324,6,3,Kairouan,Kairouan,villa,0,7,True,True,True,1990,788807
74,6,3,Hammamet,Hammamet,apartment,8,6,True,False,False,2000,89603
336,6,2,Hammamet,Hammamet,house,0,2,True,False,False,2001,1008274
446,2,4,Tataouine,Tataouine,villa,0,5,True,False,True,2011,1879553
109,5,1,Monastir,Monastir,apartment,0,4,False,False,False,1995,175184
290,3,2,Kairouan,Kairouan,villa,0,7,True,True,False,2021,909670
270,5,1,Sfax,Sfax,villa,0,1,False,False,True,2010,508472
396,1,1,Bizerte,Bizerte,villa,0,2,True,True,False,2005,646771
213,7,1,Hammamet,Hammamet,house,0,7,True,True,False,1997,848161
468,2,4,Bizerte,Bizerte,house,0,4,True,True,False,2004,1149058
245,2,3,Sousse,Sousse,house,0,3,True,False,False,2017,923815
219,1,2,Gabès,Gabès,apartment,4,9,True,False,False,2009,307029
420,1,2,Carthage,Tunis,villa,0,8,True,False,True,2004,4718029
383,6,3,Soukra,Tunis,villa,0,8,True,True,True,2009,2894234
487,1,1,Sfax,Sfax,villa,0,9,False,True,True,2018,2043768
442,1,1,Gabès,Gabès,villa,0,7,True,True,True,1991,1540547
168,1,2,Monastir,Monastir,villa,0,6,True,True,False,2004,439803
371,6,2,Gafsa,Gafsa,apartment,3,2,False,False,False,2019,475770
340,2,2,Gabès,Gabès,house,0,3,False,True,False,2001,511482
360,4,3,Lac 2,Tunis,apartment,6,4,True,False,False,2008,1868076
76,7,4,Soukra,Tunis,house,0,2,False,True,False,2018,346417
469,3,2,Tataouine,Tataouine,house,0,9,True,False,False,1999,845556
499,2,1,Sousse,Sousse,house,0,4,True,True,False,2021,1885408
383,5,4,Gafsa,Gafsa,house,0,3,False,False,False,1993,886660
137,6,1,Gafsa,Gafsa,apartment,1,9,False,False,False,2000,93488
370,7,4,Monastir,Monastir,house,0,6,False,True,False,1993,868993
339,1,4,Sfax,Sfax,villa,0,6,True,True,False,2013,629228
150,3,1,Nabeul,Nabeul,villa,0,6,False,False,False,2018,700488
197,5,3,Kairouan,Kairouan,villa,0,8,False,False,False,1994,632606
118,6,4,Lac 1,Tunis,apartment,7,1,True,False,False,2021,306528
350,4,2,Tataouine,Tataouine,villa,0,5,True,True,False,2017,1164240
339,3,1,Gafsa,Gafsa,house,0,6,True,False,False,2008,475321
359,5,3,Hammamet,Hammamet,apartment,1,2,False,False,False,2001,854276
149,4,4,Centre Ville,Tunis,house,0,3,True,False,False,1993,631815
444,3,3,Hammamet,Hammamet,apartment,1,8,False,False,False,1995,716616
424,4,2,Sousse,Sousse,apartment,6,4,False,False,False,2004,465043
106,7,2,Bizerte,Bizerte,apartment,4,3,True,False,False,2014,169265
51,2,3,Monastir,Monastir,house,0,9,False,False,False,2000,108254
116,5,4,Sfax,Sfax,villa,0,9,False,False,False,1999,182574
375,3,1,Monastir,Monastir,house,0,2,True,True,False,2013,786035
310,5,2,Gafsa,Gafsa,house,0,4,True,True,False,1998,799855
117,6,1,Bizerte,Bizerte,villa,0,2,True,False,True,2005,404986
78,3,2,Hammamet,Hammamet,apartment,3,9,True,False,False,2023,119705
153,6,1,Bizerte,Bizerte,apartment,4,4,True,False,False,2009,318601
285,6,1,Nabeul,Nabeul,house,0,5,False,False,False,2000,516625
68,7,1,Monastir,Monastir,apartment,4,6,False,False,False,2007,105372
292,1,1,Bizerte,Bizerte,house,0,1,False,False,False,2009,375955
387,5,4,Sfax,Sfax,apartment,2,4,True,False,False,2000,646909
70,5,2,Gabès,Gabès,house,0,6,True,True,False,1994,167999
348,5,2,Sousse,Sousse,villa,0,8,True,False,True,2000,2016174
307,7,3,Sfax,Sfax,villa,0,7,True,False,False,2007,831817
399,7,1,Sfax,Sfax,apartment,9,1,False,False,False,2006,599138
171,4,3,Kairouan,Kairouan,apartment,1,6,True,False,False,2009,173373
348,5,4,Monastir,Monastir,apartment,1,3,False,False,False,2005,554294
326,4,1,Gafsa,Gafsa,villa,0,8,True,False,True,2003,1074597
488,7,2,La Marsa,Tunis,villa,0,2,True,True,True,1994,6452144
414,6,3,Hammamet,Hammamet,villa,0,9,False,True,True,2020,2069038
234,1,1,Monastir,Monastir,apartment,5,7,True,False,False,2015,196756
311,5,1,Sfax,Sfax,villa,0,1,True,True,False,2019,1228481
329,4,1,Sfax,Sfax,apartment,5,3,True,False,False,2004,682885
113,7,3,Gafsa,Gafsa,apartment,8,3,True,False,False,2000,92452
226,4,4,Gafsa,Gafsa,house,0,2,True,False,False,2010,363031
231,4,1,Tataouine,Tataouine,apartment,2,2,True,False,False,2008,261565
322,2,4,Hammamet,Hammamet,villa,0,4,False,True,False,2019,1629603
275,5,1,Hammamet,Hammamet,villa,0,7,False,True,False,1998,1285891
445,7,2,Nabeul,Nabeul,villa,0,4,True,True,False,2001,2679989
65,6,3,Hammamet,Hammamet,house,0,2,True,False,False,2011,239663
400,3,3,Nabeul,Nabeul,villa,0,5,False,False,True,2010,2473286
313,1,4,Monastir,Monastir,apartment,3,6,False,False,False,1995,220352
409,5,3,Monastir,Monastir,house,0,4,True,True,False,2017,1075926
72,7,2,Hammamet,Hammamet,house,0,4,True,True,False,2021,177470
283,6,2,Hammamet,Hammamet,apartment,0,5,True,False,False,1993,638278
380,1,3,Lac 1,Tunis,apartment,3,3,False,False,False,1991,1802720
299,1,1,Gafsa,Gafsa,house,0,1,False,False,False,2015,528632
438,6,3,Kairouan,Kairouan,villa,0,5,True,False,True,1997,1212193
198,3,1,Bizerte,Bizerte,apartment,2,4,False,False,False,1991,354340
363,4,1,Gafsa,Gafsa,house,0,4,True,True,False,2018,964510
394,2,3,Gafsa,Gafsa,villa,0,9,False,False,True,1990,1416868
490,6,1,Kairouan,Kairouan,apartment,9,5,False,False,False,2005,593096
209,4,1,Monastir,Monastir,villa,0,4,False,True,True,1998,1030742
403,7,3,Gafsa,Gafsa,house,0,8,False,False,False,2022,637481
70,7,3,Nabeul,Nabeul,apartment,6,9,True,False,False,1993,117923
210,4,1,Lac 1,Tunis,house,0,1,False,False,False,2009,1017744
249,4,4,Nabeul,Nabeul,house,0,7,True,True,False,2011,922869
291,7,3,Tataouine,Tataouine,house,0,4,False,False,False,2012,752665
431,3,4,Sousse,Sousse,villa,0,4,True,False,True,1998,1960783
65,3,1,Sfax,Sfax,villa,0,5,True,True,True,2002,292464
125,1,1,Monastir,Monastir,villa,0,7,False,True,False,2003,330660
482,6,3,Bizerte,Bizerte,house,0,1,False,True,False,2023,1010179
73,1,4,Kairouan,Kairouan,house,0,9,True,False,False,2021,98050
326,2,3,Hammamet,Hammamet,apartment,5,9,True,False,False,1991,771818
207,7,3,Tataouine,Tataouine,villa,0,2,True,False,True,2021,434953
239,2,3,Tataouine,Tataouine,apartment,3,6,False,False,False,2003,441480
255,2,2,Gafsa,Gafsa,apartment,7,5,True,False,False,2005,297952
89,6,2,Sfax,Sfax,villa,0,7,True,False,True,2007,259783
162,6,1,Centre Ville,Tunis,villa,0,6,False,True,True,2019,979504
289,7,4,Nabeul,Nabeul,villa,0,5,True,True,True,2007,1347832
486,2,1,Carthage,Tunis,house,0,5,True,True,False,1990,3397618
411,7,1,Lac 1,Tunis,villa,0,1,True,False,True,2021,2904262
215,2,2,Bizerte,Bizerte,house,0,2,True,False,False,2017,408517
328,2,4,Monastir,Monastir,house,0,4,False,False,False,2011,336685
60,4,1,Nabeul,Nabeul,villa,0,7,True,True,True,2011,420323
496,7,3,Kairouan,Kairouan,villa,0,4,True,False,False,2003,1270418
200,5,3,Lac 1,Tunis,villa,0,4,True,True,False,2005,1798750
266,3,2,La Marsa,Tunis,apartment,1,5,False,False,False,1998,720328
68,1,1,Monastir,Monastir,villa,0,5,True,False,True,2007,193139
340,6,4,La Marsa,Tunis,apartment,8,3,False,False,False,1991,1578960
55,3,1,Kairouan,Kairouan,house,0,9,True,False,False,1998,89429
440,7,4,Gafsa,Gafsa,villa,0,2,False,True,True,1990,1511288
236,6,3,Nabeul,Nabeul,apartment,6,6,False,False,False,2018,370142
168,3,2,Sfax,Sfax,apartment,3,2,True,False,False,2000,264035
150,6,3,Gafsa,Gafsa,apartment,1,6,True,False,False,2011,192402
185,6,3,Bizerte,Bizerte,villa,0,4,False,False,True,1994,315151
337,6,3,Tataouine,Tataouine,villa,0,9,True,True,False,2009,721361
414,4,3,Kairouan,Kairouan,house,0,6,True,True,False,2003,556475
483,7,2,Gafsa,Gafsa,villa,0,3,True,False,False,2000,675523
303,4,1,Sfax,Sfax,villa,0,4,False,False,False,2013,435447
248,6,3,Nabeul,Nabeul,villa,0,5,False,True,True,2003,1332878
229,2,2,Gafsa,Gafsa,apartment,1,1,True,False,False,2002,412227
72,5,4,Gabès,Gabès,villa,0,7,False,True,False,1995,170843
378,4,2,Monastir,Monastir,apartment,5,3,False,False,False,1996,384652
284,2,4,Lac 2,Tunis,apartment,5,7,True,False,False,1993,1042507
293,1,2,Gafsa,Gafsa,villa,0,7,True,True,True,1991,1391827
268,2,2,Tataouine,Tataouine,house,0,5,True,True,False,2022,793858
197,4,2,Tataouine,Tataouine,apartment,7,6,False,False,False,2011,381076
461,2,1,Hammamet,Hammamet,apartment,2,6,False,False,False,2015,1168911
120,6,1,Sfax,Sfax,apartment,8,1,True,False,False,1998,83260
498,1,4,Gabès,Gabès,villa,0,1,False,True,True,2021,1844841
68,4,2,Sfax,Sfax,apartment,5,7,False,False,False,2015,130668
287,1,3,Gabès,Gabès,apartment,6,4,False,False,False,2017,242228
442,3,4,Kairouan,Kairouan,house,0,3,True,True,False,2014,564909
494,4,1,Kairouan,Kairouan,house,0,1,False,True,False,2001,890654
103,5,1,Sousse,Sousse,house,0,3,False,False,False,1991,176748
120,1,2,Monastir,Monastir,villa,0,1,False,True,True,2005,492725
393,6,2,Tataouine,Tataouine,villa,0,3,False,True,True,2006,1000252
151,2,1,Sfax,Sfax,house,0,2,True,True,False,2006,214392
376,2,3,Sfax,Sfax,apartment,1,3,True,False,False,2009,562826
322,5,2,Tataouine,Tataouine,villa,0,7,True,True,True,2021,1427241
276,2,1,Tataouine,Tataouine,house,0,7,True,True,False,2000,645491
447,3,3,Kairouan,Kairouan,house,0,8,True,False,False,2000,905958
260,5,2,Sfax,Sfax,apartment,0,9,False,False,False,2012,463840
78,6,3,Tataouine,Tataouine,villa,0,5,False,True,True,2021,196435
395,6,2,Gabès,Gabès,house,0,5,False,False,False,2014,704522
329,3,2,Tataouine,Tataouine,apartment,7,9,False,False,False,2018,228984
375,3,2,Tataouine,Tataouine,apartment,5,9,False,False,False,2008,538500
276,5,1,Centre Ville,Tunis,villa,0,5,False,True,False,1997,1685344
219,7,3,Sousse,Sousse,villa,0,5,False,True,True,1992,1505095
173,2,1,Sousse,Sousse,apartment,8,8,True,False,False,1996,362718
266,2,2,Kairouan,Kairouan,apartment,5,5,False,False,False,2007,314518
355,1,4,Tataouine,Tataouine,villa,0,8,False,True,False,2014,529143
232,4,3,Sfax,Sfax,house,0,4,False,False,False,1996,286399
272,6,2,Nabeul,Nabeul,apartment,8,5,True,False,False,2010,471582
101,3,1,Sfax,Sfax,house,0,7,True,False,False,1995,152313
211,6,4,Bizerte,Bizerte,house,0,5,True,True,False,2000,539601
392,6,2,Monastir,Monastir,apartment,5,4,True,False,False,2003,392831
170,6,1,Kairouan,Kairouan,apartment,7,8,True,False,False,2009,174216
243,4,4,Sfax,Sfax,house,0,6,True,False,False,2019,564146
387,2,2,Bizerte,Bizerte,apartment,6,5,True,False,False,2018,713225
432,3,3,Monastir,Monastir,house,0,3,True,False,False,2001,683557
342,5,2,Sfax,Sfax,apartment,2,4,True,False,False,1993,556748
75,7,3,Nabeul,Nabeul,villa,0,9,True,False,True,1992,488476
474,6,2,Bizerte,Bizerte,villa,0,5,True,False,True,2006,1701273
58,1,4,Monastir,Monastir,apartment,0,8,True,False,False,1997,70790
487,2,1,Monastir,Monastir,apartment,7,7,True,False,False,2016,888112
120,2,3,Gafsa,Gafsa,villa,0,2,False,True,False,2008,323326
207,4,4,Monastir,Monastir,villa,0,7,False,False,True,2004,645969
372,1,3,Sfax,Sfax,apartment,8,1,True,False,False,1994,264358
405,2,2,Hammamet,Hammamet,villa,0,7,False,False,True,2018,2553103
352,4,4,Bizerte,Bizerte,villa,0,3,False,True,False,1996,529689
296,2,1,Tataouine,Tataouine,villa,0,9,False,False,False,1991,861004
495,5,1,Gabès,Gabès,house,0,8,True,False,False,2022,1138377
296,3,2,Gabès,Gabès,villa,0,5,True,True,True,1993,632319
90,3,1,Hammamet,Hammamet,apartment,2,3,True,False,False,2010,227820
119,3,1,Kairouan,Kairouan,villa,0,2,True,False,False,2017,308396
244,4,4,Sfax,Sfax,apartment,7,8,True,False,False,1990,444968
129,5,2,Kairouan,Kairouan,apartment,1,6,False,False,False,2020,214140
129,2,2,Sfax,Sfax,apartment,8,9,False,False,False,1997,188340
252,2,3,Tataouine,Tataouine,villa,0,2,False,False,True,1994,1038308
490,7,3,Monastir,Monastir,villa,0,3,False,False,False,2008,1236916
417,3,1,Sousse,Sousse,apartment,7,2,True,False,False,2000,760808
447,2,1,Bizerte,Bizerte,villa,0,1,True,True,False,2010,1010349
107,5,1,Gafsa,Gafsa,house,0,9,False,False,False,1992,204866
317,7,2,Sousse,Sousse,house,0,5,False,True,False,2009,1208705
282,1,1,Kairouan,Kairouan,apartment,9,7,True,False,False,1996,564248
74,5,2,Kairouan,Kairouan,house,0,6,False,False,False,2022,96738
263,3,1,Gafsa,Gafsa,apartment,2,7,False,False,False,1993,310550
144,6,4,Tataouine,Tataouine,apartment,9,6,False,False,False,1991,254592
242,3,4,Sousse,Sousse,villa,0,4,False,True,False,2023,1243707
129,6,3,Nabeul,Nabeul,house,0,7,False,False,False,2014,251952
462,5,4,Gabès,Gabès,villa,0,5,False,False,False,2012,1361828
100,6,2,Hammamet,Hammamet,apartment,8,3,True,False,False,2013,265482
85,5,4,Nabeul,Nabeul,house,0,5,True,False,False,2015,251867
231,7,4,Carthage,Tunis,apartment,0,9,True,False,False,2011,583575
51,1,2,Nabeul,Nabeul,house,0,9,False,True,False,2007,181070
95,3,1,Kairouan,Kairouan,house,0,6,False,False,False,1992,181001
51,6,4,Tataouine,Tataouine,house,0,2,False,False,False,1999,46781
398,5,2,Gafsa,Gafsa,house,0,6,True,False,False,1996,919212
185,3,2,Sfax,Sfax,house,0,1,True,True,False,2016,368888
68,2,3,Kairouan,Kairouan,apartment,2,7,False,False,False,1990,77139
180,2,3,Gabès,Gabès,house,0,7,False,True,False,2015,194182
344,5,4,Gabès,Gabès,apartment,7,8,False,False,False,2000,640665
402,1,1,Lac 1,Tunis,apartment,2,7,False,False,False,2004,1874928
105,4,1,Bizerte,Bizerte,apartment,0,3,False,False,False,1991,75348
330,6,4,Monastir,Monastir,apartment,9,9,False,False,False,2004,229680
312,3,2,Monastir,Monastir,apartment,0,2,False,False,False,2008,228633
153,5,3,Sousse,Sousse,villa,0,3,True,False,True,1996,791238
86,5,2,Bizerte,Bizerte,apartment,7,5,True,False,False,2015,100413
104,5,4,Kairouan,Kairouan,villa,0,8,True,False,False,1993,135233
409,5,2,Sousse,Sousse,house,0,1,True,True,False,2007,1397967
70,1,2,Hammamet,Hammamet,apartment,8,5,False,False,False,2011,92484
346,3,1,Sfax,Sfax,villa,0,4,False,False,True,1994,557680
395,2,1,Kairouan,Kairouan,villa,0,3,False,False,False,1994,850356
355,5,4,Bizerte,Bizerte,house,0,8,True,False,False,2004,519852
118,6,1,Lac 1,Tunis,apartment,4,2,False,False,False,2012,490172
443,4,2,Hammamet,Hammamet,apartment,0,5,False,False,False,2016,557648
286,4,1,Sfax,Sfax,house,0,2,False,False,False,1995,563351
395,1,1,Kairouan,Kairouan,villa,0,6,False,True,True,2012,828024
234,3,4,Bizerte,Bizerte,apartment,9,3,False,False,False,2016,432619
330,5,3,Bizerte,Bizerte,apartment,8,3,True,False,False,1996,231184
119,2,3,Hammamet,Hammamet,house,0,8,False,False,False,1993,244673
143,1,2,Monastir,Monastir,apartment,9,6,True,False,False,2019,101381
408,1,3,Gabès,Gabès,house,0,3,False,False,False,2002,494757
354,5,3,Monastir,Monastir,house,0,3,False,False,False,1995,369264
160,3,4,Sfax,Sfax,house,0,5,True,True,False,1995,408984
141,3,4,Ariana,Tunis,house,0,8,True,True,False,2020,657046
222,5,3,Lac 2,Tunis,apartment,0,8,True,False,False,2010,544521
328,7,2,Monastir,Monastir,apartment,5,3,True,False,False,1998,362859
370,6,3,La Marsa,Tunis,villa,0,4,True,False,True,1997,4345450
278,2,3,Gafsa,Gafsa,villa,0,4,True,False,True,2008,635505
434,1,3,Kairouan,Kairouan,villa,0,8,False,True,False,2006,1011247
483,6,1,Monastir,Monastir,villa,0,1,True,True,True,2019,2564857
416,3,2,Bizerte,Bizerte,apartment,7,8,True,False,False,2003,544078
83,3,3,Nabeul,Nabeul,house,0,1,True,False,False,2011,200124
413,6,3,Bizerte,Bizerte,villa,0,2,False,False,False,2001,747563
243,2,2,Bizerte,Bizerte,house,0,4,False,False,False,2017,491034
428,2,3,Monastir,Monastir,apartment,4,5,False,False,False,2014,391020
190,1,4,Hammamet,Hammamet,apartment,2,2,False,False,False,2017,538308
133,3,1,Monastir,Monastir,villa,0,9,False,False,True,1990,429981
292,3,3,Monastir,Monastir,apartment,0,9,True,False,False,1991,329411
247,6,3,Sousse,Sousse,house,0,7,False,True,False,1998,818034
433,1,4,Gabès,Gabès,apartment,0,7,True,False,False,2012,674336
203,4,3,Gafsa,Gafsa,house,0,5,True,True,False,2004,375519
72,5,1,Gafsa,Gafsa,villa,0,9,False,True,True,2019,369025
244,4,4,Bizerte,Bizerte,house,0,7,False,True,False,2007,346686
193,2,3,Monastir,Monastir,apartment,8,1,True,False,False,2015,240586
143,3,2,Gafsa,Gafsa,villa,0,4,False,False,False,2008,449111
286,3,3,Kairouan,Kairouan,house,0,7,False,False,False,2021,461329
114,1,3,Sfax,Sfax,apartment,9,2,False,False,False,2011,137620
460,4,2,Sousse,Sousse,villa,0,9,True,False,True,2008,1418652
419,1,3,Gabès,Gabès,apartment,8,1,False,False,False,2016,809843
172,4,4,Tataouine,Tataouine,villa,0,3,True,True,True,2006,579406
412,2,4,Ariana,Tunis,house,0,7,True,True,False,1999,2156502
155,6,3,Gafsa,Gafsa,house,0,9,False,True,False,2006,413332
415,3,2,Sfax,Sfax,house,0,2,False,False,False,1999,1017712
414,6,4,Kairouan,Kairouan,house,0,9,False,False,False,2021,933884
398,3,2,Nabeul,Nabeul,house,0,3,False,True,False,2018,800438
176,1,3,Gafsa,Gafsa,apartment,7,9,False,False,False,2016,128128
92,7,1,Sfax,Sfax,house,0,6,False,True,False,2002,139137
151,6,1,Kairouan,Kairouan,house,0,7,False,True,False,2008,200728
311,1,1,Hammamet,Hammamet,house,0,4,True,False,False,2014,1084550
121,2,1,Kairouan,Kairouan,house,0,6,True,True,False,1991,273248
71,4,3,Sfax,Sfax,house,0,4,False,True,False,1990,68796
466,1,1,Sfax,Sfax,villa,0,9,False,True,False,2015,862152
476,1,3,Hammamet,Hammamet,apartment,9,9,False,False,False,1994,554635
67,3,1,Gabès,Gabès,villa,0,9,True,True,False,2010,191555
461,6,4,Gafsa,Gafsa,villa,0,8,True,True,False,2022,1645413
162,4,3,Nabeul,Nabeul,house,0,7,False,False,False,1996,257268
54,1,1,Sousse,Sousse,house,0,1,True,False,False,2011,104373
233,7,1,Nabeul,Nabeul,apartment,7,9,False,False,False,2017,552769
83,1,4,Nabeul,Nabeul,apartment,5,4,True,False,False,2003,152895
116,3,2,Tataouine,Tataouine,house,0,8,False,False,False,1990,283986
320,1,1,Sfax,Sfax,villa,0,5,True,True,False,2011,451858
69,1,2,Kairouan,Kairouan,house,0,5,False,False,False,2004,111873
115,4,3,Sfax,Sfax,house,0,9,True,False,False,1996,172923
378,2,3,Hammamet,Hammamet,villa,0,5,False,False,True,2004,1955143
484,5,1,Hammamet,Hammamet,house,0,6,False,False,False,2019,700677
155,3,1,Sfax,Sfax,apartment,5,9,True,False,False,2015,155719
324,2,1,Tataouine,Tataouine,villa,0,7,True,True,False,2004,546421
277,3,3,Gafsa,Gafsa,villa,0,8,False,True,True,2019,1095735
146,1,4,Soukra,Tunis,apartment,1,6,False,False,False,2008,324777
375,1,4,Tataouine,Tataouine,apartment,7,7,True,False,False,2009,373590
488,1,3,Hammamet,Hammamet,house,0,6,False,True,False,1992,1622896
467,1,4,Nabeul,Nabeul,apartment,4,7,True,False,False,2012,530166
444,7,2,Nabeul,Nabeul,apartment,5,7,False,False,False,1997,1246752
258,7,2,Monastir,Monastir,house,0,5,False,False,False,1996,452387
170,5,2,Gabès,Gabès,villa,0,6,False,False,False,2006,542721
424,7,2,Gabès,Gabès,villa,0,7,False,True,False,2009,1392931
327,3,2,Gafsa,Gafsa,house,0,6,True,True,False,2016,364118
316,4,2,Sfax,Sfax,apartment,7,5,False,False,False,2012,595596
145,5,1,Lac 2,Tunis,house,0,3,True,False,False,2006,501937
429,4,2,Nabeul,Nabeul,apartment,6,9,True,False,False,2021,785404
90,6,2,Kairouan,Kairouan,house,0,9,True,False,False,2005,116068
145,3,1,Bizerte,Bizerte,house,0,5,False,True,False,2004,291285
75,6,4,Hammamet,Hammamet,house,0,7,False,True,False,2023,313127
72,2,4,Hammamet,Hammamet,villa,0,4,False,True,False,1998,278163
453,7,3,Hammamet,Hammamet,apartment,8,1,True,False,False,2015,731169
465,1,1,Hammamet,Hammamet,apartment,4,4,True,False,False,2012,754639
457,3,2,Carthage,Tunis,apartment,2,3,True,False,False,2007,1123808
440,5,4,Sfax,Sfax,apartment,3,2,False,False,False,2008,714208
151,2,1,Kairouan,Kairouan,house,0,6,True,True,False,2020,245771
477,6,3,Bizerte,Bizerte,apartment,3,8,True,False,False,2013,625862
168,3,2,Kairouan,Kairouan,house,0,3,False,False,False,2000,181009
488,6,2,Ariana,Tunis,house,0,7,False,False,False,2007,1510189
146,2,3,Tataouine,Tataouine,house,0,5,False,True,False,2015,345071
307,3,4,Carthage,Tunis,apartment,9,5,False,False,False,1998,727590
461,3,4,Gafsa,Gafsa,apartment,3,7,False,False,False,2019,332288
126,6,2,Tataouine,Tataouine,apartment,6,1,True,False,False,1997,173577
403,1,4,Gabès,Gabès,villa,0,2,True,False,True,2011,1497138
346,5,3,La Marsa,Tunis,villa,0,7,True,False,False,1992,1572071
211,6,1,Sousse,Sousse,villa,0,2,True,True,True,1999,1283106
475,4,1,Kairouan,Kairouan,house,0,2,True,True,False,2016,1405884
227,4,1,Sfax,Sfax,house,0,6,True,True,False,2023,240224
213,1,3,Kairouan,Kairouan,house,0,6,False,True,False,2005,380859
444,2,3,Sfax,Sfax,villa,0,5,False,True,False,2014,1441756
425,6,2,Nabeul,Nabeul,villa,0,8,True,True,True,2023,2569294
415,1,3,Gafsa,Gafsa,villa,0,4,True,True,True,2016,935880
382,3,3,Bizerte,Bizerte,house,0,2,False,False,False,2008,426678
119,7,1,Hammamet,Hammamet,villa,0,5,True,False,True,1998,423136
465,5,1,Nabeul,Nabeul,villa,0,8,True,True,False,2000,1892093
370,1,1,Gafsa,Gafsa,villa,0,2,False,False,True,1993,839479
309,4,1,Sousse,Sousse,apartment,1,8,True,False,False,1995,479666
224,7,2,Tataouine,Tataouine,house,0,8,True,True,False,2017,418671
435,4,3,Gafsa,Gafsa,villa,0,8,False,True,False,2002,1482125
221,5,2,Nabeul,Nabeul,house,0,9,True,True,False,2000,859709
291,5,1,Gafsa,Gafsa,house,0,3,False,True,False,2002,408473
124,5,4,Hammamet,Hammamet,house,0,2,False,True,False,2006,255979
497,7,4,Hammamet,Hammamet,house,0,6,False,False,False,2000,935035
434,2,2,Gabès,Gabès,house,0,3,True,False,False,1993,760654
179,5,3,Bizerte,Bizerte,villa,0,2,False,False,False,2002,333541
366,2,3,Monastir,Monastir,villa,0,5,True,False,True,2018,1329468
383,6,4,Gafsa,Gafsa,villa,0,9,False,True,False,2000,1280684
98,6,4,Tataouine,Tataouine,apartment,8,6,True,False,False,2011,113436
452,7,2,Monastir,Monastir,villa,0,9,False,True,False,1996,612868
65,3,2,Sfax,Sfax,house,0,9,True,False,False,2002,95468
95,5,3,Hammamet,Hammamet,apartment,5,6,False,False,False,1993,252168
119,4,1,Kairouan,Kairouan,house,0,8,False,True,False,2017,223807
155,1,4,Hammamet,Hammamet,apartment,1,7,False,False,False,1993,249612
265,6,1,Sfax,Sfax,villa,0,5,True,True,False,2012,969204
414,2,2,Kairouan,Kairouan,villa,0,3,False,True,True,2021,1814991
487,3,3,Bizerte,Bizerte,house,0,6,True,False,False,1993,823232
61,7,2,Gafsa,Gafsa,apartment,9,6,True,False,False,2008,102684
362,7,1,Sousse,Sousse,apartment,6,8,True,False,False,2006,1101073
193,7,2,Sousse,Sousse,villa,0,3,False,False,True,2014,612938
480,2,3,Kairouan,Kairouan,apartment,7,2,True,False,False,1993,372960
92,5,1,Monastir,Monastir,house,0,6,True,False,False,1993,231770
342,1,1,Monastir,Monastir,apartment,0,5,False,False,False,1996,299592
484,1,2,Hammamet,Hammamet,villa,0,6,False,True,True,2016,2749266
444,5,1,Sousse,Sousse,house,0,7,False,False,False,2011,696795
412,7,3,Hammamet,Hammamet,apartment,6,3,True,False,False,2005,485377
395,2,1,Sousse,Sousse,house,0,3,False,True,False,1996,1042487
97,6,1,Gabès,Gabès,house,0,7,True,False,False,1995,159945
61,7,3,Gabès,Gabès,villa,0,1,False,True,True,2014,190300
488,3,3,Gabès,Gabès,apartment,2,5,False,False,False,2010,546169
62,2,3,Bizerte,Bizerte,house,0,4,False,False,False,2004,62996
178,3,2,Gafsa,Gafsa,apartment,9,2,False,False,False,2021,310289
110,5,2,Tataouine,Tataouine,villa,0,5,False,False,False,2013,332640
67,4,3,Gabès,Gabès,apartment,3,6,True,False,False,2007,73107
302,1,2,Kairouan,Kairouan,house,0,3,True,False,False,2019,318571
303,2,1,Hammamet,Hammamet,apartment,5,4,True,False,False,1998,773868
191,7,4,Bizerte,Bizerte,villa,0,2,True,False,True,2005,378808
305,1,1,Sfax,Sfax,apartment,7,1,False,False,False,1994,548024
251,6,3,Monastir,Monastir,villa,0,1,True,False,True,2020,1186544
405,3,4,Kairouan,Kairouan,house,0,8,True,True,False,2016,1179242
278,3,1,Sousse,Sousse,house,0,4,False,True,False,1996,578659
355,4,3,Soukra,Tunis,villa,0,8,False,False,False,1994,2059816
235,4,3,Sfax,Sfax,house,0,7,False,False,False,2021,348514
382,2,2,Gafsa,Gafsa,apartment,7,9,False,False,False,2000,686683
153,7,2,Kairouan,Kairouan,apartment,3,6,False,False,False,1997,152020
87,4,3,Tataouine,Tataouine,house,0,7,False,False,False,2003,213713
379,3,4,Sousse,Sousse,apartment,8,2,True,False,False,2022,687180
365,2,2,Hammamet,Hammamet,villa,0,3,False,False,False,2002,1743940
310,6,2,Sfax,Sfax,villa,0,1,False,True,True,2006,706017
482,1,2,Nabeul,Nabeul,house,0,5,False,True,False,2014,1366389
268,4,3,Sfax,Sfax,villa,0,7,True,True,True,1992,1372158
248,5,2,Bizerte,Bizerte,apartment,0,1,False,False,False,1992,266848
313,5,4,Soukra,Tunis,house,0,8,False,False,False,1995,1335445
455,1,2,Sfax,Sfax,apartment,6,1,False,False,False,2008,797524
479,4,3,Monastir,Monastir,apartment,9,7,True,False,False,1991,793453
457,1,1,Bizerte,Bizerte,villa,0,5,True,False,False,2007,986034
252,5,2,Gafsa,Gafsa,apartment,5,1,True,False,False,1995,178022
466,5,1,Tataouine,Tataouine,apartment,6,8,False,False,False,2016,529376
214,2,3,Tataouine,Tataouine,apartment,6,4,False,False,False,2004,147916
164,2,2,Tataouine,Tataouine,house,0,2,False,True,False,2014,335832
123,5,4,Hammamet,Hammamet,apartment,5,6,True,False,False,2017,139636
426,6,1,Gafsa,Gafsa,apartment,8,7,True,False,False,2004,339948
86,1,4,Gabès,Gabès,apartment,9,6,False,False,False,1994,116203
275,3,4,Gafsa,Gafsa,villa,0,3,False,False,True,2009,668210
360,5,3,Hammamet,Hammamet,apartment,5,8,False,False,False,2007,629424
242,5,3,Gafsa,Gafsa,apartment,8,5,True,False,False,2016,292723
260,3,3,Gabès,Gabès,villa,0,3,True,False,False,1991,318820
142,2,2,Tataouine,Tataouine,house,0,6,True,False,False,2023,271827
326,5,1,Bizerte,Bizerte,villa,0,6,True,True,False,2021,608351
59,5,4,Kairouan,Kairouan,villa,0,4,True,True,False,2020,145819
258,1,4,Sousse,Sousse,villa,0,2,True,True,False,2015,1571170
360,7,3,Soukra,Tunis,apartment,8,1,False,False,False,1991,793260
290,1,3,Tataouine,Tataouine,villa,0,4,True,True,True,1999,1210787
189,3,3,Sfax,Sfax,villa,0,9,True,True,False,2007,753170
333,6,4,Kairouan,Kairouan,villa,0,3,False,True,True,2005,660342
437,3,1,Gabès,Gabès,villa,0,8,True,False,False,2001,576829
287,4,4,Sousse,Sousse,house,0,2,True,False,False,2008,1103808
283,7,1,Gabès,Gabès,house,0,1,False,True,False,1990,619985
409,6,4,Monastir,Monastir,apartment,2,9,False,False,False,2005,526792
105,4,4,Hammamet,Hammamet,villa,0,7,False,True,True,2005,756647
477,6,3,Tataouine,Tataouine,house,0,6,True,False,False,2005,744343
385,6,3,Soukra,Tunis,apartment,3,5,False,False,False,1998,730537
186,5,2,Nabeul,Nabeul,apartment,0,7,True,False,False,1994,521685
340,1,3,Nabeul,Nabeul,villa,0,2,False,False,False,2003,1588507
421,5,3,Tataouine,Tataouine,house,0,5,False,False,False,2005,503516
88,3,4,Carthage,Tunis,villa,0,9,False,False,True,1990,931993
345,6,1,Gabès,Gabès,house,0,7,False,False,False,2011,335119
427,4,4,Monastir,Monastir,house,0,5,False,False,False,1993,806449
247,6,3,Nabeul,Nabeul,house,0,3,True,True,False,1992,582563
305,4,2,Gabès,Gabès,house,0,9,False,False,False,2005,745737
317,6,4,Bizerte,Bizerte,villa,0,5,True,False,True,2020,955204
70,3,1,Bizerte,Bizerte,apartment,4,7,True,False,False,1994,96432
224,5,4,Nabeul,Nabeul,house,0,6,False,False,False,2006,383335
272,1,4,Kairouan,Kairouan,house,0,8,True,True,False,2012,393378
466,7,3,Tataouine,Tataouine,apartment,5,1,True,False,False,2017,910098
371,2,2,Sfax,Sfax,house,0,5,True,False,False,2000,457394
259,1,2,Bizerte,Bizerte,villa,0,4,False,False,True,1991,430545
285,3,3,Nabeul,Nabeul,villa,0,3,True,False,True,2001,1445305
245,2,4,Bizerte,Bizerte,house,0,7,False,False,False,2021,508071
247,1,1,Monastir,Monastir,house,0,3,False,False,False,2010,572071
324,1,4,Sfax,Sfax,villa,0,4,False,False,False,2008,903260
461,6,3,Gafsa,Gafsa,apartment,7,5,False,False,False,2021,840864
202,7,3,Monastir,Monastir,apartment,1,5,False,False,False,2012,220745
91,3,3,Gabès,Gabès,apartment,6,4,False,False,False,2000,118081
137,3,2,Tataouine,Tataouine,house,0,9,False,True,False,2017,299350
130,2,2,Monastir,Monastir,villa,0,9,True,True,True,2007,491891
58,5,3,Ariana,Tunis,villa,0,4,True,False,True,2007,325768
352,4,3,Monastir,Monastir,apartment,5,9,True,False,False,2018,690117
334,5,4,Sousse,Sousse,villa,0,9,True,True,True,1995,2294306
337,1,3,La Marsa,Tunis,apartment,0,2,True,False,False,2020,1673710
295,2,1,Monastir,Monastir,apartment,9,6,False,False,False,2012,480732
371,5,2,Sfax,Sfax,apartment,5,8,True,False,False,2010,612372
189,7,4,Gafsa,Gafsa,apartment,9,5,True,False,False,2006,317837
257,2,2,Sfax,Sfax,apartment,8,3,False,False,False,2000,473496
397,2,2,Kairouan,Kairouan,villa,0,6,True,False,True,2011,1129936
382,7,3,Kairouan,Kairouan,villa,0,1,True,True,False,2015,1250989
253,3,1,Nabeul,Nabeul,house,0,4,True,True,False,2005,1098611
405,6,1,Hammamet,Hammamet,house,0,2,False,True,False,2002,649806
477,5,2,Sfax,Sfax,house,0,6,False,False,False,2004,733702
79,2,4,Nabeul,Nabeul,house,0,1,True,False,False,2017,120085
217,2,1,Kairouan,Kairouan,villa,0,5,True,True,True,1991,1153265
309,1,2,Gafsa,Gafsa,house,0,4,True,True,False,2021,651775
235,5,2,Soukra,Tunis,villa,0,5,False,False,True,2001,721743
118,5,2,Kairouan,Kairouan,apartment,9,2,False,False,False,1997,217875
359,5,1,Sfax,Sfax,villa,0,7,False,True,True,2004,1507336
284,7,2,Sfax,Sfax,villa,0,6,True,False,True,1994,1056171
272,1,2,Ariana,Tunis,apartment,0,7,True,False,False,2018,969897
360,1,4,Nabeul,Nabeul,house,0,7,True,True,False,2017,736215
123,7,2,Gabès,Gabès,house,0,2,True,True,False,2023,252500
178,1,1,Kairouan,Kairouan,apartment,5,5,True,False,False,2005,369314
448,3,1,Gabès,Gabès,apartment,1,9,False,False,False,1998,454092
483,2,4,Monastir,Monastir,villa,0,4,True,False,False,2010,1661423
207,2,2,Bizerte,Bizerte,house,0,6,True,False,False,1990,483508
185,3,1,Sousse,Sousse,apartment,4,9,True,False,False,1999,422843
111,7,1,Monastir,Monastir,house,0,5,False,True,False,2022,149333
461,5,1,Bizerte,Bizerte,villa,0,8,False,True,False,2018,673996
171,7,1,Hammamet,Hammamet,villa,0,6,True,True,True,2020,459758
141,4,3,Kairouan,Kairouan,house,0,5,False,True,False,2001,132591
375,5,4,Kairouan,Kairouan,villa,0,7,False,False,True,1990,1041768
312,5,3,Bizerte,Bizerte,villa,0,8,False,False,False,2007,1077373
277,6,2,Gabès,Gabès,apartment,9,2,False,False,False,2021,494168
426,6,2,Bizerte,Bizerte,house,0,3,True,False,False,2013,522410
295,4,2,Gafsa,Gafsa,apartment,1,1,False,False,False,2020,349044
302,7,1,Gabès,Gabès,house,0,1,False,False,False,1992,290209
110,4,2,Tataouine,Tataouine,apartment,8,2,True,False,False,2019,147562
330,3,3,Gabès,Gabès,house,0,8,False,True,False,2013,758815
495,3,2,Gafsa,Gafsa,villa,0,3,False,True,False,2013,817011
69,5,3,Monastir,Monastir,house,0,1,False,True,False,1999,196550
356,1,3,Sfax,Sfax,apartment,9,5,True,False,False,1992,438990
224,5,1,Bizerte,Bizerte,apartment,7,6,True,False,False,2010,271138
255,5,3,Nabeul,Nabeul,house,0,3,False,True,False,2019,984992
479,7,1,Sfax,Sfax,apartment,0,6,False,False,False,2005,643009
178,7,3,Tataouine,Tataouine,villa,0,6,False,True,False,2002,331857
460,7,3,Tataouine,Tataouine,villa,0,1,False,False,True,1998,1408792
108,7,4,Sfax,Sfax,house,0,1,True,True,False,2000,139978
121,7,1,Lac 1,Tunis,apartment,1,6,True,False,False,2020,501339
63,5,3,Kairouan,Kairouan,villa,0,1,False,True,True,2007,131026
376,2,1,Gabès,Gabès,apartment,1,1,False,False,False,1990,280044
314,4,3,Gafsa,Gafsa,villa,0,8,False,False,True,2007,1456588
69,2,4,Kairouan,Kairouan,villa,0,2,False,False,False,2014,220579
62,6,4,Kairouan,Kairouan,villa,0,5,False,True,False,2020,80726
406,3,2,Carthage,Tunis,villa,0,3,False,True,False,2003,3860231
99,5,2,Kairouan,Kairouan,villa,0,2,True,False,True,1994,391523
202,3,1,Carthage,Tunis,villa,0,5,True,False,False,2015,728436
331,7,2,Sfax,Sfax,apartment,5,4,False,False,False,1993,660146
382,1,2,Hammamet,Hammamet,house,0,8,True,False,False,1992,1086242
338,7,3,Sousse,Sousse,villa,0,7,True,True,False,2004,1866938
286,4,2,Hammamet,Hammamet,villa,0,7,True,False,True,1996,1468928
154,6,2,Nabeul,Nabeul,villa,0,9,False,True,True,2013,526572
271,3,1,Hammamet,Hammamet,house,0,7,True,False,False,2008,789250
71,2,1,Bizerte,Bizerte,villa,0,1,False,True,True,1999,123687
145,5,3,Bizerte,Bizerte,villa,0,7,True,True,True,1997,739891
131,7,2,Gafsa,Gafsa,apartment,9,9,False,False,False,2010,86040
415,2,1,Kairouan,Kairouan,villa,0,6,False,True,True,2003,1561295
73,2,3,Gabès,Gabès,house,0,1,True,True,False,1991,117326
421,1,1,Sfax,Sfax,apartment,0,5,True,False,False,2013,823273
362,6,2,Nabeul,Nabeul,apartment,8,2,False,False,False,2005,787567
89,7,4,Tataouine,Tataouine,house,0,5,True,True,False,2021,247275
481,5,2,Sousse,Sousse,house,0,6,False,False,False,1993,1563750
418,2,1,Centre Ville,Tunis,villa,0,9,True,False,False,2004,1051121
148,1,1,Kairouan,Kairouan,apartment,9,7,True,False,False,1995,176037
76,6,3,Bizerte,Bizerte,villa,0,6,False,True,True,2021,345706
67,4,3,Soukra,Tunis,house,0,8,False,True,False,2012,131642
149,4,1,Lac 1,Tunis,house,0,7,False,False,False,1993,698869
357,2,3,Centre Ville,Tunis,house,0,4,True,True,False,2002,797620
112,2,3,Bizerte,Bizerte,house,0,9,True,True,False,2012,111529
418,5,3,Monastir,Monastir,villa,0,6,True,True,False,2006,1512793
109,2,2,Tataouine,Tataouine,villa,0,4,False,True,True,2021,342290
314,1,2,Gabès,Gabès,villa,0,2,False,True,False,2016,880355
231,6,4,Nabeul,Nabeul,apartment,7,2,True,False,False,2007,720664
210,7,2,Gafsa,Gafsa,villa,0,6,True,True,False,2019,473612
236,2,3,Gabès,Gabès,apartment,2,1,True,False,False,2022,224605
97,7,1,Tataouine,Tataouine,apartment,2,8,True,False,False,2004,154567
104,5,2,Nabeul,Nabeul,apartment,1,4,True,False,False,1991,300343
381,2,4,Nabeul,Nabeul,house,0,7,False,True,False,1991,1605722
370,2,3,Nabeul,Nabeul,apartment,4,1,False,False,False,2010,841824
258,1,2,Kairouan,Kairouan,villa,0,5,False,True,False,2003,894583
266,6,3,Bizerte,Bizerte,house,0,5,True,False,False,1998,547249
144,1,1,Sousse,Sousse,villa,0,4,True,False,True,1990,402916
264,7,2,Sfax,Sfax,house,0,1,False,False,False,1995,522762
238,7,4,Hammamet,Hammamet,apartment,4,2,True,False,False,1996,331067
261,5,4,Nabeul,Nabeul,villa,0,7,True,True,True,2004,1183386
456,4,3,Bizerte,Bizerte,apartment,4,3,False,False,False,1996,685459
465,7,2,Soukra,Tunis,villa,0,9,True,True,True,2018,4090739
390,3,2,Tataouine,Tataouine,villa,0,4,False,True,False,2004,1035365
151,4,1,Hammamet,Hammamet,house,0,6,False,False,False,2005,565344
495,6,4,Gafsa,Gafsa,villa,0,6,True,False,False,2022,1561245
109,2,1,Bizerte,Bizerte,villa,0,8,False,False,False,2010,380628
86,2,4,Tataouine,Tataouine,apartment,3,8,False,False,False,2008,70451
328,1,2,Sfax,Sfax,house,0,2,True,False,False,1991,715993
322,6,4,Hammamet,Hammamet,villa,0,8,True,True,True,2020,1570662
141,1,1,Monastir,Monastir,villa,0,5,False,True,True,1993,455264
338,2,2,Monastir,Monastir,villa,0,3,False,False,False,2010,510082
241,1,1,Gafsa,Gafsa,house,0,8,True,False,False,2013,613717
223,5,2,Soukra,Tunis,villa,0,3,True,False,True,1993,1545109
296,4,1,Sousse,Sousse,apartment,6,8,True,False,False,2008,527738
117,6,1,Lac 1,Tunis,apartment,1,7,False,False,False,2015,455598
166,7,2,Monastir,Monastir,villa,0,4,True,True,True,1997,708146
295,5,2,Nabeul,Nabeul,apartment,4,1,False,False,False,2004,402498
460,6,2,Bizerte,Bizerte,apartment,8,5,False,False,False,2001,822848
427,5,4,Tataouine,Tataouine,villa,0,9,True,False,False,2023,729555
329,3,1,Tataouine,Tataouine,villa,0,2,True,True,False,1999,1350471
272,6,1,Nabeul,Nabeul,apartment,4,1,False,False,False,2017,323788
350,2,4,Nabeul,Nabeul,house,0,1,True,True,False,1991,1550719
140,3,1,Lac 2,Tunis,villa,0,1,True,True,False,1993,1310352
291,6,3,Monastir,Monastir,apartment,4,9,True,False,False,2017,219996
347,7,1,Nabeul,Nabeul,villa,0,3,False,True,False,2002,883833
419,3,2,Gafsa,Gafsa,apartment,9,7,True,False,False,2012,613818
436,5,4,Gabès,Gabès,house,0,3,False,False,False,1991,731852
308,6,4,Bizerte,Bizerte,villa,0,4,False,False,True,2023,580035
89,5,1,Hammamet,Hammamet,house,0,8,True,True,False,2021,143522
474,5,4,Kairouan,Kairouan,house,0,4,True,True,False,2012,1212755
317,4,2,Sousse,Sousse,house,0,3,True,True,False,1999,1310836
58,5,1,Hammamet,Hammamet,apartment,4,3,False,False,False,2012,63614
172,4,3,Bizerte,Bizerte,villa,0,6,False,True,True,2002,758658
472,4,4,Sfax,Sfax,apartment,3,6,False,False,False,2004,425932
180,5,4,Monastir,Monastir,villa,0,3,False,True,True,1996,514841
385,3,4,Sfax,Sfax,apartment,2,3,True,False,False,1998,694339
167,3,4,Bizerte,Bizerte,apartment,3,8,True,False,False,1991,254748
355,3,3,Hammamet,Hammamet,villa,0,5,False,False,False,2001,1801213
171,7,3,Hammamet,Hammamet,apartment,0,6,False,False,False,2007,429278
430,2,1,Bizerte,Bizerte,villa,0,8,False,False,False,2020,717652
81,1,3,Tataouine,Tataouine,apartment,3,3,True,False,False,2017,58854
334,3,1,Sousse,Sousse,house,0,3,False,False,False,2017,1134304
80,5,3,Monastir,Monastir,house,0,9,True,True,False,1996,168456
125,4,3,Gafsa,Gafsa,villa,0,2,False,True,False,2017,421542
454,1,2,Sousse,Sousse,villa,0,2,True,True,False,2013,2445368
333,6,3,Kairouan,Kairouan,apartment,2,6,True,False,False,2000,439440
319,5,3,Kairouan,Kairouan,house,0,1,True,True,False,1997,886684
393,3,4,Monastir,Monastir,villa,0,3,True,True,True,2014,1568599
288,5,3,Bizerte,Bizerte,apartment,4,3,False,False,False,2019,212198
349,5,3,Sousse,Sousse,apartment,2,1,True,False,False,2009,589691
426,4,2,Sousse,Sousse,villa,0,6,False,True,True,2018,1584257
230,3,2,Monastir,Monastir,apartment,2,2,False,False,False,1993,207736
234,7,4,Gafsa,Gafsa,house,0,9,True,False,False,2019,548363
138,6,2,La Marsa,Tunis,house,0,4,True,False,False,1993,425339
318,6,3,Sousse,Sousse,apartment,9,5,False,False,False,2004,804794
409,2,4,Nabeul,Nabeul,house,0,1,False,True,False,2019,1304727
428,6,1,Gabès,Gabès,apartment,9,2,False,False,False,2002,417728
93,5,2,Sousse,Sousse,house,0,8,False,True,False,2015,169163
182,7,4,Nabeul,Nabeul,house,0,1,True,False,False,2002,642141
176,1,4,Gabès,Gabès,house,0,2,True,True,False,2013,202109
205,6,1,Monastir,Monastir,villa,0,5,True,False,True,2011,665267
301,3,3,Sousse,Sousse,villa,0,4,True,True,True,2002,2325344
137,3,4,Sousse,Sousse,house,0,1,True,False,False,1994,409092
359,6,2,Hammamet,Hammamet,villa,0,9,False,True,True,2003,1039019
299,6,3,Sfax,Sfax,apartment,0,1,True,False,False,2003,276024
472,3,3,Tataouine,Tataouine,apartment,4,1,True,False,False,2016,823488
222,1,2,Sousse,Sousse,villa,0,2,True,True,False,1998,895568
359,2,4,Nabeul,Nabeul,villa,0,6,True,False,False,2009,672539
430,3,3,Monastir,Monastir,house,0,8,True,True,False,2018,1043362
274,3,4,Bizerte,Bizerte,villa,0,9,False,True,True,2019,706404
173,6,3,Sousse,Sousse,villa,0,8,False,False,False,1994,575840
172,3,4,Hammamet,Hammamet,apartment,3,9,True,False,False,1997,538332
356,5,2,Sousse,Sousse,villa,0,9,False,False,False,2021,992727
72,4,3,Gafsa,Gafsa,house,0,8,False,False,False,2017,175968
357,5,3,Monastir,Monastir,villa,0,4,True,False,False,2023,1038544
457,5,2,Lac 1,Tunis,villa,0,7,True,True,True,2000,4058649
84,7,4,Nabeul,Nabeul,apartment,9,2,True,False,False,2005,190512
302,5,4,Lac 2,Tunis,villa,0,3,True,True,True,2004,2765337
391,4,3,Sousse,Sousse,apartment,3,7,True,False,False,2020,973988
94,5,1,Nabeul,Nabeul,house,0,5,False,True,False,2018,281152
418,3,2,Sousse,Sousse,apartment,6,7,True,False,False,2012,1285099
51,3,3,Bizerte,Bizerte,house,0,6,False,True,False,2022,128415
184,2,4,Monastir,Monastir,house,0,7,False,False,False,2009,230588
206,3,1,Monastir,Monastir,house,0,5,False,False,False,1992,395272
133,1,2,Monastir,Monastir,house,0,5,True,False,False,2018,254453
443,7,3,Sfax,Sfax,apartment,4,8,False,False,False,2009,727583
136,3,4,Sousse,Sousse,villa,0,4,False,False,True,2014,857720
403,7,4,Tataouine,Tataouine,apartment,8,7,True,False,False,2010,580223
458,7,3,Ariana,Tunis,house,0,5,True,False,False,2008,2200910
408,1,1,Gafsa,Gafsa,apartment,3,4,False,False,False,2008,567936
480,2,4,Kairouan,Kairouan,villa,0,1,False,False,True,2005,1533841
129,3,3,Nabeul,Nabeul,villa,0,7,False,True,False,2006,721510
123,3,3,Gabès,Gabès,villa,0,3,False,False,True,2011,376008
492,1,4,Nabeul,Nabeul,house,0,3,True,False,False,1993,1020264
239,1,3,Sfax,Sfax,villa,0,6,True,False,False,1995,750561
164,6,4,Nabeul,Nabeul,house,0,2,True,False,False,1992,450495
335,4,4,Sfax,Sfax,house,0,1,True,False,False,2002,684083
280,4,1,Sfax,Sfax,villa,0,9,False,True,True,2019,980755
271,1,2,Nabeul,Nabeul,house,0,7,False,True,False,1995,530606
115,7,1,Kairouan,Kairouan,house,0,6,True,True,False,1994,183861
445,6,2,Soukra,Tunis,villa,0,8,True,False,False,2022,1969318
344,7,3,Sousse,Sousse,villa,0,3,True,True,True,1997,2638570
400,5,2,Gafsa,Gafsa,villa,0,8,True,False,False,1991,1464825
157,7,2,Gafsa,Gafsa,house,0,5,True,False,False,1998,269852
112,7,4,Monastir,Monastir,apartment,0,5,True,False,False,2003,106310
133,5,1,Kairouan,Kairouan,house,0,8,False,True,False,2009,332908
92,3,2,Hammamet,Hammamet,apartment,7,3,True,False,False,2022,253517
299,7,4,La Marsa,Tunis,apartment,1,7,True,False,False,2003,534342
259,1,1,Bizerte,Bizerte,apartment,6,4,False,False,False,1999,194353
389,3,1,Hammamet,Hammamet,apartment,1,9,True,False,False,1994,519058
88,5,1,Hammamet,Hammamet,villa,0,3,False,False,True,2015,334084
370,2,4,Gabès,Gabès,apartment,4,3,False,False,False,2008,354904
82,7,2,Bizerte,Bizerte,house,0,4,False,True,False,1995,90243
301,7,3,Kairouan,Kairouan,villa,0,9,False,False,False,1997,949233
324,5,2,Gabès,Gabès,house,0,2,False,True,False,1992,514470
257,4,1,Bizerte,Bizerte,house,0,2,True,False,False,1997,405811
418,6,2,Nabeul,Nabeul,house,0,9,True,True,False,2018,939181
150,2,4,Hammamet,Hammamet,apartment,9,5,False,False,False,2022,270360
428,7,2,Sfax,Sfax,apartment,5,2,True,False,False,2001,391157
306,1,4,Gabès,Gabès,apartment,4,5,True,False,False,2001,302793
439,3,4,Sfax,Sfax,apartment,4,4,True,False,False,2009,740838
222,1,2,Hammamet,Hammamet,villa,0,2,True,True,False,2023,598707
210,2,2,Centre Ville,Tunis,house,0,8,False,False,False,1990,477067
57,1,2,Ariana,Tunis,villa,0,3,True,True,False,1991,420567
496,4,4,Hammamet,Hammamet,house,0,9,False,False,False,2012,1535139
313,6,4,Gafsa,Gafsa,apartment,0,9,False,False,False,2015,476010
61,3,3,Gafsa,Gafsa,apartment,3,4,False,False,False,2020,73541
389,2,3,Lac 2,Tunis,house,0,8,True,True,False,1991,1616743
321,6,2,Hammamet,Hammamet,apartment,4,7,False,False,False,2004,497678
121,3,3,Hammamet,Hammamet,villa,0,5,True,True,True,2007,748760
354,3,3,Sousse,Sousse,apartment,6,1,False,False,False,1992,684777
490,3,2,Sousse,Sousse,apartment,5,6,True,False,False,2020,1455211
390,6,2,Gabès,Gabès,house,0,6,True,True,False,2018,820287
159,3,4,La Marsa,Tunis,villa,0,6,True,True,False,1995,1225059
412,1,4,Nabeul,Nabeul,villa,0,1,False,True,True,2011,1028249
478,2,4,Tataouine,Tataouine,house,0,3,True,True,False,1997,1421079
92,1,4,Tataouine,Tataouine,house,0,1,True,True,False,2008,225662
162,4,3,Gafsa,Gafsa,house,0,4,False,False,False,2001,386493
389,4,2,Centre Ville,Tunis,villa,0,8,False,True,False,1990,2523240
252,4,3,Kairouan,Kairouan,apartment,8,6,True,False,False,1998,454900
302,4,3,Sousse,Sousse,villa,0,3,True,False,False,2005,1688367
85,1,3,Nabeul,Nabeul,house,0,3,False,True,False,2019,253796
479,5,1,Gabès,Gabès,house,0,1,True,False,False,1990,606758
490,7,3,Monastir,Monastir,villa,0,4,False,False,False,2020,581414
352,1,2,Gabès,Gabès,villa,0,6,False,False,True,2020,972601
162,3,4,Sousse,Sousse,house,0,4,False,True,False,2019,349435
280,7,4,Gabès,Gabès,villa,0,5,False,True,True,2007,921945
452,5,2,Bizerte,Bizerte,house,0,1,False,True,False,2011,1131388
206,4,2,Bizerte,Bizerte,house,0,4,False,True,False,1993,551453
282,7,1,Kairouan,Kairouan,villa,0,7,False,False,False,2001,328518
206,4,1,Sfax,Sfax,apartment,6,6,True,False,False,2020,161965
228,3,2,Kairouan,Kairouan,house,0,4,True,True,False,1990,294687
221,4,1,Gabès,Gabès,apartment,5,1,True,False,False,1997,168932
93,3,3,Gabès,Gabès,house,0,7,True,False,False,2000,122882
296,4,4,Hammamet,Hammamet,house,0,4,False,True,False,2009,524697
57,6,4,Tataouine,Tataouine,villa,0,4,True,False,False,2015,138066
237,3,3,Sfax,Sfax,apartment,3,2,False,False,False,2017,227899
220,4,2,La Marsa,Tunis,apartment,5,3,True,False,False,2023,698544
409,5,1,Gabès,Gabès,house,0,9,False,False,False,1994,607414
350,3,3,Centre Ville,Tunis,villa,0,4,False,True,True,2002,2758105
378,4,3,Hammamet,Hammamet,villa,0,5,False,True,False,1996,1719915
153,6,4,Tataouine,Tataouine,house,0,6,False,True,False,1994,193060
428,2,4,Lac 1,Tunis,villa,0,8,False,True,True,2010,1954366
167,5,1,Gafsa,Gafsa,apartment,8,9,False,False,False,2017,240212
464,7,3,Sfax,Sfax,apartment,6,1,False,False,False,2011,536755
358,2,4,Nabeul,Nabeul,villa,0,7,False,True,False,2018,1689307
176,3,1,Gabès,Gabès,apartment,5,9,True,False,False,1997,269364
271,2,3,Sousse,Sousse,apartment,5,8,True,False,False,2017,594481
118,1,4,La Marsa,Tunis,apartment,5,9,False,False,False,2002,278716
149,6,1,Centre Ville,Tunis,house,0,5,True,False,False,2003,484768
291,3,4,Tataouine,Tataouine,apartment,5,8,False,False,False,2013,356416
70,1,1,Gafsa,Gafsa,villa,0,7,True,False,True,1999,247115
217,2,1,Lac 1,Tunis,apartment,0,9,False,False,False,1993,906626
422,6,1,Bizerte,Bizerte,villa,0,8,True,True,True,2001,1098567
414,3,4,Gafsa,Gafsa,house,0,5,False,True,False,1990,382681
52,1,1,Sfax,Sfax,apartment,9,3,True,False,False,1995,38394
341,4,2,Gabès,Gabès,villa,0,2,True,True,False,2017,1352655
344,2,1,Gafsa,Gafsa,house,0,5,True,False,False,1991,875259
118,4,1,Nabeul,Nabeul,apartment,5,4,True,False,False,1996,242199
394,2,1,Tataouine,Tataouine,apartment,3,9,True,False,False,2001,581827
469,7,1,Hammamet,Hammamet,villa,0,9,True,True,False,1999,1350250
274,6,3,Bizerte,Bizerte,house,0,3,True,True,False,2016,391663
140,1,2,Bizerte,Bizerte,apartment,0,9,True,False,False,2002,228144
115,3,3,Gabès,Gabès,villa,0,5,False,False,True,1991,191814
126,6,4,Gabès,Gabès,house,0,3,False,True,False,2002,122954
189,2,2,Gabès,Gabès,apartment,0,7,True,False,False,2011,311804
94,6,1,Bizerte,Bizerte,apartment,2,8,False,False,False,2008,138668
73,6,4,Sousse,Sousse,apartment,2,5,False,False,False,2006,186325
104,1,1,Gabès,Gabès,apartment,9,4,True,False,False,2010,140736
188,3,2,Kairouan,Kairouan,villa,0,2,False,False,True,2020,873153
447,1,1,Kairouan,Kairouan,house,0,1,True,False,False,2010,584284
308,7,1,Kairouan,Kairouan,house,0,1,True,False,False,2015,295975
233,3,3,Gafsa,Gafsa,villa,0,7,True,True,False,2015,584388
179,6,1,Sfax,Sfax,villa,0,7,True,False,False,2012,217871
406,1,1,Gabès,Gabès,villa,0,2,False,False,True,1992,718990
123,4,3,Sfax,Sfax,house,0,8,True,False,False,2009,200668
145,3,1,Sfax,Sfax,apartment,5,8,False,False,False,1993,272368
119,5,2,Sfax,Sfax,villa,0,2,False,True,False,2014,229022
368,4,2,Hammamet,Hammamet,apartment,9,6,True,False,False,2011,523494
181,7,3,Sousse,Sousse,villa,0,1,True,True,True,2002,1365423
285,5,1,Sfax,Sfax,house,0,8,True,False,False,2015,355102
223,6,1,Bizerte,Bizerte,apartment,0,4,False,False,False,2012,394620
134,2,4,Gafsa,Gafsa,apartment,3,8,True,False,False,2015,146890
330,4,2,Gafsa,Gafsa,apartment,6,3,True,False,False,2011,273873
466,5,2,Gafsa,Gafsa,apartment,4,7,False,False,False,2017,889873
294,4,2,Tataouine,Tataouine,villa,0,9,False,False,False,1991,521579
149,6,2,Tataouine,Tataouine,house,0,6,True,True,False,2018,274374
409,4,1,Gabès,Gabès,villa,0,9,True,False,True,2005,663242
303,3,1,Gafsa,Gafsa,house,0,7,True,False,False,2000,681935
156,2,2,Bizerte,Bizerte,house,0,9,True,False,False,1990,225205
207,2,1,Gafsa,Gafsa,house,0,4,False,False,False,2011,526359
377,7,4,Carthage,Tunis,apartment,0,1,False,False,False,1999,683878
53,7,3,Hammamet,Hammamet,house,0,1,False,False,False,2022,159407
431,4,1,Lac 2,Tunis,apartment,2,5,True,False,False,2021,1363080
421,5,4,Bizerte,Bizerte,house,0,6,True,False,False,2008,1146571
261,5,3,Nabeul,Nabeul,apartment,7,9,True,False,False,2008,817545
74,1,1,Gafsa,Gafsa,house,0,2,True,True,False,1992,150577
461,5,3,Monastir,Monastir,apartment,7,8,True,False,False,1992,516578
211,1,2,Gafsa,Gafsa,villa,0,2,False,True,False,2011,305480
340,7,2,Kairouan,Kairouan,house,0,2,True,False,False,2003,907408
353,5,4,Gabès,Gabès,villa,0,5,True,False,False,2012,1242003
137,4,2,Kairouan,Kairouan,villa,0,3,False,True,True,1995,622335
161,4,1,Kairouan,Kairouan,villa,0,4,False,False,True,1995,266129
447,1,1,Gabès,Gabès,villa,0,1,True,True,True,2009,1968731
409,7,3,Kairouan,Kairouan,apartment,0,3,False,False,False,1993,557876
275,5,1,Hammamet,Hammamet,house,0,3,False,False,False,2020,859287
272,4,1,Kairouan,Kairouan,villa,0,5,True,False,False,1994,355743
64,1,1,Tataouine,Tataouine,apartment,4,7,True,False,False,2000,82199
91,2,2,Sousse,Sousse,villa,0,8,False,False,True,1994,277503
97,1,3,Sfax,Sfax,villa,0,2,False,True,True,1999,229703
204,2,1,Gafsa,Gafsa,villa,0,1,False,True,True,2000,741015
422,6,3,Sousse,Sousse,apartment,5,5,False,False,False,2010,905949
354,1,2,Lac 1,Tunis,apartment,8,2,True,False,False,2008,1439222
406,2,3,Sousse,Sousse,villa,0,1,False,False,False,1998,1538187
138,6,3,Sousse,Sousse,house,0,8,False,False,False,2020,301822
496,4,1,Kairouan,Kairouan,villa,0,5,True,True,True,2004,1408102
448,7,4,Tataouine,Tataouine,apartment,2,7,True,False,False,1999,912576
187,5,1,Monastir,Monastir,villa,0,2,False,True,False,2021,372037
79,1,1,Sfax,Sfax,villa,0,3,True,True,False,2013,160693
94,4,4,Sousse,Sousse,villa,0,1,True,False,True,1999,660170
457,1,1,Bizerte,Bizerte,house,0,2,True,False,False,1997,715629
479,3,1,Tataouine,Tataouine,villa,0,9,True,True,False,1998,1915201
288,5,3,Hammamet,Hammamet,house,0,3,False,False,False,1999,596194
374,2,3,Kairouan,Kairouan,villa,0,7,True,False,False,2011,1189221
253,7,4,Tataouine,Tataouine,house,0,3,False,False,False,2008,472563
383,7,2,Sfax,Sfax,apartment,7,6,False,False,False,2000,421912
443,3,1,Gabès,Gabès,apartment,4,1,False,False,False,2022,428115
159,7,3,Nabeul,Nabeul,villa,0,8,False,True,False,2017,525497
94,5,3,Gabès,Gabès,villa,0,3,True,True,False,2001,378032
162,3,3,Lac 2,Tunis,villa,0,3,False,True,True,1991,1994036
427,6,2,Bizerte,Bizerte,house,0,6,False,False,False,2006,938341
232,7,4,Sousse,Sousse,villa,0,7,False,False,False,1995,1096951
121,4,1,Tataouine,Tataouine,apartment,7,3,True,False,False,2008,127659
398,3,1,Hammamet,Hammamet,villa,0,1,True,True,True,2000,2917229
245,4,1,Hammamet,Hammamet,apartment,5,4,False,False,False,2015,373086
358,5,2,Hammamet,Hammamet,villa,0,1,True,False,True,2005,1586457
326,3,2,Bizerte,Bizerte,apartment,5,3,True,False,False,2011,395698
425,1,3,Kairouan,Kairouan,house,0,9,False,False,False,2007,371280
433,6,3,Bizerte,Bizerte,villa,0,8,True,False,False,2012,1340817
334,2,3,Lac 1,Tunis,villa,0,8,True,False,False,2018,3071711
195,2,1,Nabeul,Nabeul,apartment,4,3,True,False,False,2020,450122
396,1,1,Gafsa,Gafsa,apartment,9,4,False,False,False,2010,628531
92,2,2,Tataouine,Tataouine,apartment,1,7,False,False,False,2020,143888
96,4,1,Sfax,Sfax,villa,0,1,True,True,True,1991,485915
312,3,4,Centre Ville,Tunis,apartment,1,7,True,False,False,1994,908107
105,1,2,Tataouine,Tataouine,apartment,6,3,True,False,False,2006,84583
435,1,2,Nabeul,Nabeul,house,0,8,True,False,False,1998,1501300
196,4,3,Nabeul,Nabeul,apartment,9,8,True,False,False,2008,501822
409,7,2,Bizerte,Bizerte,villa,0,7,True,True,True,2016,1646610
335,7,4,Hammamet,Hammamet,house,0,7,False,False,False,2015,575905
255,7,3,Gabès,Gabès,apartment,7,9,False,False,False,2012,500208
240,2,3,Monastir,Monastir,house,0,7,False,False,False,1999,535392
86,5,4,Gabès,Gabès,house,0,6,True,True,False,1990,223238
340,7,4,Lac 2,Tunis,house,0,6,True,False,False,2014,1832266
314,3,3,Sousse,Sousse,apartment,2,8,False,False,False,2017,515462
131,4,2,Gafsa,Gafsa,villa,0,7,True,True,False,2019,304377
160,6,1,Nabeul,Nabeul,villa,0,6,False,False,False,2009,486604
480,6,3,Sousse,Sousse,house,0,8,False,False,False,2011,1058054
389,5,4,Kairouan,Kairouan,villa,0,1,True,False,False,2012,898132
359,7,4,Nabeul,Nabeul,house,0,7,False,True,False,1993,520557
271,4,3,Kairouan,Kairouan,house,0,1,False,False,False,2008,582845
112,2,1,Hammamet,Hammamet,house,0,5,False,False,False,2002,196560
335,7,4,Sousse,Sousse,house,0,8,False,True,False,2005,1127875
295,3,1,Bizerte,Bizerte,villa,0,6,False,True,True,2007,857131
60,4,2,Soukra,Tunis,villa,0,5,True,True,True,2011,212594
148,1,3,Gabès,Gabès,apartment,5,3,True,False,False,2008,298989
277,4,1,Sousse,Sousse,apartment,2,4,False,False,False,2022,346693
275,4,1,Soukra,Tunis,villa,0,1,False,True,True,2010,1501349
246,7,1,Gafsa,Gafsa,villa,0,9,True,True,False,2002,709870
258,6,4,Hammamet,Hammamet,apartment,9,2,False,False,False,2010,296287
305,2,3,Sfax,Sfax,villa,0,5,True,False,True,2011,519173
247,4,4,Sfax,Sfax,house,0,3,False,True,False,2000,476692
66,3,2,Gabès,Gabès,villa,0,8,True,True,True,2003,163394
289,1,3,Sousse,Sousse,apartment,8,4,False,False,False,2017,589213
238,5,4,Monastir,Monastir,villa,0,7,False,True,True,2002,786593
235,6,3,Hammamet,Hammamet,apartment,2,8,False,False,False,2001,576690
159,5,2,Hammamet,Hammamet,villa,0,3,False,False,False,1999,827003
258,4,2,Gafsa,Gafsa,villa,0,9,False,True,False,1996,592983
291,2,2,Sfax,Sfax,house,0,1,True,False,False,1992,671134
153,5,3,Soukra,Tunis,house,0,8,False,True,False,2009,399072
339,2,2,Nabeul,Nabeul,apartment,8,7,True,False,False,1998,605257
459,2,1,Kairouan,Kairouan,house,0,1,False,False,False,1991,925601
187,7,1,Gabès,Gabès,apartment,7,6,False,False,False,2003,360984
320,1,1,Monastir,Monastir,villa,0,1,True,False,False,2004,829785
289,5,4,Sfax,Sfax,apartment,8,2,False,False,False,1998,464943
161,6,1,Kairouan,Kairouan,villa,0,4,False,True,False,1993,377180
145,7,2,Sfax,Sfax,house,0,5,False,True,False,1992,396619
325,1,4,Monastir,Monastir,house,0,2,False,False,False,2003,800722
253,6,1,Monastir,Monastir,apartment,9,7,True,False,False,1991,317929
355,1,4,Soukra,Tunis,apartment,1,3,True,False,False,2019,834773
204,6,4,Gabès,Gabès,villa,0,1,True,True,True,2004,751601
381,4,2,Monastir,Monastir,house,0,1,True,False,False,2005,786338
164,7,3,Gabès,Gabès,apartment,9,9,True,False,False,1991,308169
254,5,4,Sfax,Sfax,house,0,1,True,False,False,2021,383045
199,3,1,Tataouine,Tataouine,house,0,7,True,True,False,2003,194338
248,3,2,Tataouine,Tataouine,house,0,6,False,False,False,1995,420409
382,2,2,Gabès,Gabès,apartment,2,5,False,False,False,2002,757888
488,5,1,Hammamet,Hammamet,apartment,5,7,True,False,False,2009,1085878
448,7,1,Kairouan,Kairouan,house,0,7,False,True,False,2022,865632
477,2,2,Sfax,Sfax,villa,0,7,False,False,True,1998,1562652
461,6,3,Sousse,Sousse,house,0,5,True,False,False,1991,694708
199,1,1,Gabès,Gabès,house,0,7,True,False,False,2020,409842
342,4,1,Nabeul,Nabeul,house,0,9,True,False,False,1995,760185
144,2,4,Carthage,Tunis,apartment,6,6,True,False,False,2002,329918
263,5,3,Centre Ville,Tunis,house,0,6,True,True,False,1994,1194160
152,2,2,Nabeul,Nabeul,villa,0,1,False,True,True,2013,979371
135,2,1,Sousse,Sousse,house,0,6,False,True,False,2022,487412
144,1,4,Tataouine,Tataouine,house,0,4,True,True,False,2004,209643
132,4,1,Lac 2,Tunis,apartment,9,4,False,False,False,2012,264000
467,2,3,Soukra,Tunis,villa,0,6,False,False,False,2007,3105596
129,5,4,Hammamet,Hammamet,house,0,2,False,True,False,2007,413286
211,5,1,Nabeul,Nabeul,house,0,1,True,False,False,2005,663586
70,7,3,Sousse,Sousse,house,0,7,True,False,False,2016,255347
272,5,2,Monastir,Monastir,apartment,7,9,True,False,False,2021,516364
429,5,2,Kairouan,Kairouan,house,0,9,True,True,False,2011,925505
294,4,1,Hammamet,Hammamet,apartment,5,1,True,False,False,2023,749029
450,7,3,Sfax,Sfax,house,0,1,True,True,False,2018,718918
170,5,1,Sousse,Sousse,villa,0,7,True,False,True,2015,1054082
103,5,1,Gafsa,Gafsa,house,0,9,False,False,False,2017,237699
107,7,4,Sousse,Sousse,apartment,6,4,True,False,False,2018,112439
141,7,2,Bizerte,Bizerte,villa,0,4,False,True,False,1999,262429
371,6,4,Bizerte,Bizerte,villa,0,3,True,True,False,2000,1356886
348,1,2,Tataouine,Tataouine,house,0,4,False,True,False,2022,707843
453,2,3,Monastir,Monastir,villa,0,5,True,True,True,2001,1168493
120,3,2,Tataouine,Tataouine,house,0,1,False,True,False,2006,117099
222,7,1,Hammamet,Hammamet,villa,0,1,True,False,True,2009,905890
92,4,2,Tataouine,Tataouine,apartment,0,7,False,False,False,1994,77206
445,6,4,Kairouan,Kairouan,house,0,7,False,True,False,2021,557442
287,4,1,Sousse,Sousse,villa,0,1,False,True,True,2014,2174549
279,6,3,Sousse,Sousse,apartment,8,7,False,False,False,2016,325090
260,2,1,Tataouine,Tataouine,house,0,4,False,False,False,2021,637332
398,7,4,Tataouine,Tataouine,villa,0,9,False,True,True,2002,1963669
171,4,3,Gabès,Gabès,apartment,1,2,False,False,False,1998,271411
299,2,3,Sfax,Sfax,house,0,9,False,True,False,1990,295194
261,5,4,Tataouine,Tataouine,house,0,9,True,False,False,2006,603940
407,1,1,Monastir,Monastir,house,0,2,False,False,False,1993,885925
182,6,1,Sfax,Sfax,house,0,7,True,True,False,1993,461066
495,6,1,Hammamet,Hammamet,apartment,5,9,True,False,False,2016,1159458
56,2,1,Nabeul,Nabeul,villa,0,9,False,True,False,2021,329579
305,1,2,Kairouan,Kairouan,villa,0,9,True,False,False,1995,373078
252,7,4,Sousse,Sousse,apartment,8,6,False,False,False,2001,325684
125,6,2,Sfax,Sfax,villa,0,6,True,True,True,2003,216486
305,2,1,Bizerte,Bizerte,house,0,6,True,False,False,2014,757378
72,1,3,Sfax,Sfax,apartment,8,3,False,False,False,1990,116179
256,3,4,Gabès,Gabès,apartment,6,1,True,False,False,1997,199342
312,5,3,Bizerte,Bizerte,apartment,6,5,True,False,False,2022,403603
148,2,1,Soukra,Tunis,apartment,2,4,True,False,False,2019,543589
117,1,1,Kairouan,Kairouan,villa,0,7,True,False,False,2013,295429
190,1,2,Sousse,Sousse,house,0,3,False,True,False,2006,422873
79,7,2,Sousse,Sousse,villa,0,1,False,False,False,2007,156988
421,2,3,Nabeul,Nabeul,villa,0,9,False,False,False,2019,1451338
398,6,3,Nabeul,Nabeul,villa,0,8,False,True,True,2006,1233030
64,5,2,Bizerte,Bizerte,apartment,3,2,True,False,False,1992,56985
403,1,4,Nabeul,Nabeul,house,0,5,False,True,False,2016,1338836
166,4,3,Tataouine,Tataouine,house,0,9,True,False,False,1991,288222
147,5,1,Hammamet,Hammamet,house,0,3,True,False,False,2019,331803
187,2,1,Bizerte,Bizerte,apartment,5,6,False,False,False,2005,224699
498,5,1,Gafsa,Gafsa,apartment,9,5,False,False,False,2015,630667
414,4,2,Soukra,Tunis,apartment,9,5,True,False,False,2017,1499062
463,6,2,Hammamet,Hammamet,apartment,8,3,False,False,False,2008,583935
124,7,2,Gabès,Gabès,house,0,2,False,False,False,2012,124704
299,6,1,Sousse,Sousse,villa,0,4,True,False,True,2021,1402580
95,2,3,Gafsa,Gafsa,villa,0,6,False,False,True,2019,363327
225,6,2,Gafsa,Gafsa,apartment,5,5,True,False,False,2023,345492
433,7,3,Hammamet,Hammamet,apartment,6,7,True,False,False,2019,808003
284,6,1,Gabès,Gabès,house,0,1,True,False,False,1996,345482
118,6,1,Gafsa,Gafsa,villa,0,5,True,True,False,1991,301059
159,3,4,Sfax,Sfax,villa,0,2,True,True,True,2015,280183
122,4,4,Soukra,Tunis,apartment,8,5,True,False,False,1996,165249
401,5,1,Soukra,Tunis,house,0,8,False,True,False,1992,1924144
473,7,4,Sfax,Sfax,apartment,5,9,False,False,False,2009,742420
324,7,2,Gafsa,Gafsa,apartment,4,7,True,False,False,2012,584871
144,2,1,Hammamet,Hammamet,house,0,6,True,True,False,2013,265686
109,4,4,Sfax,Sfax,apartment,9,7,True,False,False,2004,218004
417,5,2,Hammamet,Hammamet,apartment,6,3,True,False,False,2007,720350
487,5,3,La Marsa,Tunis,villa,0,1,False,True,False,2022,2512861
416,6,3,Sfax,Sfax,villa,0,9,True,False,True,2006,914176
267,7,4,Bizerte,Bizerte,apartment,1,8,False,False,False,1992,291564
168,3,2,Tataouine,Tataouine,apartment,1,1,False,False,False,1990,140313
225,3,2,Gafsa,Gafsa,house,0,3,True,True,False,2000,248107
176,3,2,Monastir,Monastir,villa,0,3,False,True,False,2004,381934
293,1,4,Gafsa,Gafsa,apartment,1,6,True,False,False,1994,292636
182,6,4,Sousse,Sousse,house,0,4,False,True,False,2013,617128
331,7,4,Bizerte,Bizerte,house,0,1,True,True,False,2010,714084
214,4,1,Gafsa,Gafsa,villa,0,5,True,True,True,2002,1016094
82,4,2,Gabès,Gabès,apartment,5,8,True,False,False,2019,128116
387,5,3,Nabeul,Nabeul,apartment,0,5,False,False,False,2017,811771
349,3,2,Sfax,Sfax,apartment,3,7,True,False,False,1999,249186
158,6,3,Nabeul,Nabeul,house,0,6,True,False,False,2005,467400
387,3,4,Gabès,Gabès,apartment,8,1,False,False,False,2022,748612
151,3,4,Kairouan,Kairouan,house,0,7,False,True,False,1992,269998
407,1,4,Gafsa,Gafsa,house,0,9,True,False,False,2021,489332
149,4,3,Tataouine,Tataouine,apartment,6,6,False,False,False,2022,161158
239,5,2,Carthage,Tunis,villa,0,8,False,True,False,2002,2048096
253,7,3,Nabeul,Nabeul,apartment,9,1,True,False,False,1990,288177
362,6,3,Monastir,Monastir,house,0,9,False,True,False,2021,890789
300,2,2,Bizerte,Bizerte,villa,0,4,True,False,True,1990,1183487
230,4,4,Centre Ville,Tunis,villa,0,7,True,True,True,2020,1845281
483,5,4,Monastir,Monastir,villa,0,9,False,True,True,1998,2069749
415,3,2,Gafsa,Gafsa,villa,0,5,False,False,True,2002,1188626
430,7,1,Monastir,Monastir,house,0,5,True,True,False,2008,1131686
362,5,4,Monastir,Monastir,villa,0,3,True,False,True,2022,1162668
281,7,4,Hammamet,Hammamet,apartment,3,4,True,False,False,2004,587385
121,2,3,Gabès,Gabès,apartment,6,5,True,False,False,1991,182342
92,7,4,Bizerte,Bizerte,apartment,5,6,False,False,False,2017,120556
263,3,2,Hammamet,Hammamet,apartment,7,7,False,False,False,2010,609108
135,6,3,Bizerte,Bizerte,house,0,2,True,False,False,1998,304274
51,3,2,Monastir,Monastir,apartment,9,1,False,False,False,2009,43288
444,5,4,Soukra,Tunis,villa,0,7,True,True,True,2022,2892597
433,4,3,Gafsa,Gafsa,villa,0,3,True,False,False,2023,1288441
331,5,3,Sousse,Sousse,villa,0,3,True,False,False,2008,1230410
130,5,2,Hammamet,Hammamet,villa,0,1,True,False,False,1996,397149
116,3,2,Hammamet,Hammamet,apartment,2,2,False,False,False,1994,314035
342,2,2,Gabès,Gabès,villa,0,8,False,False,True,2003,530745
401,3,3,Kairouan,Kairouan,apartment,2,9,False,False,False,2016,634221
270,7,1,Monastir,Monastir,apartment,5,4,True,False,False,2005,565639
454,3,3,Kairouan,Kairouan,house,0,5,True,True,False,2009,714401
424,7,4,Hammamet,Hammamet,villa,0,9,False,True,False,1992,1605833
396,2,4,Monastir,Monastir,villa,0,8,True,True,True,2012,1891379
439,5,3,Nabeul,Nabeul,apartment,6,5,True,False,False,2012,1095217
62,7,1,Sousse,Sousse,apartment,6,7,False,False,False,1990,70456
220,1,3,Nabeul,Nabeul,apartment,7,7,True,False,False,2023,625640
374,5,2,Hammamet,Hammamet,villa,0,7,True,True,True,1990,2299794
491,1,3,Hammamet,Hammamet,house,0,1,False,True,False,2021,1408753
143,7,2,Tataouine,Tataouine,house,0,4,False,True,False,1992,334218
54,2,2,Monastir,Monastir,apartment,5,1,False,False,False,2001,100224
167,7,4,Nabeul,Nabeul,villa,0,2,True,True,False,1997,370802
395,6,3,Kairouan,Kairouan,house,0,2,True,False,False,1991,804017
264,1,2,Sousse,Sousse,villa,0,6,False,False,True,2022,773929
323,7,1,Gafsa,Gafsa,apartment,2,7,True,False,False,1991,592834
309,2,3,Gafsa,Gafsa,house,0,1,False,True,False,1999,720071
102,6,2,Sfax,Sfax,house,0,1,False,True,False,2005,181916
229,7,4,Hammamet,Hammamet,villa,0,3,False,True,True,2003,1337570
410,7,4,Sfax,Sfax,house,0,9,False,False,False,2012,592269
277,7,1,Nabeul,Nabeul,house,0,6,True,False,False,2011,890210
437,2,4,Gabès,Gabès,apartment,7,9,False,False,False,2013,679972
293,3,2,Sousse,Sousse,apartment,1,7,False,False,False,2009,660656
249,3,1,Nabeul,Nabeul,villa,0,3,True,True,False,2021,1208244
144,4,2,Lac 1,Tunis,apartment,0,2,False,False,False,2013,682848
495,5,1,Nabeul,Nabeul,house,0,7,False,True,False,1992,1573975
304,5,1,Monastir,Monastir,villa,0,1,False,False,True,2008,1001025
438,2,1,Hammamet,Hammamet,house,0,9,False,False,False,2015,1413023
182,7,4,Nabeul,Nabeul,apartment,4,6,True,False,False,2011,313709
207,1,3,Bizerte,Bizerte,house,0,3,False,True,False,2018,270908
243,5,3,Tataouine,Tataouine,apartment,3,8,True,False,False,1994,224327
140,4,3,Gafsa,Gafsa,villa,0,2,True,False,False,2017,418068
433,6,1,Tataouine,Tataouine,apartment,1,7,True,False,False,2006,394636
151,3,2,Bizerte,Bizerte,house,0,1,False,True,False,2007,153569
320,7,4,Hammamet,Hammamet,apartment,3,4,False,False,False,1993,443904
192,2,3,Kairouan,Kairouan,house,0,7,False,False,False,2000,273960
240,2,2,Tataouine,Tataouine,apartment,3,4,False,False,False,2004,234816
333,7,4,Carthage,Tunis,apartment,1,7,True,False,False,2011,847551
294,6,4,Gabès,Gabès,house,0,7,True,False,False,1991,630217
232,5,2,Gafsa,Gafsa,house,0,9,True,False,False,2004,210528
284,1,4,Tataouine,Tataouine,villa,0,8,True,True,True,2017,855376
156,5,4,Gafsa,Gafsa,villa,0,5,False,True,False,2021,250069
216,1,1,Tataouine,Tataouine,villa,0,2,True,True,False,2012,758738
417,1,4,Carthage,Tunis,apartment,2,6,False,False,False,1993,946590
244,5,2,Gabès,Gabès,house,0,3,True,False,False,2013,541155
164,7,2,Nabeul,Nabeul,villa,0,1,True,False,True,2007,621829
497,1,3,Sfax,Sfax,villa,0,3,False,False,False,2013,841639
316,4,4,Gabès,Gabès,house,0,9,True,False,False,2001,317466
139,4,3,Gafsa,Gafsa,apartment,1,8,True,False,False,1992,163464
147,1,1,Nabeul,Nabeul,house,0,7,False,True,False,2020,630377
279,4,1,Gafsa,Gafsa,apartment,7,2,False,False,False,1997,328550
181,1,2,Tataouine,Tataouine,villa,0,4,True,False,True,2019,407716
138,6,2,Sfax,Sfax,house,0,5,False,True,False,2003,174606
447,2,1,Nabeul,Nabeul,apartment,8,7,True,False,False,2007,749645
156,2,2,Nabeul,Nabeul,house,0,5,True,True,False,2016,485426
91,2,1,Bizerte,Bizerte,villa,0,1,False,True,True,1990,185513
332,6,4,Kairouan,Kairouan,villa,0,9,False,False,False,1999,961418
345,1,4,Tataouine,Tataouine,house,0,6,False,True,False,2006,623199
234,5,1,Kairouan,Kairouan,apartment,9,8,False,False,False,2022,306820
446,2,4,Gafsa,Gafsa,house,0,1,True,True,False,2013,440910
381,7,2,Monastir,Monastir,house,0,3,False,True,False,2022,816809
137,6,4,Nabeul,Nabeul,villa,0,7,True,False,False,1991,279644
251,5,3,Bizerte,Bizerte,house,0,6,False,True,False,2007,369554
58,1,4,La Marsa,Tunis,villa,0,6,False,True,True,1995,585821
488,6,2,Gabès,Gabès,villa,0,8,False,True,True,1992,1448045
259,2,2,Bizerte,Bizerte,villa,0,5,False,True,False,2015,342563
65,6,2,Gabès,Gabès,villa,0,5,False,True,False,1996,107490
444,4,2,Bizerte,Bizerte,house,0,9,False,False,False,2017,930446
153,4,4,Tataouine,Tataouine,apartment,5,2,False,False,False,2007,150184
289,6,1,Monastir,Monastir,villa,0,4,False,False,True,1994,914844
276,3,4,Kairouan,Kairouan,house,0,3,True,False,False,2000,642567
69,1,4,Bizerte,Bizerte,house,0,7,False,False,False,1994,154499
442,1,1,Bizerte,Bizerte,villa,0,8,True,True,False,2016,744691
205,7,2,Kairouan,Kairouan,house,0,7,True,False,False,2020,188042
339,1,3,Tataouine,Tataouine,apartment,4,5,False,False,False,1995,471888
169,2,3,Nabeul,Nabeul,apartment,9,7,True,False,False,1992,258935
87,7,4,Lac 1,Tunis,house,0,9,True,True,False,2005,566413
411,7,4,Gafsa,Gafsa,villa,0,3,True,True,True,1994,1051270
304,3,3,Sfax,Sfax,house,0,2,True,False,False,2011,451808
183,5,2,Lac 2,Tunis,apartment,5,6,True,False,False,2020,722868
455,1,3,Gafsa,Gafsa,house,0,1,True,False,False,2011,799447
128,6,4,Monastir,Monastir,villa,0,3,True,True,False,1992,513489
79,4,1,Monastir,Monastir,apartment,8,5,True,False,False,2010,106574
132,6,3,Sousse,Sousse,villa,0,6,True,False,False,1990,523009
240,4,3,Kairouan,Kairouan,house,0,5,False,False,False,2002,203673
291,4,2,Hammamet,Hammamet,villa,0,6,False,False,False,2000,1404203
343,4,2,Kairouan,Kairouan,villa,0,7,False,True,False,2022,988284
465,6,1,Sfax,Sfax,villa,0,8,True,False,True,2016,1393856
389,1,1,Hammamet,Hammamet,villa,0,5,False,False,True,2006,2162777
124,6,3,Monastir,Monastir,villa,0,7,False,True,True,1990,534683
132,2,1,Sfax,Sfax,villa,0,8,False,True,True,2015,315032
349,2,1,Kairouan,Kairouan,house,0,7,False,False,False,1992,726282
316,5,1,Gabès,Gabès,villa,0,5,False,True,True,1995,1497927
399,4,1,Nabeul,Nabeul,house,0,3,True,True,False,1994,1631944
160,3,3,Monastir,Monastir,villa,0,2,True,False,False,2001,571415
154,6,4,Tataouine,Tataouine,apartment,6,5,False,False,False,2017,159544
478,2,2,La Marsa,Tunis,villa,0,9,False,True,False,2004,4478554
213,1,1,Monastir,Monastir,apartment,0,2,True,False,False,1998,288061
420,3,1,Sfax,Sfax,villa,0,3,True,True,True,1998,1826203
435,5,1,Ariana,Tunis,house,0,1,True,False,False,2001,1518579
160,1,1,Sousse,Sousse,house,0,5,False,False,False,2000,503942
87,2,3,Tataouine,Tataouine,villa,0,5,False,False,False,2017,157226
325,3,2,Tataouine,Tataouine,apartment,4,3,True,False,False,2021,437619
154,5,1,Sfax,Sfax,villa,0,4,True,True,False,1993,599863
389,3,3,Tataouine,Tataouine,house,0,4,False,True,False,2013,1105419
234,1,3,Nabeul,Nabeul,villa,0,9,False,False,True,2009,1529663
205,6,2,Bizerte,Bizerte,house,0,5,True,False,False,2005,416603
164,2,1,Hammamet,Hammamet,villa,0,7,False,True,False,1993,333162
473,2,1,Kairouan,Kairouan,house,0,5,False,False,False,2007,826917
98,6,2,Sfax,Sfax,villa,0,5,True,True,True,2004,314447
449,1,3,Sfax,Sfax,apartment,7,8,False,False,False,2004,713371
57,3,1,Sfax,Sfax,apartment,3,7,True,False,False,2012,51471
362,6,4,Kairouan,Kairouan,house,0,7,True,False,False,2001,986283
227,6,4,Gabès,Gabès,villa,0,8,True,True,False,2022,892519
82,4,1,Bizerte,Bizerte,villa,0,1,False,False,True,2006,276460
279,7,4,Lac 1,Tunis,apartment,9,5,True,False,False,2014,672613
148,3,4,La Marsa,Tunis,house,0,9,True,True,False,1999,485777
295,6,1,Bizerte,Bizerte,villa,0,6,False,False,False,1990,488944
327,5,2,Tataouine,Tataouine,house,0,6,True,True,False,2008,604114
83,7,4,Nabeul,Nabeul,apartment,4,3,False,False,False,1992,90934
485,5,2,Tataouine,Tataouine,house,0,2,True,False,False,2018,633955
420,3,2,Nabeul,Nabeul,house,0,1,True,True,False,2012,892972
425,7,4,Sfax,Sfax,villa,0,7,False,True,False,2006,731768
430,7,1,Bizerte,Bizerte,apartment,7,3,False,False,False,2014,439976
385,6,1,Lac 2,Tunis,apartment,7,3,False,False,False,2009,1178870
263,4,2,Kairouan,Kairouan,apartment,7,9,False,False,False,1990,341479
383,5,3,Kairouan,Kairouan,villa,0,2,False,True,True,2011,1399895
252,7,4,Gabès,Gabès,apartment,8,1,True,False,False,1997,185008
206,6,4,Kairouan,Kairouan,apartment,7,7,True,False,False,1996,422736
445,1,4,Hammamet,Hammamet,apartment,2,5,False,False,False,2008,525990
390,3,1,Lac 2,Tunis,apartment,8,6,True,False,False,2008,789516
316,1,3,Sfax,Sfax,house,0,5,True,False,False,2020,501389
83,2,2,Gafsa,Gafsa,house,0,6,True,True,False,2010,141074
438,2,2,Sfax,Sfax,apartment,1,8,False,False,False,1991,579561
111,4,4,Sfax,Sfax,villa,0,8,True,False,False,2009,352950
314,4,1,Kairouan,Kairouan,villa,0,6,True,True,True,2002,1154161
497,6,2,Monastir,Monastir,villa,0,2,True,True,False,1996,1458967
108,4,2,Kairouan,Kairouan,apartment,2,8,False,False,False,2021,168566
219,3,4,Sfax,Sfax,villa,0,9,True,False,True,2018,862224
275,1,2,Sfax,Sfax,house,0,8,True,True,False,2021,363363
300,6,2,Sfax,Sfax,apartment,1,9,False,False,False,1994,246000
494,6,2,Hammamet,Hammamet,house,0,1,False,False,False,1996,1814857
382,7,1,Nabeul,Nabeul,villa,0,1,True,True,False,2022,1990845
211,5,3,Gafsa,Gafsa,house,0,9,False,True,False,2022,210728
165,5,2,Kairouan,Kairouan,house,0,7,False,True,False,2016,450192
421,4,1,La Marsa,Tunis,house,0,8,False,False,False,1992,2449714
365,5,4,Gabès,Gabès,villa,0,4,False,False,False,2010,840434
461,5,3,Kairouan,Kairouan,apartment,2,8,True,False,False,2006,518901
97,2,1,Gafsa,Gafsa,villa,0,6,False,True,False,1993,277795
88,1,1,Sousse,Sousse,house,0,7,False,False,False,1993,116825
485,5,1,Monastir,Monastir,apartment,7,4,True,False,False,1995,965945
337,5,4,Bizerte,Bizerte,apartment,3,4,False,False,False,2011,345088
464,1,1,Gabès,Gabès,house,0,5,False,False,False,1999,1101201
163,5,4,Gabès,Gabès,house,0,6,True,False,False,2013,225698
405,2,3,Tataouine,Tataouine,apartment,1,9,False,False,False,2015,507384
115,6,1,Gafsa,Gafsa,apartment,5,1,True,False,False,2000,144030
431,7,2,Monastir,Monastir,house,0,9,True,False,False,2023,1147449
386,3,4,Tataouine,Tataouine,house,0,3,True,False,False,2000,672311
239,4,2,Gabès,Gabès,villa,0,7,True,False,True,2008,431256
51,4,3,Sousse,Sousse,apartment,2,7,False,False,False,2018,123624
141,7,1,Nabeul,Nabeul,apartment,8,8,True,False,False,1995,311793
165,3,2,Kairouan,Kairouan,house,0,9,False,True,False,2021,325611
376,1,2,Gabès,Gabès,house,0,8,False,False,False,2022,873974
379,6,2,Sfax,Sfax,apartment,4,1,False,False,False,2012,551824
498,4,4,Gafsa,Gafsa,villa,0,8,False,False,False,2010,827556
451,6,4,Nabeul,Nabeul,house,0,4,False,True,False,2007,1532353
464,7,2,Tataouine,Tataouine,apartment,3,6,False,False,False,2019,627328
217,1,2,Lac 1,Tunis,apartment,1,6,True,False,False,1997,655296
290,3,2,Nabeul,Nabeul,house,0,1,True,True,False,2011,678756
212,3,4,Kairouan,Kairouan,house,0,3,True,True,False,2009,400062
98,2,2,Monastir,Monastir,apartment,2,4,False,False,False,2019,92747
341,1,2,Sousse,Sousse,house,0,3,True,False,False,2016,1313169
96,6,4,Tataouine,Tataouine,villa,0,7,False,True,True,2023,254220
265,4,3,Gafsa,Gafsa,house,0,6,False,False,False,2009,448676
58,1,1,Nabeul,Nabeul,house,0,1,True,True,False,2016,116417
161,1,2,Bizerte,Bizerte,house,0,6,False,True,False,1996,214942
427,5,1,Sousse,Sousse,apartment,5,2,True,False,False,2009,729555
94,7,3,Kairouan,Kairouan,villa,0,9,True,False,False,2007,211060
296,6,4,Gafsa,Gafsa,apartment,9,6,False,False,False,2022,279660
415,6,3,Hammamet,Hammamet,house,0,7,True,True,False,2011,1583728
230,3,2,Soukra,Tunis,house,0,9,True,False,False,2019,879687
358,2,3,Kairouan,Kairouan,villa,0,8,True,True,True,2001,1213715
119,1,4,La Marsa,Tunis,house,0,1,False,False,False,1993,678823
227,6,1,Carthage,Tunis,apartment,3,3,False,False,False,2004,365470
342,3,3,Tataouine,Tataouine,house,0,9,False,True,False,1994,661209
280,1,3,Soukra,Tunis,apartment,0,9,True,False,False,2012,708246
210,2,2,Monastir,Monastir,apartment,2,8,True,False,False,1998,256485
92,4,2,Lac 2,Tunis,house,0,2,True,True,False,1991,379326
238,4,3,Gafsa,Gafsa,apartment,9,7,False,False,False,1998,278174
447,7,1,Nabeul,Nabeul,villa,0,7,False,False,True,2023,2532945
368,2,1,Gafsa,Gafsa,apartment,9,2,True,False,False,1994,748070
304,7,1,Hammamet,Hammamet,apartment,0,9,True,False,False,1991,674916
413,5,2,Sfax,Sfax,villa,0,4,True,True,True,2010,1682359
331,5,4,Monastir,Monastir,house,0,5,False,False,False,2003,356976
187,2,2,Sousse,Sousse,house,0,5,False,True,False,2007,528830
251,3,3,Gafsa,Gafsa,apartment,7,3,True,False,False,2005,308248
425,3,4,Gafsa,Gafsa,villa,0,6,False,False,True,2008,859248
116,5,1,Bizerte,Bizerte,house,0,6,False,False,False,2018,133186
412,1,3,Kairouan,Kairouan,apartment,0,6,False,False,False,2012,483852
310,7,3,Sfax,Sfax,house,0,3,True,False,False,2006,627277
489,2,3,Kairouan,Kairouan,house,0,3,True,True,False,2012,606770
75,3,4,Gabès,Gabès,apartment,7,9,True,False,False,2003,103194
187,1,1,Monastir,Monastir,apartment,7,7,False,False,False,2007,147206
139,7,3,Kairouan,Kairouan,villa,0,9,False,True,True,2004,384691
444,3,2,Gafsa,Gafsa,house,0,2,True,True,False,2011,593599
277,2,2,Monastir,Monastir,villa,0,6,True,True,True,2014,892987
349,7,1,Kairouan,Kairouan,house,0,2,True,False,False,2008,421886
360,1,3,Tataouine,Tataouine,house,0,5,False,True,False,2000,1019715
467,1,3,Nabeul,Nabeul,apartment,1,1,True,False,False,2006,611956
54,7,3,Sousse,Sousse,house,0,7,True,True,False,1999,192453
489,7,1,Hammamet,Hammamet,apartment,0,7,False,False,False,1995,474134
249,5,2,Gabès,Gabès,villa,0,6,False,False,False,1998,764091
426,3,3,Tataouine,Tataouine,house,0,8,True,False,False,2000,933175
436,5,3,Hammamet,Hammamet,house,0,8,True,False,False,2017,974125
297,6,1,Hammamet,Hammamet,house,0,1,True,False,False,2019,533188
215,3,1,Sfax,Sfax,house,0,3,False,False,False,2018,287102
179,1,3,Nabeul,Nabeul,apartment,7,2,False,False,False,1992,269788
98,4,2,Carthage,Tunis,villa,0,8,False,True,False,2023,517698
68,4,4,Hammamet,Hammamet,villa,0,1,False,False,False,2017,162155
94,4,3,Sfax,Sfax,villa,0,8,True,True,True,1993,452215
206,7,4,Hammamet,Hammamet,villa,0,7,True,False,False,2020,546633
461,3,1,Sousse,Sousse,apartment,0,4,True,False,False,1990,1307515
408,5,1,Sousse,Sousse,apartment,4,8,True,False,False,2002,863654
215,5,1,Bizerte,Bizerte,villa,0,4,False,True,False,1994,845610
188,4,1,Sousse,Sousse,apartment,8,2,False,False,False,2019,266884
447,1,2,Bizerte,Bizerte,house,0,8,False,False,False,2014,931154
140,2,3,Hammamet,Hammamet,apartment,7,5,True,False,False,2016,288414
212,3,3,Gafsa,Gafsa,villa,0,7,False,False,True,2016,963982
125,5,1,Nabeul,Nabeul,apartment,7,9,False,False,False,1993,168150
470,2,2,Tataouine,Tataouine,house,0,2,False,False,False,1995,559676
252,2,1,Tataouine,Tataouine,apartment,1,5,False,False,False,1999,420134
395,4,3,Sousse,Sousse,house,0,5,False,False,False,2023,1141202
151,7,4,Sousse,Sousse,house,0,3,True,True,False,2007,648619
238,1,3,Tataouine,Tataouine,house,0,4,True,True,False,2021,364504
375,7,1,Tataouine,Tataouine,house,0,8,True,True,False,2013,1027476
207,1,4,Sousse,Sousse,apartment,7,1,True,False,False,1994,553981
380,2,2,Sousse,Sousse,house,0,8,True,True,False,1995,1261872
261,3,3,Carthage,Tunis,apartment,7,4,False,False,False,1999,764208
269,2,2,Bizerte,Bizerte,villa,0,1,True,True,True,2009,1074835
253,7,2,Gabès,Gabès,villa,0,9,True,False,True,1998,863804
240,1,1,Lac 1,Tunis,apartment,6,8,False,False,False,2017,660960
73,2,3,Sfax,Sfax,villa,0,8,False,False,True,2023,284927
226,7,4,Tataouine,Tataouine,villa,0,1,False,True,False,2011,686613
169,3,3,Sfax,Sfax,house,0,8,True,True,False,2015,436456
486,5,2,Nabeul,Nabeul,villa,0,8,False,True,True,2008,1256468
366,3,3,Tataouine,Tataouine,apartment,3,6,True,False,False,2016,309899
451,5,4,Monastir,Monastir,apartment,9,9,True,False,False,1997,324665
345,3,3,Lac 1,Tunis,house,0,6,True,True,False,2012,1460809
448,4,2,Gabès,Gabès,house,0,7,False,False,False,1995,504125
51,6,1,Sfax,Sfax,apartment,1,1,False,False,False,2004,90453
315,2,1,Bizerte,Bizerte,house,0,4,False,False,False,2014,392464
122,1,3,Gafsa,Gafsa,house,0,3,False,True,False,1994,290999
228,6,4,Kairouan,Kairouan,villa,0,2,True,True,True,2011,889322
229,1,2,Monastir,Monastir,villa,0,4,False,True,False,2007,819783
80,3,4,Kairouan,Kairouan,villa,0,9,True,False,True,2004,132245
236,5,4,Hammamet,Hammamet,house,0,9,False,True,False,2021,666995
350,5,2,Hammamet,Hammamet,apartment,8,8,True,False,False,1990,717948
116,5,4,Monastir,Monastir,villa,0,3,True,True,False,2021,468629
108,2,1,Kairouan,Kairouan,villa,0,2,True,False,True,1993,208251
273,6,4,Nabeul,Nabeul,apartment,5,1,True,False,False,1997,507026
329,3,1,Sfax,Sfax,house,0,4,False,True,False,2006,804691
143,1,2,Carthage,Tunis,apartment,4,5,True,False,False,2004,320420
391,7,4,Gabès,Gabès,house,0,3,True,False,False,2005,573850
166,3,1,Bizerte,Bizerte,apartment,1,8,False,False,False,1992,222307
495,2,3,Centre Ville,Tunis,apartment,3,6,True,False,False,2006,1332379
499,7,3,Tataouine,Tataouine,villa,0,6,True,True,True,2013,1595719
222,3,4,Sousse,Sousse,villa,0,4,False,True,False,1993,522197
275,5,2,Centre Ville,Tunis,apartment,7,9,False,False,False,1990,541200
58,3,4,Nabeul,Nabeul,apartment,3,7,False,False,False,1991,91941
482,3,2,Gafsa,Gafsa,villa,0,7,True,False,True,2011,1766936
277,5,1,Tataouine,Tataouine,apartment,0,7,True,False,False,1998,498865
259,2,4,Kairouan,Kairouan,apartment,5,5,False,False,False,2003,343537
375,7,4,Hammamet,Hammamet,house,0,2,False,True,False,2005,925996
352,1,2,Bizerte,Bizerte,apartment,4,7,False,False,False,2010,408883
164,1,1,Kairouan,Kairouan,villa,0,7,True,False,False,2020,431464
105,6,3,Bizerte,Bizerte,house,0,7,True,False,False,2014,107895
134,3,4,Gafsa,Gafsa,house,0,2,False,True,False,2003,147317
131,6,3,Sousse,Sousse,apartment,2,4,False,False,False,2010,351027
212,7,4,Tataouine,Tataouine,villa,0,4,False,False,True,2010,521479
54,3,1,Gafsa,Gafsa,apartment,6,3,True,False,False,2006,106822
461,1,3,Nabeul,Nabeul,apartment,9,5,False,False,False,1993,737415
376,6,4,Gafsa,Gafsa,villa,0,6,False,True,True,2018,1557809
366,3,3,Nabeul,Nabeul,villa,0,4,True,True,False,2003,1203461
448,6,4,Ariana,Tunis,villa,0,3,False,False,True,1992,2784862
152,4,2,Nabeul,Nabeul,villa,0,2,True,False,True,1990,742147
260,1,3,Hammamet,Hammamet,villa,0,6,True,True,False,1993,701188
203,6,2,Gafsa,Gafsa,apartment,1,9,True,False,False,2010,269592
214,2,1,Gabès,Gabès,villa,0,6,True,True,False,1991,529260
71,1,1,Gabès,Gabès,apartment,8,5,False,False,False,1999,88153
52,1,4,Bizerte,Bizerte,house,0,3,False,False,False,2010,121193
268,1,2,Sousse,Sousse,apartment,8,3,False,False,False,1993,296836
449,4,1,Centre Ville,Tunis,apartment,0,7,True,False,False,1991,797693
172,4,3,Monastir,Monastir,villa,0,3,False,True,False,2011,370256
163,1,4,Hammamet,Hammamet,house,0,3,False,False,False,2011,612306
96,2,1,Gabès,Gabès,house,0,6,False,True,False,1992,98182
150,6,2,Sfax,Sfax,house,0,3,True,False,False,2007,234561
440,4,1,Hammamet,Hammamet,villa,0,3,False,True,True,2002,1308786
154,1,4,Sousse,Sousse,villa,0,6,False,False,False,2000,285737
282,6,1,Monastir,Monastir,house,0,6,False,False,False,2010,570722
338,4,1,Sousse,Sousse,apartment,0,6,True,False,False,2021,583455
342,7,1,Tataouine,Tataouine,villa,0,1,False,True,False,2011,697203
432,6,2,Bizerte,Bizerte,villa,0,6,False,True,False,2001,973741
451,3,4,Nabeul,Nabeul,house,0,4,False,True,False,1990,1108247
138,4,1,Nabeul,Nabeul,house,0,1,True,True,False,2011,227015
466,2,3,Nabeul,Nabeul,apartment,1,7,False,False,False,2005,1277772
229,7,3,Nabeul,Nabeul,house,0,4,False,False,False,2003,873094
287,2,3,Kairouan,Kairouan,apartment,0,8,True,False,False,1993,379942
489,3,3,Gafsa,Gafsa,apartment,6,9,True,False,False,2007,349556
494,6,1,Kairouan,Kairouan,apartment,4,1,False,False,False,2014,448156
330,5,2,Monastir,Monastir,house,0,3,False,True,False,2013,545893
226,7,3,Gafsa,Gafsa,house,0,1,False,True,False,2014,534927
280,2,3,Sousse,Sousse,house,0,8,True,False,False,2004,1074134
150,2,2,Bizerte,Bizerte,apartment,3,7,True,False,False,2017,200214
406,3,1,Monastir,Monastir,villa,0,2,False,True,False,2000,590369
313,4,3,Bizerte,Bizerte,apartment,8,3,False,False,False,2008,423676
435,2,3,Tataouine,Tataouine,house,0,2,False,True,False,1996,932577
400,1,3,Kairouan,Kairouan,apartment,7,8,False,False,False,2002,709440
418,3,2,Nabeul,Nabeul,house,0,4,False,False,False,2010,697073
89,7,1,Tataouine,Tataouine,house,0,6,True,False,False,1998,176493
155,1,3,Nabeul,Nabeul,house,0,4,False,True,False,1995,374233
344,3,1,Sfax,Sfax,villa,0,5,False,True,True,2001,1068922
304,7,3,Tataouine,Tataouine,villa,0,5,True,False,False,2010,409546
149,1,2,Lac 2,Tunis,house,0,7,False,True,False,2012,1031684
443,2,2,Monastir,Monastir,house,0,6,True,True,False,2001,959965
166,7,2,Sfax,Sfax,villa,0,6,True,False,True,2011,733825
183,6,4,Gabès,Gabès,villa,0,5,False,True,False,2009,678590
122,5,1,Gabès,Gabès,villa,0,5,True,False,True,2002,505025
264,5,2,Sfax,Sfax,house,0,2,False,True,False,2014,368459
200,4,3,Sfax,Sfax,house,0,8,False,False,False,1992,500864
160,7,4,Nabeul,Nabeul,apartment,9,9,False,False,False,2023,316992
114,5,4,Ariana,Tunis,villa,0,4,True,False,False,1992,333208
179,5,1,Nabeul,Nabeul,house,0,2,False,False,False,2020,327269
150,6,3,Gabès,Gabès,house,0,1,True,True,False,2018,373152
424,4,4,Gabès,Gabès,house,0,8,False,False,False,1991,883683
339,5,4,Monastir,Monastir,house,0,4,False,True,False,1999,523939
248,1,3,Hammamet,Hammamet,house,0,3,False,True,False,1994,690696
167,5,2,Gafsa,Gafsa,villa,0,9,False,False,True,2018,739668
286,6,3,Tataouine,Tataouine,apartment,5,9,False,False,False,1991,431288
198,2,2,Tataouine,Tataouine,house,0,3,False,False,False,2022,400926
407,3,4,Sfax,Sfax,villa,0,1,False,False,False,1992,1015676
299,5,3,Sousse,Sousse,house,0,7,False,True,False,2004,1217548
202,5,2,Hammamet,Hammamet,apartment,6,2,False,False,False,1999,342026
406,2,3,Sfax,Sfax,villa,0,7,False,False,False,2014,1363965
89,2,1,Hammamet,Hammamet,apartment,7,5,True,False,False,2010,165855
453,5,1,Bizerte,Bizerte,villa,0,4,False,False,True,2007,898048
188,7,1,Sousse,Sousse,apartment,5,4,False,False,False,2003,323284
478,4,4,Bizerte,Bizerte,apartment,5,7,False,False,False,2002,693673
197,5,3,Nabeul,Nabeul,villa,0,3,False,True,False,2010,453561
374,6,4,Sousse,Sousse,apartment,5,5,False,False,False,2013,457776
206,2,2,Bizerte,Bizerte,villa,0,2,True,False,True,2001,436091
437,5,1,Kairouan,Kairouan,apartment,5,3,True,False,False,2002,833271
395,4,1,Nabeul,Nabeul,villa,0,7,True,True,True,1993,1808884
211,1,1,Hammamet,Hammamet,house,0,6,True,False,False,1996,335940
218,7,4,Gafsa,Gafsa,apartment,4,3,False,False,False,2006,354729
158,1,1,Monastir,Monastir,apartment,6,9,False,False,False,1993,154840
479,2,4,Sfax,Sfax,villa,0,1,False,True,True,2012,1154037
450,4,2,Monastir,Monastir,villa,0,9,True,False,True,2004,1037541
56,1,1,Lac 1,Tunis,house,0,4,False,False,False,2023,198598
424,3,2,Gafsa,Gafsa,house,0,2,False,True,False,2005,696055
386,5,4,Bizerte,Bizerte,apartment,4,4,True,False,False,2005,659179
497,5,4,Kairouan,Kairouan,house,0,4,True,True,False,1998,612518
398,1,2,Monastir,Monastir,house,0,4,True,False,False,2011,385069
485,4,2,Sousse,Sousse,house,0,1,False,False,False,2010,976014
310,7,4,Hammamet,Hammamet,villa,0,8,False,True,False,2018,1780265
128,2,1,Gafsa,Gafsa,apartment,9,5,True,False,False,1992,221383
219,1,4,Gafsa,Gafsa,villa,0,6,True,True,True,2013,1148742
466,3,1,Gafsa,Gafsa,apartment,5,1,True,False,False,2014,897963
98,1,1,Sfax,Sfax,apartment,3,8,False,False,False,2002,129281
455,7,4,Gafsa,Gafsa,house,0,1,True,True,False,1992,1262521
322,4,1,Gabès,Gabès,villa,0,8,True,True,False,2018,982734
405,7,1,Bizerte,Bizerte,apartment,9,6,False,False,False,2020,295488
353,4,2,Tataouine,Tataouine,villa,0,1,True,False,True,1992,776425
171,6,1,Carthage,Tunis,apartment,4,3,False,False,False,2004,286596
249,2,2,Monastir,Monastir,apartment,4,5,True,False,False,2017,185106
151,3,3,Monastir,Monastir,apartment,3,4,True,False,False,2013,307840
222,5,1,Bizerte,Bizerte,apartment,8,5,False,False,False,2013,158774
241,5,4,Sousse,Sousse,apartment,9,4,True,False,False,1993,593351
446,5,4,Sfax,Sfax,apartment,7,9,False,False,False,1990,838123
381,4,2,Kairouan,Kairouan,villa,0,5,False,True,False,2005,797832
372,2,1,Bizerte,Bizerte,apartment,9,3,False,False,False,2009,513657
162,1,2,Tataouine,Tataouine,apartment,8,4,True,False,False,1991,116076
142,7,1,Hammamet,Hammamet,house,0,8,False,False,False,2014,332280
437,3,2,Monastir,Monastir,apartment,8,8,True,False,False,2021,730856
380,5,3,Bizerte,Bizerte,house,0,7,True,False,False,1999,360600
286,6,1,Monastir,Monastir,villa,0,2,False,False,False,2020,959175
288,1,3,Sousse,Sousse,villa,0,2,True,True,False,2010,1255942
272,6,3,Sfax,Sfax,apartment,0,7,False,False,False,1994,441728
463,6,3,Monastir,Monastir,villa,0,8,True,True,True,2018,2429621
55,5,2,Kairouan,Kairouan,villa,0,9,False,True,True,2017,148591
319,3,3,Sfax,Sfax,apartment,2,9,True,False,False,2004,390685
151,1,3,Sfax,Sfax,apartment,9,5,True,False,False,2015,172375
428,1,1,Tataouine,Tataouine,apartment,5,8,False,False,False,1997,406428
464,2,4,Gabès,Gabès,villa,0,3,True,False,True,2015,1839581
68,7,1,Gabès,Gabès,villa,0,7,False,False,False,1997,228936
288,1,4,Kairouan,Kairouan,apartment,5,3,True,False,False,2023,572140
96,4,3,Kairouan,Kairouan,house,0,9,True,False,False,2011,175279
319,7,4,Gafsa,Gafsa,house,0,5,True,True,False,2013,588951
297,1,3,Monastir,Monastir,apartment,2,7,True,False,False,2009,354261
192,3,4,Bizerte,Bizerte,villa,0,7,True,True,False,2022,354461
175,3,2,Tataouine,Tataouine,villa,0,9,False,True,True,2007,611891
308,4,4,Soukra,Tunis,villa,0,7,False,True,True,2012,1729079
176,2,4,Nabeul,Nabeul,apartment,5,6,False,False,False,2007,197049
413,5,2,Monastir,Monastir,villa,0,6,True,False,True,2010,1995386
271,4,4,Kairouan,Kairouan,apartment,2,1,True,False,False,2016,378565
206,7,1,Tataouine,Tataouine,house,0,7,False,True,False,1996,500786
485,4,3,Gafsa,Gafsa,apartment,1,8,True,False,False,1994,844540
425,2,2,Monastir,Monastir,apartment,9,8,True,False,False,2015,545496
407,6,4,Hammamet,Hammamet,apartment,7,7,False,False,False,2001,550915
482,2,4,Monastir,Monastir,villa,0,8,True,False,True,2020,1523450
273,7,4,Gabès,Gabès,apartment,8,8,True,False,False,2014,297657
496,6,4,Bizerte,Bizerte,apartment,6,4,False,False,False,1999,952716
95,4,4,Gafsa,Gafsa,apartment,5,4,True,False,False,2017,176916
499,1,1,Gafsa,Gafsa,apartment,9,7,False,False,False,2005,645905
476,6,1,Sousse,Sousse,house,0,9,False,True,False,1993,848671
201,3,4,Hammamet,Hammamet,apartment,6,6,True,False,False,1992,578192
480,4,2,Hammamet,Hammamet,villa,0,9,True,False,False,2011,1443536
269,1,3,Monastir,Monastir,apartment,8,3,True,False,False,1992,333291
256,6,4,Gafsa,Gafsa,house,0,4,False,True,False,2010,483225
149,4,3,Nabeul,Nabeul,house,0,1,True,False,False,2012,429305
62,6,2,Hammamet,Hammamet,villa,0,9,True,False,False,2009,221188
272,3,3,Gafsa,Gafsa,villa,0,8,False,True,False,2010,729856
105,1,2,Tataouine,Tataouine,house,0,7,True,False,False,2019,280343
461,2,2,Carthage,Tunis,villa,0,7,True,True,True,2008,3844985
346,4,4,Sfax,Sfax,house,0,2,False,True,False,2010,743753
90,7,1,Nabeul,Nabeul,house,0,3,False,False,False,1997,196138
343,2,4,Gabès,Gabès,apartment,6,2,False,False,False,2009,340256
411,6,2,Sfax,Sfax,house,0,7,False,True,False,1991,646503
349,3,1,Nabeul,Nabeul,house,0,1,False,True,False,1990,1315748
429,6,1,Bizerte,Bizerte,apartment,6,8,True,False,False,1992,881440
125,2,1,Tataouine,Tataouine,villa,0,2,False,False,True,2014,584766
312,7,1,Kairouan,Kairouan,house,0,9,True,True,False,2005,587646
224,4,1,Tataouine,Tataouine,apartment,8,2,False,False,False,1991,387430
477,7,2,Bizerte,Bizerte,house,0,1,True,False,False,1991,1155320
482,6,1,Sfax,Sfax,villa,0,9,False,True,True,2018,1891770
484,1,1,Gafsa,Gafsa,house,0,3,True,True,False,2023,834862
127,3,4,Sfax,Sfax,villa,0,8,False,False,True,2006,334268
258,6,1,Sfax,Sfax,apartment,5,8,False,False,False,1996,348196
393,6,2,Gafsa,Gafsa,apartment,2,2,False,False,False,1993,714002
182,2,3,Bizerte,Bizerte,villa,0,8,True,True,False,1993,366572
310,3,4,Nabeul,Nabeul,villa,0,5,True,False,False,1994,1006810
378,7,2,Gabès,Gabès,house,0,4,False,False,False,2013,651792
114,7,4,Monastir,Monastir,villa,0,4,True,False,False,2006,243211
168,5,4,Bizerte,Bizerte,apartment,1,9,True,False,False,2019,154949
141,6,4,Gafsa,Gafsa,apartment,1,2,True,False,False,2009,130639
405,3,1,Monastir,Monastir,villa,0,2,True,True,False,2006,1505487
85,6,2,Kairouan,Kairouan,villa,0,6,True,False,True,2007,230731
165,2,3,Bizerte,Bizerte,apartment,0,1,False,False,False,2020,291588
469,3,3,Tataouine,Tataouine,apartment,4,3,True,False,False,2009,822194
142,1,2,Lac 2,Tunis,villa,0,7,True,True,False,1999,810668
143,1,1,Kairouan,Kairouan,house,0,4,True,True,False,2009,324820
334,6,4,Gafsa,Gafsa,villa,0,5,True,False,True,2015,1116067
137,7,3,Hammamet,Hammamet,villa,0,2,True,False,False,2004,660271
293,1,4,Gabès,Gabès,house,0,5,False,False,False,2003,320565
122,6,3,Kairouan,Kairouan,house,0,1,True,True,False,2019,340134
279,5,2,Hammamet,Hammamet,villa,0,6,True,False,True,1996,867846
220,4,2,Nabeul,Nabeul,apartment,8,7,False,False,False,2008,578160
278,1,3,Gafsa,Gafsa,villa,0,9,True,False,True,1998,1310901
294,5,3,Tataouine,Tataouine,villa,0,9,True,True,True,2020,796500
398,6,2,Gafsa,Gafsa,apartment,9,6,False,False,False,2020,306300
317,7,1,Bizerte,Bizerte,house,0,6,True,True,False,2015,342702
465,4,4,Gabès,Gabès,apartment,2,2,False,False,False,2009,406968
445,5,4,Hammamet,Hammamet,house,0,9,True,False,False,2000,621031
335,3,2,Tataouine,Tataouine,house,0,6,True,True,False,2022,607627
285,5,3,Gafsa,Gafsa,villa,0,4,True,False,False,2010,464531
191,1,1,Monastir,Monastir,apartment,1,3,True,False,False,1991,287027
493,2,3,Hammamet,Hammamet,apartment,5,9,False,False,False,2008,804576
66,2,3,Tataouine,Tataouine,house,0,3,True,False,False,2019,63207
223,2,4,Soukra,Tunis,house,0,5,True,False,False,2012,965693
59,3,2,Bizerte,Bizerte,villa,0,6,False,False,False,2018,177566
471,5,3,Kairouan,Kairouan,house,0,6,False,True,False,1990,1245761
63,3,2,Carthage,Tunis,apartment,0,4,False,False,False,2004,266742
394,4,4,Hammamet,Hammamet,villa,0,2,False,True,True,2003,2756476
156,1,4,Soukra,Tunis,apartment,1,3,False,False,False,2023,198432
369,5,3,La Marsa,Tunis,house,0,8,True,False,False,1994,2281693
476,6,1,Nabeul,Nabeul,house,0,4,False,False,False,2022,1748728
278,3,4,Sfax,Sfax,apartment,7,5,False,False,False,2013,473712
334,3,1,Gabès,Gabès,villa,0,6,True,True,False,2009,608282
220,4,4,Hammamet,Hammamet,apartment,6,7,True,False,False,1997,383922
369,7,1,Sousse,Sousse,house,0,8,True,True,False,2021,823766
191,7,4,Sousse,Sousse,villa,0,1,False,False,True,2009,434962
173,2,4,Monastir,Monastir,house,0,9,False,True,False,2010,342783
415,2,1,Sfax,Sfax,house,0,7,False,False,False,1995,921034
489,1,1,Soukra,Tunis,house,0,9,True,True,False,1997,1674052
137,5,3,Kairouan,Kairouan,apartment,0,6,True,False,False,2011,274235
115,7,1,Nabeul,Nabeul,apartment,1,7,False,False,False,2000,184506
240,1,3,Sousse,Sousse,villa,0,5,True,False,False,2004,757149
58,5,1,Bizerte,Bizerte,villa,0,4,True,False,True,1995,178759
400,5,1,Bizerte,Bizerte,house,0,7,True,True,False,2015,753392
306,5,2,Carthage,Tunis,house,0,6,False,False,False,2008,1981839
182,5,1,Sousse,Sousse,villa,0,6,False,True,False,2009,959566
439,5,1,Gafsa,Gafsa,apartment,7,8,True,False,False,2000,907149
101,1,1,Hammamet,Hammamet,apartment,4,8,True,False,False,2002,168746
360,5,4,Sfax,Sfax,apartment,0,4,False,False,False,2004,531072
85,6,1,Nabeul,Nabeul,house,0,1,False,True,False,2022,243586
465,2,1,Sfax,Sfax,house,0,8,False,True,False,2022,758574
407,3,4,Hammamet,Hammamet,house,0,3,False,True,False,2014,1113967
272,2,2,Bizerte,Bizerte,house,0,6,False,True,False,2001,361266
353,1,1,Sousse,Sousse,apartment,1,8,False,False,False,2008,1022146
371,3,2,Sfax,Sfax,house,0,8,False,True,False,1992,682049
190,6,1,Tataouine,Tataouine,villa,0,2,False,True,False,2018,504709
211,6,3,Sousse,Sousse,apartment,5,2,False,False,False,1994,342832
451,2,2,Hammamet,Hammamet,house,0,6,True,True,False,2003,1014952
238,3,1,Hammamet,Hammamet,house,0,5,True,False,False,1991,661955
62,5,1,La Marsa,Tunis,apartment,3,4,False,False,False,2007,125984
286,6,4,Kairouan,Kairouan,villa,0,9,True,True,False,2004,616950
287,4,1,Monastir,Monastir,house,0,1,True,False,False,2021,553784
92,5,1,Nabeul,Nabeul,house,0,5,False,False,False,2003,338707
354,4,4,Lac 2,Tunis,villa,0,8,False,True,True,2022,3570065
300,4,3,Hammamet,Hammamet,house,0,7,True,True,False,1999,602161
114,5,4,Tataouine,Tataouine,apartment,3,4,True,False,False,2017,138277
161,3,2,Nabeul,Nabeul,house,0,7,False,False,False,2023,200928
417,3,3,Nabeul,Nabeul,apartment,7,2,True,False,False,2020,840146
165,7,3,Hammamet,Hammamet,house,0,6,True,False,False,2023,608918
245,3,1,Sfax,Sfax,apartment,5,2,False,False,False,2023,315952
222,3,1,Carthage,Tunis,villa,0,6,True,True,False,2010,1383690
334,1,3,Sfax,Sfax,house,0,7,False,False,False,1998,839569
434,3,2,Lac 1,Tunis,house,0,6,True,True,False,2021,3182663
482,3,1,Kairouan,Kairouan,apartment,9,6,False,False,False,2010,491254
311,6,1,Hammamet,Hammamet,apartment,3,8,False,False,False,1995,560546
211,1,4,Nabeul,Nabeul,house,0,6,True,True,False,2018,891141
326,7,3,Kairouan,Kairouan,house,0,1,True,True,False,2012,345775
446,6,1,Sousse,Sousse,villa,0,9,True,False,False,2014,1541568
167,2,3,Gabès,Gabès,villa,0,5,True,False,False,1997,387341
262,1,1,Monastir,Monastir,villa,0,5,False,True,False,2001,952858
358,4,2,Sousse,Sousse,apartment,4,9,False,False,False,2011,916766
179,6,1,Kairouan,Kairouan,house,0,3,False,True,False,2009,371873
240,5,2,Kairouan,Kairouan,house,0,5,False,True,False,2018,470321
442,6,4,Nabeul,Nabeul,apartment,4,2,True,False,False,2023,539655
359,2,2,Hammamet,Hammamet,apartment,2,8,False,False,False,1994,588903
200,6,1,Tataouine,Tataouine,villa,0,8,True,False,False,2017,537062
55,5,1,Sfax,Sfax,house,0,3,False,True,False,1994,118855
252,4,2,Sfax,Sfax,apartment,0,2,True,False,False,2005,291483
218,3,4,Nabeul,Nabeul,villa,0,5,False,True,False,1994,856201
190,2,3,Sousse,Sousse,villa,0,9,True,False,True,2021,924323
85,4,3,Gafsa,Gafsa,house,0,9,True,False,False,2005,215992
55,1,4,Sousse,Sousse,house,0,4,False,True,False,2023,124959
476,2,1,Gabès,Gabès,apartment,5,7,True,False,False,1992,995601
255,6,2,Carthage,Tunis,villa,0,2,True,True,True,2012,1873214
104,1,3,Gafsa,Gafsa,house,0,7,True,False,False,1992,171714
372,4,3,Bizerte,Bizerte,apartment,7,8,True,False,False,2015,527153
192,5,1,Kairouan,Kairouan,apartment,6,3,True,False,False,1997,285304
339,6,2,Tataouine,Tataouine,house,0,6,True,True,False,2016,775728
68,3,1,Kairouan,Kairouan,house,0,1,True,True,False,1999,66815
302,4,1,Sfax,Sfax,house,0,6,True,False,False,2006,612738
216,4,1,Sousse,Sousse,villa,0,7,True,False,True,1994,1207475
164,3,2,Gabès,Gabès,villa,0,8,False,True,True,2013,730464
146,4,3,Kairouan,Kairouan,apartment,8,1,False,False,False,2013,220401
116,2,1,Kairouan,Kairouan,apartment,8,3,True,False,False,1996,100655
212,5,4,La Marsa,Tunis,house,0,9,True,False,False,2017,1328254
118,3,2,Sousse,Sousse,house,0,2,True,True,False,1997,477314
424,6,1,Gabès,Gabès,villa,0,9,True,True,True,2019,792993
66,5,3,Sfax,Sfax,villa,0,6,True,True,False,1999,238093
190,2,4,Gafsa,Gafsa,house,0,4,False,True,False,2000,259093
257,1,3,Centre Ville,Tunis,villa,0,5,False,True,False,1994,638873
115,3,2,Hammamet,Hammamet,apartment,2,9,True,False,False,2002,130120
74,1,1,Hammamet,Hammamet,apartment,2,3,False,False,False,2004,89954
254,1,2,Tataouine,Tataouine,apartment,4,9,True,False,False,2014,329214
135,6,1,Kairouan,Kairouan,house,0,3,False,True,False,1998,186409
285,7,4,Centre Ville,Tunis,villa,0,1,True,True,False,2013,1399816
183,1,3,Nabeul,Nabeul,apartment,7,2,True,False,False,2000,324195
169,6,1,Gabès,Gabès,house,0,6,True,False,False,2002,164801
364,1,4,Gafsa,Gafsa,villa,0,5,False,True,True,2013,1194031
419,4,1,Kairouan,Kairouan,apartment,0,5,False,False,False,2012,375424
94,2,3,Hammamet,Hammamet,house,0,6,True,True,False,2017,407671
90,7,4,Monastir,Monastir,apartment,6,7,True,False,False,2000,74239
377,3,2,Monastir,Monastir,apartment,3,4,True,False,False,2016,684978
151,1,4,Kairouan,Kairouan,apartment,5,5,True,False,False,2001,295029
419,3,3,Gafsa,Gafsa,villa,0,6,False,False,False,1992,931587
320,2,4,Bizerte,Bizerte,apartment,1,6,False,False,False,1995,357632
86,2,4,Bizerte,Bizerte,house,0,4,True,False,False,1999,155048
469,5,1,Monastir,Monastir,house,0,2,False,False,False,2021,1062341
456,5,1,Nabeul,Nabeul,house,0,1,True,True,False,2020,1723760
359,2,4,Ariana,Tunis,house,0,1,True,True,False,2023,1446509
361,2,2,Sfax,Sfax,house,0,1,True,False,False,2007,934676
468,1,1,Gabès,Gabès,villa,0,7,False,False,False,2011,1550689
477,5,3,Nabeul,Nabeul,villa,0,8,True,False,False,1992,2618043
222,4,1,Kairouan,Kairouan,house,0,9,False,True,False,2003,337523
146,3,2,Kairouan,Kairouan,apartment,4,6,True,False,False,1998,116140
197,7,4,Kairouan,Kairouan,house,0,1,True,False,False,2019,520169
405,6,1,Gafsa,Gafsa,apartment,4,9,False,False,False,2003,568620
259,2,4,Bizerte,Bizerte,villa,0,9,False,True,False,2020,740512
84,4,1,Monastir,Monastir,villa,0,7,True,True,True,2011,309846
59,1,4,Monastir,Monastir,house,0,7,False,True,False,1995,136949
173,1,2,Gafsa,Gafsa,apartment,7,6,False,False,False,2014,141306
391,2,1,Gabès,Gabès,apartment,7,5,False,False,False,1992,323435
139,6,1,Monastir,Monastir,villa,0,7,True,False,True,1998,222672
424,4,4,Monastir,Monastir,house,0,5,False,False,False,1999,817098
429,6,4,Gafsa,Gafsa,villa,0,7,False,True,True,2006,813608
277,5,4,Monastir,Monastir,villa,0,9,True,False,False,2004,424268
140,4,2,Nabeul,Nabeul,villa,0,9,True,True,False,2022,688764
457,4,1,Kairouan,Kairouan,villa,0,4,True,False,False,2022,1634868
211,6,2,Hammamet,Hammamet,apartment,4,9,True,False,False,2012,243527
304,5,4,Sousse,Sousse,house,0,9,True,False,False,2003,756887
212,2,3,Sousse,Sousse,villa,0,7,False,True,True,2005,668576
318,4,2,Tataouine,Tataouine,apartment,5,2,True,False,False,2022,608232
387,3,2,Kairouan,Kairouan,villa,0,6,True,False,True,2011,1440741
143,2,4,Nabeul,Nabeul,apartment,5,1,False,False,False,1997,380094
280,4,4,Nabeul,Nabeul,villa,0,5,True,True,False,1997,1149104
170,3,1,Kairouan,Kairouan,house,0,2,False,True,False,2010,374179
432,7,3,Bizerte,Bizerte,house,0,6,True,True,False,2009,934053
213,2,1,Gabès,Gabès,apartment,0,4,False,False,False,2023,266164
427,5,4,Soukra,Tunis,house,0,2,False,True,False,2005,987356
235,7,3,Sousse,Sousse,apartment,8,4,True,False,False,2004,493894
404,6,3,Sfax,Sfax,villa,0,5,False,False,True,2017,928721
335,7,4,Tataouine,Tataouine,apartment,6,1,True,False,False,2007,391146
431,3,1,Kairouan,Kairouan,villa,0,5,True,True,False,2012,1118269
266,6,3,Sousse,Sousse,villa,0,7,False,True,True,2017,1850290
256,4,3,Gafsa,Gafsa,apartment,5,8,False,False,False,2004,344064
445,5,3,Gafsa,Gafsa,villa,0,9,False,True,True,2008,1283797
335,4,3,Monastir,Monastir,villa,0,2,True,True,False,1996,549928
137,4,3,Gabès,Gabès,house,0,9,False,True,False,2013,217225
428,7,3,Kairouan,Kairouan,house,0,8,True,False,False,1999,717889
325,2,4,Gabès,Gabès,apartment,6,6,False,False,False,2017,533260
463,2,2,Centre Ville,Tunis,villa,0,1,True,True,False,1993,3222707
472,3,2,Gabès,Gabès,apartment,4,2,True,False,False,2007,414321
186,6,4,Hammamet,Hammamet,villa,0,9,True,False,True,1990,1196614
91,2,4,Nabeul,Nabeul,apartment,9,4,True,False,False,2003,199508
272,7,2,Kairouan,Kairouan,house,0,6,False,True,False,2001,381180
496,2,1,Gabès,Gabès,apartment,5,6,False,False,False,1998,619404
106,3,3,Sousse,Sousse,house,0,3,True,True,False,2019,469073
459,6,4,Sfax,Sfax,villa,0,6,True,True,True,1997,1366578
319,5,1,Hammamet,Hammamet,apartment,6,3,False,False,False,2013,711242
373,2,2,Sfax,Sfax,villa,0,6,False,True,False,2023,1248428
68,3,4,Monastir,Monastir,villa,0,4,True,True,False,1993,133115
203,3,3,Sfax,Sfax,villa,0,1,True,False,True,1998,643614
499,6,3,Hammamet,Hammamet,villa,0,2,True,False,False,2011,1472383
466,4,2,Bizerte,Bizerte,house,0,5,True,True,False,2010,825085
132,6,4,Gabès,Gabès,villa,0,4,False,True,False,2008,457693
373,3,2,Nabeul,Nabeul,villa,0,3,False,True,True,1990,1097972
295,7,3,Bizerte,Bizerte,apartment,8,3,False,False,False,2007,309396
196,4,3,Tataouine,Tataouine,villa,0,2,False,True,True,2002,901649
293,7,2,Nabeul,Nabeul,house,0,9,False,True,False,2013,641557
168,6,3,Hammamet,Hammamet,apartment,9,4,True,False,False,2013,293600
253,6,4,Sfax,Sfax,house,0,1,False,False,False,2012,413361
125,1,1,Sousse,Sousse,apartment,4,6,True,False,False,2017,227902
272,4,4,Lac 2,Tunis,apartment,6,4,False,False,False,2002,1191360
499,5,2,Kairouan,Kairouan,house,0,4,True,False,False,2017,1131773
67,7,1,Kairouan,Kairouan,house,0,9,True,True,False,1998,187680
413,2,3,Hammamet,Hammamet,apartment,9,5,True,False,False,1991,751949
382,5,4,Gabès,Gabès,apartment,8,8,True,False,False,1996,724226
451,7,2,Gabès,Gabès,house,0,4,True,True,False,1999,602957
153,5,4,Gabès,Gabès,house,0,9,False,True,False,2018,275675
405,3,3,Kairouan,Kairouan,house,0,4,False,True,False,2016,761698
459,2,3,Gabès,Gabès,villa,0,9,True,False,False,2017,782841
426,2,4,Kairouan,Kairouan,apartment,9,6,False,False,False,1990,773956
445,6,2,Gabès,Gabès,house,0,6,True,True,False,2012,1043944
180,6,3,Monastir,Monastir,villa,0,5,False,False,True,2009,837008
89,7,4,Kairouan,Kairouan,apartment,8,3,True,False,False,1996,151164
82,3,2,Gabès,Gabès,villa,0,1,True,False,False,1997,237181
422,7,4,Hammamet,Hammamet,apartment,2,7,True,False,False,1990,1058122
86,2,4,Carthage,Tunis,apartment,1,6,True,False,False,2011,276137
121,1,1,Nabeul,Nabeul,apartment,2,3,True,False,False,1996,364836
333,5,2,Hammamet,Hammamet,villa,0,4,False,False,False,1998,1744973
253,4,1,Tataouine,Tataouine,villa,0,6,False,False,True,2007,1162727
354,3,1,Gafsa,Gafsa,villa,0,2,True,False,True,2018,683297
358,2,3,Sfax,Sfax,villa,0,7,True,False,False,2017,1109656
55,4,4,Bizerte,Bizerte,villa,0,2,False,False,True,1995,253487
497,5,1,Kairouan,Kairouan,house,0,5,True,False,False,1997,523185
169,1,4,Gabès,Gabès,villa,0,9,True,True,False,2020,432021
444,4,4,Bizerte,Bizerte,villa,0,1,False,True,False,2005,1483251
88,4,1,Gabès,Gabès,villa,0,5,False,False,False,2015,263450
260,5,4,Monastir,Monastir,apartment,2,4,True,False,False,2000,542068
118,2,1,Nabeul,Nabeul,house,0,3,True,True,False,2015,445635
390,4,2,Centre Ville,Tunis,villa,0,8,False,True,False,1995,2213511
476,6,1,Hammamet,Hammamet,house,0,3,False,False,False,2017,1161363
206,1,2,Gafsa,Gafsa,villa,0,7,True,True,True,2008,1043583
374,3,2,Tataouine,Tataouine,house,0,2,True,False,False,2010,327951
413,4,1,Sfax,Sfax,apartment,0,7,True,False,False,2008,424977
415,7,2,Gafsa,Gafsa,villa,0,8,False,True,True,1998,771674
380,4,2,Hammamet,Hammamet,apartment,1,7,False,False,False,2021,672600
414,5,3,Gabès,Gabès,house,0,5,True,True,False,2000,807610
349,2,2,Gafsa,Gafsa,villa,0,3,True,False,True,1994,611221
187,2,4,Monastir,Monastir,villa,0,9,False,False,True,1992,750537
150,1,1,Kairouan,Kairouan,apartment,5,7,False,False,False,2019,244680
277,1,3,Gafsa,Gafsa,apartment,4,9,True,False,False,1995,443488
429,5,1,Gabès,Gabès,apartment,8,7,False,False,False,2006,384040
271,3,3,Sfax,Sfax,apartment,3,2,False,False,False,2008,222653
285,6,2,Sfax,Sfax,villa,0,1,True,False,True,2009,1375841
111,3,3,Nabeul,Nabeul,apartment,8,9,False,False,False,2008,187412
370,1,2,Monastir,Monastir,apartment,2,8,False,False,False,2021,364080
405,3,4,Nabeul,Nabeul,villa,0,7,False,True,False,2023,2270980
203,3,2,Sousse,Sousse,villa,0,3,False,True,True,2012,1249036
129,7,2,Gabès,Gabès,villa,0,8,False,True,True,2000,554118
147,5,1,Gafsa,Gafsa,apartment,1,1,True,False,False,2010,162623
158,7,3,Nabeul,Nabeul,apartment,1,6,True,False,False,2001,412294
455,3,3,Gafsa,Gafsa,house,0,7,True,False,False,2023,1002663
264,1,1,Nabeul,Nabeul,house,0,5,True,True,False,2018,1157317
413,5,1,Hammamet,Hammamet,house,0,6,False,True,False,2013,1364971
454,3,1,Kairouan,Kairouan,apartment,1,6,False,False,False,2005,605091
291,4,1,Sousse,Sousse,villa,0,9,False,True,True,1993,1208042
396,6,3,Sfax,Sfax,apartment,4,3,True,False,False,2004,689895
172,6,1,Sousse,Sousse,apartment,7,1,False,False,False,2009,198350
144,2,3,Bizerte,Bizerte,villa,0,9,False,False,False,2018,261688
469,3,1,Sfax,Sfax,house,0,1,True,True,False,2019,1129542
357,7,3,Bizerte,Bizerte,house,0,5,False,False,False,1993,829068
409,1,3,Monastir,Monastir,house,0,4,False,True,False,2023,509070
415,2,4,Monastir,Monastir,villa,0,8,True,False,True,2005,888323
416,3,4,Sfax,Sfax,house,0,4,False,False,False,1996,693954
149,7,2,Bizerte,Bizerte,apartment,0,6,False,False,False,2015,289060
425,7,1,Monastir,Monastir,villa,0,1,True,False,True,1992,1874592
215,6,3,Bizerte,Bizerte,villa,0,7,True,False,False,1992,708024
295,7,1,Gafsa,Gafsa,house,0,6,True,False,False,2009,799229
56,4,2,Hammamet,Hammamet,villa,0,2,True,True,True,2021,348168
435,6,4,Kairouan,Kairouan,villa,0,1,False,False,True,2019,701943
166,5,2,Monastir,Monastir,house,0,8,True,False,False,2022,389372
429,6,4,Monastir,Monastir,villa,0,2,False,True,False,2018,885435
70,2,4,Tataouine,Tataouine,villa,0,6,True,True,True,2003,339178
221,1,4,Sfax,Sfax,house,0,3,False,True,False,2013,245492
381,4,1,Kairouan,Kairouan,house,0,4,False,True,False,1991,912263
450,6,3,Gafsa,Gafsa,apartment,0,2,True,False,False,1997,680778
308,3,3,Bizerte,Bizerte,villa,0,9,False,True,True,2004,1501230
303,6,3,Monastir,Monastir,house,0,3,True,True,False,2015,666053
397,7,3,Ariana,Tunis,apartment,3,6,True,False,False,2003,1482527
400,3,3,Sousse,Sousse,villa,0,1,False,True,False,2001,2144102
64,1,3,Monastir,Monastir,apartment,3,9,False,False,False,2005,64768
291,4,4,Monastir,Monastir,apartment,4,1,False,False,False,1994,419738
287,2,2,Gabès,Gabès,villa,0,5,False,True,False,1999,1102424
193,6,3,Hammamet,Hammamet,villa,0,4,True,True,True,1994,784309
74,1,2,Gafsa,Gafsa,apartment,0,6,True,False,False,1992,106666
182,2,3,Tataouine,Tataouine,house,0,4,True,True,False,2008,360283
360,5,4,Tataouine,Tataouine,house,0,5,True,True,False,2013,983782
265,3,4,Tataouine,Tataouine,apartment,5,9,True,False,False,2010,252873
324,3,1,Kairouan,Kairouan,apartment,1,7,False,False,False,2017,594604
253,6,3,Sfax,Sfax,house,0,5,True,True,False,2010,253455
415,1,2,Carthage,Tunis,house,0,4,True,True,False,2017,1576499
140,6,4,Sfax,Sfax,house,0,1,True,False,False,2010,254698
141,2,4,Bizerte,Bizerte,villa,0,4,True,True,True,2010,736247
361,2,3,Gafsa,Gafsa,house,0,9,False,True,False,2012,727264
295,1,4,La Marsa,Tunis,apartment,6,6,False,False,False,2010,1376470
480,2,1,Bizerte,Bizerte,house,0,8,True,False,False,2002,1267418
314,3,1,Gafsa,Gafsa,house,0,8,False,False,False,2002,608707
188,1,3,Nabeul,Nabeul,villa,0,1,False,True,False,1990,715594
468,3,4,Sfax,Sfax,house,0,8,True,True,False,2019,934874
418,4,4,Monastir,Monastir,villa,0,8,False,True,True,1993,1317801
217,3,3,Bizerte,Bizerte,house,0,7,True,True,False,1998,547647
309,4,1,Hammamet,Hammamet,villa,0,6,True,True,True,1992,1092355
338,7,1,Monastir,Monastir,apartment,2,7,True,False,False,1992,681124
426,3,2,Bizerte,Bizerte,apartment,2,4,False,False,False,2016,555844
302,1,4,Hammamet,Hammamet,villa,0,9,False,False,True,1994,1584941
181,6,1,Gafsa,Gafsa,villa,0,6,False,True,False,1994,636196
198,7,4,Hammamet,Hammamet,house,0,8,False,True,False,2015,783844
478,6,4,Gafsa,Gafsa,house,0,9,False,False,False,2013,1222418
471,2,1,Sousse,Sousse,villa,0,6,True,False,False,2010,2296690
189,4,2,Hammamet,Hammamet,apartment,2,7,True,False,False,1991,390787
244,1,3,La Marsa,Tunis,house,0,1,False,True,False,2023,701329
258,7,2,Hammamet,Hammamet,apartment,0,3,False,False,False,2014,756352
271,4,2,Sousse,Sousse,villa,0,8,False,True,False,2000,1310972
453,5,4,Gafsa,Gafsa,villa,0,2,False,False,True,2006,1121925
117,1,2,Nabeul,Nabeul,house,0,4,True,True,False,2023,320642
382,2,2,Kairouan,Kairouan,apartment,8,4,False,False,False,1990,511880
398,1,1,Monastir,Monastir,house,0,8,False,False,False,2006,579488
69,3,1,Gabès,Gabès,house,0,5,False,False,False,2002,154714
224,2,2,Bizerte,Bizerte,apartment,7,7,False,False,False,2001,191564
411,1,1,Gafsa,Gafsa,house,0,1,False,True,False,1990,1029702
75,4,3,Tataouine,Tataouine,house,0,2,True,True,False,1998,122702
260,7,1,Gafsa,Gafsa,house,0,7,False,True,False,2017,265613
238,7,2,Tataouine,Tataouine,apartment,1,1,False,False,False,1991,474286
103,4,4,Bizerte,Bizerte,house,0,8,False,False,False,2011,128222
74,2,4,Gabès,Gabès,villa,0,5,False,True,True,1998,337980
76,3,2,Lac 2,Tunis,apartment,0,7,True,False,False,2000,300048
244,2,2,Sfax,Sfax,house,0,8,True,False,False,2009,328263
217,7,2,Sousse,Sousse,villa,0,6,True,False,False,2009,1150168
487,7,4,Sousse,Sousse,house,0,2,True,False,False,2020,1784468
205,4,1,Gafsa,Gafsa,villa,0,9,False,True,True,2010,437755
392,2,1,Sousse,Sousse,house,0,6,True,False,False,2008,1270065
473,3,3,Gafsa,Gafsa,house,0,9,True,False,False,1996,870845
133,5,4,Monastir,Monastir,house,0,1,False,True,False,1994,168432
213,7,3,Sousse,Sousse,apartment,0,5,True,False,False,2013,406058
87,4,1,Monastir,Monastir,villa,0,5,False,False,False,2020,149333
337,1,1,Gabès,Gabès,villa,0,3,False,True,False,2016,1242171
333,3,4,Sousse,Sousse,apartment,4,8,False,False,False,2006,629370
275,7,2,Nabeul,Nabeul,apartment,2,5,True,False,False,1999,645183
90,4,4,Gafsa,Gafsa,villa,0,5,False,False,False,2006,163036
416,3,1,Sousse,Sousse,villa,0,3,True,True,False,1990,2248992
303,4,3,Gafsa,Gafsa,villa,0,6,False,True,False,1999,866793
351,2,4,Kairouan,Kairouan,house,0,7,False,False,False,2009,664007
486,6,3,Soukra,Tunis,house,0,3,True,False,False,2023,1226939
96,4,4,Gafsa,Gafsa,house,0,7,False,True,False,1990,150898
357,1,4,Sfax,Sfax,house,0,5,False,False,False,2006,369052
300,6,1,Gabès,Gabès,villa,0,3,True,True,False,2015,724489
294,1,3,Gabès,Gabès,house,0,7,True,True,False,2002,752568
147,2,3,Soukra,Tunis,villa,0,3,False,True,False,1992,601621
75,6,1,Sousse,Sousse,villa,0,6,True,True,True,2016,219891
393,2,4,Nabeul,Nabeul,house,0,7,False,False,False,2001,1527182
126,2,2,Gabès,Gabès,apartment,1,1,True,False,False,2012,229249
498,6,3,Tataouine,Tataouine,house,0,7,False,True,False,2003,1321731
221,6,2,Hammamet,Hammamet,house,0,9,False,False,False,2005,529896
387,2,3,Monastir,Monastir,house,0,4,False,False,False,1996,573936
296,5,1,Monastir,Monastir,apartment,6,7,True,False,False,2022,373457
148,6,2,Monastir,Monastir,house,0,9,False,False,False,2022,211332
88,2,3,Monastir,Monastir,villa,0,2,False,True,False,2018,214384
80,4,3,Sfax,Sfax,apartment,0,8,True,False,False,2008,112089
235,3,1,Tataouine,Tataouine,house,0,6,False,False,False,1996,362200
274,6,2,Sousse,Sousse,apartment,9,3,True,False,False,2003,631098
386,7,1,Kairouan,Kairouan,villa,0,8,False,False,True,2017,1113514
289,3,2,Sfax,Sfax,apartment,0,7,True,False,False,1996,441337
393,2,2,Sousse,Sousse,villa,0,3,False,True,True,2015,989327
111,2,1,Ariana,Tunis,villa,0,3,True,True,True,2013,467999
374,7,1,Kairouan,Kairouan,house,0,9,True,True,False,1990,787083
172,1,4,Monastir,Monastir,house,0,5,False,True,False,2005,303219
225,4,2,Sousse,Sousse,house,0,5,False,False,False,2004,595998
196,1,1,Bizerte,Bizerte,villa,0,3,True,False,False,1997,414596
319,6,1,Monastir,Monastir,apartment,2,7,True,False,False,1997,470269
317,1,4,Bizerte,Bizerte,villa,0,3,False,False,True,1993,722790
350,1,1,Hammamet,Hammamet,apartment,9,5,False,False,False,2004,592200
372,3,2,Sousse,Sousse,villa,0,6,True,True,False,2005,1000454
400,2,1,Hammamet,Hammamet,apartment,2,7,False,False,False,2005,446880
415,4,4,Nabeul,Nabeul,house,0,2,True,False,False,2017,1670874
486,3,2,Sousse,Sousse,villa,0,7,True,True,True,2002,1371306
103,5,4,La Marsa,Tunis,house,0,4,False,True,False,2005,375589
109,7,1,Hammamet,Hammamet,apartment,9,5,False,False,False,2008,271933
335,7,1,Tataouine,Tataouine,house,0,4,False,False,False,1990,772054
61,7,4,Hammamet,Hammamet,house,0,9,False,True,False,2015,133671
234,4,4,Tataouine,Tataouine,villa,0,3,True,False,True,1993,655889
318,4,4,Sfax,Sfax,house,0,8,True,False,False,2017,600405
436,6,1,Bizerte,Bizerte,apartment,4,6,True,False,False,2002,308740
129,6,4,Monastir,Monastir,house,0,1,True,False,False,1994,334279
108,2,3,Sfax,Sfax,villa,0,6,False,False,False,2021,217883
120,4,3,Gafsa,Gafsa,villa,0,7,False,True,False,2016,183427
417,5,1,Bizerte,Bizerte,house,0,6,True,True,False,2016,417250
454,5,1,Gabès,Gabès,villa,0,9,True,True,False,1993,1365207
388,2,1,Monastir,Monastir,apartment,1,9,True,False,False,2020,381652
188,4,4,Sousse,Sousse,apartment,6,8,True,False,False,1992,476365
397,1,4,Hammamet,Hammamet,apartment,2,3,False,False,False,2018,831318
68,2,1,Gabès,Gabès,villa,0,1,True,False,True,2013,154645
175,2,4,Gafsa,Gafsa,house,0,9,True,True,False,2002,318678
148,4,3,Hammamet,Hammamet,apartment,7,1,False,False,False,2022,154867
232,1,3,Kairouan,Kairouan,apartment,2,2,True,False,False,1991,448808
476,1,2,Gabès,Gabès,apartment,3,4,False,False,False,2008,505321
331,6,3,Sfax,Sfax,apartment,1,3,False,False,False,2019,374956
198,5,4,Bizerte,Bizerte,apartment,6,1,False,False,False,2021,303652
263,4,4,Hammamet,Hammamet,house,0,8,True,False,False,1990,808600
421,3,4,Tataouine,Tataouine,apartment,4,5,False,False,False,2014,391361
418,6,1,Monastir,Monastir,villa,0,3,True,False,True,2021,1432085
261,6,4,Monastir,Monastir,house,0,2,True,False,False,1994,506751
197,6,3,Bizerte,Bizerte,apartment,6,2,False,False,False,2016,352708
340,4,3,Gafsa,Gafsa,apartment,4,4,False,False,False,2009,567936
144,1,2,Tataouine,Tataouine,villa,0,7,True,False,False,2022,229920
260,3,3,Gabès,Gabès,villa,0,2,True,True,False,2013,546594
76,5,3,Tataouine,Tataouine,apartment,7,9,False,False,False,2003,115033
156,4,2,Bizerte,Bizerte,apartment,5,8,False,False,False,2022,116812
226,3,3,Sfax,Sfax,house,0,5,True,True,False,2011,274457
383,6,4,Bizerte,Bizerte,apartment,7,3,False,False,False,1995,647423
379,7,3,Kairouan,Kairouan,villa,0,3,False,False,False,2000,667464
302,1,3,Gabès,Gabès,apartment,9,6,False,False,False,1990,390184
229,7,2,Hammamet,Hammamet,villa,0,6,False,False,True,2021,612166
409,5,1,Monastir,Monastir,apartment,4,2,True,False,False,1992,602260
292,4,2,Gabès,Gabès,villa,0,8,False,True,True,2020,571823
431,5,4,Sousse,Sousse,apartment,7,5,False,False,False,2004,956302
215,6,2,Nabeul,Nabeul,house,0,7,False,True,False,2022,440145
316,3,3,Gafsa,Gafsa,apartment,6,6,True,False,False,2018,213148
304,3,3,Bizerte,Bizerte,apartment,3,3,False,False,False,1997,211340
118,3,4,Sfax,Sfax,villa,0,3,False,True,False,2008,218126
232,3,1,Sousse,Sousse,villa,0,8,True,True,False,1997,1096813
261,7,2,Gafsa,Gafsa,apartment,5,1,False,False,False,1994,267472
458,7,3,Kairouan,Kairouan,apartment,2,7,True,False,False,2012,946411
85,3,2,Gabès,Gabès,villa,0,9,False,True,True,2019,280751
298,6,2,Gabès,Gabès,house,0,8,True,True,False,2011,575953
207,6,2,Sousse,Sousse,apartment,5,6,True,False,False,1996,571978
427,4,2,Soukra,Tunis,house,0,7,False,True,False,2021,1744818
83,7,2,Sousse,Sousse,house,0,7,False,False,False,2020,122617
56,6,4,Sfax,Sfax,villa,0,9,False,True,False,2023,188496
408,2,4,Nabeul,Nabeul,villa,0,2,False,False,False,2005,1224097
173,1,4,Gabès,Gabès,villa,0,6,True,True,True,2015,693121
303,1,3,Monastir,Monastir,apartment,8,8,False,False,False,1996,429290
456,1,4,Hammamet,Hammamet,house,0,5,True,True,False,2001,1463306
456,5,2,Nabeul,Nabeul,villa,0,5,True,False,False,1996,889418
180,1,4,Gafsa,Gafsa,apartment,5,7,True,False,False,2016,342468
80,6,3,Bizerte,Bizerte,house,0,7,True,False,False,1996,150958
474,1,3,Soukra,Tunis,house,0,9,True,False,False,2009,1092799
483,6,2,Gafsa,Gafsa,house,0,2,True,True,False,1999,743790
174,3,1,Hammamet,Hammamet,house,0,7,False,False,False,2017,312970
481,3,4,Nabeul,Nabeul,house,0,1,False,True,False,1992,1566601
373,6,3,Hammamet,Hammamet,apartment,5,1,True,False,False,2000,542826
81,1,3,Sousse,Sousse,villa,0,6,False,False,True,2016,556565
147,5,1,Tataouine,Tataouine,villa,0,2,False,True,True,1992,482810
499,2,2,Kairouan,Kairouan,house,0,6,True,True,False,2019,814582
114,5,1,Gabès,Gabès,villa,0,3,True,True,True,2008,443675
229,6,2,Tataouine,Tataouine,apartment,8,1,False,False,False,2006,305760
242,2,1,Bizerte,Bizerte,villa,0,1,True,True,False,2011,526865
131,1,4,Bizerte,Bizerte,house,0,4,True,True,False,2012,314242
395,3,3,Sfax,Sfax,apartment,8,9,False,False,False,2009,761560
343,3,1,Nabeul,Nabeul,house,0,4,True,False,False,2018,943881
267,1,2,Monastir,Monastir,apartment,4,2,True,False,False,2017,338887
219,3,2,Tataouine,Tataouine,house,0,3,True,False,False,2020,520625
299,3,2,Kairouan,Kairouan,villa,0,4,True,True,True,2006,920595
390,2,1,Carthage,Tunis,house,0,5,True,True,False,2011,2652700
218,3,4,Lac 2,Tunis,villa,0,4,False,False,False,1991,864064
261,2,4,Nabeul,Nabeul,apartment,7,7,True,False,False,2014,415021
399,7,2,Monastir,Monastir,house,0,4,True,True,False,2011,947054
250,7,2,Bizerte,Bizerte,villa,0,7,True,False,False,2001,353052
400,6,3,Monastir,Monastir,apartment,5,3,True,False,False,2010,532896
224,3,4,Nabeul,Nabeul,villa,0,2,False,False,True,2002,766741
74,1,4,Kairouan,Kairouan,house,0,5,True,False,False,2023,114828
330,2,3,Kairouan,Kairouan,apartment,2,1,False,False,False,2023,286440
158,6,3,Sousse,Sousse,house,0,8,True,True,False,1993,323970
270,6,2,Hammamet,Hammamet,apartment,0,8,True,False,False,2002,477640
416,3,4,Kairouan,Kairouan,apartment,1,7,True,False,False,2001,739764
201,7,2,Soukra,Tunis,villa,0,4,False,True,True,1990,1484604
66,4,1,Tataouine,Tataouine,apartment,4,9,False,False,False,2019,108556
330,6,4,Hammamet,Hammamet,apartment,0,5,False,False,False,2023,466884
306,5,1,Hammamet,Hammamet,villa,0,5,True,False,True,1990,1598716
208,5,3,Monastir,Monastir,villa,0,3,False,True,False,2000,736699
225,2,2,Sousse,Sousse,house,0,9,False,False,False,2023,286767
498,4,4,Tataouine,Tataouine,house,0,7,False,False,False,2010,1113010
70,5,2,Bizerte,Bizerte,villa,0,4,True,True,False,2021,166719
177,6,3,Sousse,Sousse,house,0,4,False,False,False,2014,593105
249,1,3,Gabès,Gabès,house,0,4,False,True,False,2018,292547
355,3,4,Lac 1,Tunis,apartment,7,1,True,False,False,2023,1063828
172,5,2,Bizerte,Bizerte,apartment,2,7,False,False,False,1992,214518
311,7,4,Hammamet,Hammamet,apartment,4,5,False,False,False,1992,586297
496,5,1,Kairouan,Kairouan,villa,0,9,True,True,True,2008,1328742
249,4,3,Nabeul,Nabeul,house,0,6,False,True,False,2012,836622
343,5,1,Gabès,Gabès,house,0,9,False,True,False,2010,428492
439,2,3,Sfax,Sfax,house,0,4,False,True,False,2015,711640
106,4,4,Gafsa,Gafsa,apartment,1,3,True,False,False,1990,172737
244,6,3,Kairouan,Kairouan,villa,0,1,False,True,False,1997,876959
324,4,4,Tataouine,Tataouine,villa,0,5,False,False,False,1994,508083
232,6,2,Bizerte,Bizerte,house,0,7,True,False,False,2013,247010
464,6,3,Kairouan,Kairouan,villa,0,9,True,False,False,2013,858017
465,3,1,Kairouan,Kairouan,villa,0,1,False,False,False,2015,1618423
297,2,3,Monastir,Monastir,apartment,5,6,False,False,False,2007,240451
260,2,2,Bizerte,Bizerte,apartment,8,7,True,False,False,2006,450340
65,3,1,Hammamet,Hammamet,apartment,2,6,False,False,False,2018,152334
412,6,4,Sousse,Sousse,villa,0,4,True,True,False,2013,2428827
451,1,1,Kairouan,Kairouan,villa,0,6,False,True,False,2019,1644511
83,3,2,Nabeul,Nabeul,apartment,7,5,True,False,False,2005,179982
498,1,3,Gafsa,Gafsa,house,0,1,True,True,False,1998,1412344
311,7,1,Kairouan,Kairouan,house,0,1,False,False,False,1999,686339
159,1,3,Gabès,Gabès,villa,0,5,False,True,False,2007,268478
315,4,1,Bizerte,Bizerte,house,0,5,True,False,False,2014,541080
411,3,4,Gafsa,Gafsa,apartment,0,5,True,False,False,2023,308989
223,5,3,Sousse,Sousse,villa,0,6,True,True,False,2023,1185005
330,1,3,Sousse,Sousse,apartment,1,7,False,False,False,2006,700128
63,6,1,Bizerte,Bizerte,apartment,5,1,True,False,False,2014,98113
328,4,3,Kairouan,Kairouan,villa,0,1,False,False,False,2009,1129317
141,6,2,Hammamet,Hammamet,villa,0,6,True,True,True,2020,414768
393,7,2,Sfax,Sfax,house,0,5,True,False,False,2011,569919
141,5,3,Gabès,Gabès,house,0,3,True,False,False,2016,352287
470,5,1,Hammamet,Hammamet,house,0,3,True,False,False,2000,1919260
395,5,1,Tataouine,Tataouine,villa,0,2,True,False,True,2015,1017099
490,2,4,Tataouine,Tataouine,villa,0,2,True,True,False,2022,836972
147,4,2,Sfax,Sfax,house,0,6,True,True,False,2013,211008
124,4,1,Sfax,Sfax,house,0,4,True,True,False,1996,261554
102,4,4,Kairouan,Kairouan,villa,0,7,True,True,True,2002,249872
144,1,4,Monastir,Monastir,villa,0,3,False,False,True,2006,640493
236,5,2,Tataouine,Tataouine,house,0,8,True,False,False,2016,577017
303,2,4,Sousse,Sousse,apartment,3,2,False,False,False,1995,401050
451,1,3,Monastir,Monastir,apartment,6,7,True,False,False,1995,670925
275,5,1,Kairouan,Kairouan,house,0,2,True,True,False,2018,463452
152,7,4,Monastir,Monastir,villa,0,5,False,True,True,2023,477009
226,3,1,Tataouine,Tataouine,apartment,9,7,True,False,False,2021,311147
416,3,1,Kairouan,Kairouan,villa,0,5,True,True,True,2009,1064958
362,2,3,Bizerte,Bizerte,house,0,5,True,True,False,1996,524845
144,6,3,Monastir,Monastir,villa,0,4,False,False,False,1999,404766
56,4,1,Gabès,Gabès,villa,0,9,True,False,True,2019,228953
112,7,3,Kairouan,Kairouan,house,0,7,True,False,False,2009,139915
227,5,4,Gabès,Gabès,villa,0,3,True,False,True,2016,1107446
132,6,2,Carthage,Tunis,apartment,4,3,False,False,False,2022,272712
400,2,3,Sousse,Sousse,house,0,3,False,False,False,2015,1196208
495,7,1,Tataouine,Tataouine,apartment,3,9,True,False,False,2008,1020373
233,1,1,Gabès,Gabès,apartment,5,9,False,False,False,1996,344840
481,7,3,Gabès,Gabès,house,0,6,False,False,False,2021,1143048
55,7,1,Gabès,Gabès,house,0,3,True,True,False,2007,63291
357,3,3,Tataouine,Tataouine,villa,0,6,True,False,True,2006,1046263
182,5,4,Gafsa,Gafsa,house,0,1,True,True,False,2020,458005
490,5,1,Sousse,Sousse,villa,0,7,False,True,True,1999,1634592
486,1,3,Bizerte,Bizerte,house,0,5,False,True,False,2017,915149
185,1,2,Sousse,Sousse,house,0,3,False,True,False,2022,665078
191,5,4,Nabeul,Nabeul,apartment,4,9,True,False,False,2000,312136
376,1,4,Tataouine,Tataouine,villa,0,1,False,True,True,2019,1323208
226,4,2,Gabès,Gabès,villa,0,1,False,True,False,2013,632199
87,7,2,Kairouan,Kairouan,house,0,9,True,True,False,2006,214025
435,7,2,Bizerte,Bizerte,house,0,1,True,False,False,2003,586174
59,4,3,Kairouan,Kairouan,house,0,8,True,True,False,2018,64350
237,6,4,Hammamet,Hammamet,house,0,5,False,True,False,1998,602717
158,1,3,Nabeul,Nabeul,house,0,6,False,True,False,1997,295258
194,1,2,Sfax,Sfax,apartment,1,5,False,False,False,2004,379308
106,4,1,Carthage,Tunis,house,0,9,False,True,False,2003,716063
480,3,4,Kairouan,Kairouan,house,0,6,False,False,False,2020,1004390
354,4,4,Hammamet,Hammamet,villa,0,5,True,True,True,2021,1811712
391,3,4,Tataouine,Tataouine,house,0,2,False,False,False,1995,601013
375,6,4,Sfax,Sfax,apartment,5,4,True,False,False,2014,497700
354,4,1,Nabeul,Nabeul,apartment,3,3,False,False,False,2021,996580
310,3,1,Sousse,Sousse,house,0,8,False,False,False,1995,426051
174,6,2,Monastir,Monastir,house,0,6,True,True,False,2003,225729
67,6,3,Gafsa,Gafsa,apartment,9,1,True,False,False,2004,84026
83,4,2,Sousse,Sousse,apartment,3,7,True,False,False,2013,202153
465,3,2,Nabeul,Nabeul,house,0,1,False,False,False,2003,1520438
427,7,3,Monastir,Monastir,apartment,6,1,True,False,False,1992,680774
486,3,1,Nabeul,Nabeul,villa,0,4,True,False,True,2005,2203834
153,6,4,Bizerte,Bizerte,house,0,3,False,False,False,2015,241544
478,4,2,Nabeul,Nabeul,apartment,1,6,True,False,False,2015,1179866
385,5,4,Kairouan,Kairouan,villa,0,5,True,True,False,2021,1448430
317,7,3,Gafsa,Gafsa,house,0,6,True,True,False,2007,639330
464,3,3,Tataouine,Tataouine,villa,0,3,False,True,True,1994,857055
492,1,4,Lac 2,Tunis,villa,0,3,False,False,False,2000,4367779
269,2,3,Gafsa,Gafsa,villa,0,6,False,True,True,2017,943887
75,5,2,Sousse,Sousse,apartment,1,5,True,False,False,2007,107824
194,1,1,Sousse,Sousse,house,0,5,True,True,False,1998,473639
285,1,1,Tataouine,Tataouine,villa,0,8,False,False,False,1996,756367
233,7,4,Sousse,Sousse,villa,0,9,True,False,True,1997,1529211
294,3,4,Kairouan,Kairouan,apartment,8,1,True,False,False,2014,411435
344,7,3,Tataouine,Tataouine,villa,0,2,True,True,True,2005,824111
411,6,1,Bizerte,Bizerte,villa,0,7,True,True,True,1991,1842166
315,2,3,Bizerte,Bizerte,house,0,6,False,False,False,1991,652906
319,1,3,Centre Ville,Tunis,apartment,0,6,True,False,False,2023,1059111
416,4,4,Gabès,Gabès,villa,0,7,False,False,True,2012,1014713
321,4,4,Nabeul,Nabeul,villa,0,7,True,True,True,1990,2265390
147,1,4,Sousse,Sousse,apartment,8,7,False,False,False,2014,391078
499,1,1,Sfax,Sfax,apartment,6,2,False,False,False,1993,624348
159,1,2,Sousse,Sousse,villa,0,7,False,True,False,2001,850391
497,5,1,La Marsa,Tunis,house,0,2,False,False,False,2018,2437089
136,2,3,Sfax,Sfax,house,0,9,False,True,False,2009,337772
99,5,3,Hammamet,Hammamet,apartment,9,1,True,False,False,2010,221538
209,6,4,Lac 1,Tunis,apartment,1,6,True,False,False,1995,891844
486,2,2,Gabès,Gabès,house,0,1,True,True,False,2014,616475
385,2,1,Nabeul,Nabeul,house,0,9,True,True,False,2002,958683
50,7,1,Gafsa,Gafsa,villa,0,3,False,False,False,2013,71568
361,3,4,Nabeul,Nabeul,house,0,4,True,False,False,1993,1053728
252,4,3,Monastir,Monastir,house,0,1,True,False,False,2013,305179
293,4,1,Nabeul,Nabeul,apartment,0,1,False,False,False,2004,579788
156,1,4,Tataouine,Tataouine,house,0,8,True,False,False,1992,304248
131,1,2,Hammamet,Hammamet,house,0,9,True,True,False,2018,578523
163,5,4,Sousse,Sousse,villa,0,6,False,True,False,1994,527098
365,7,3,Nabeul,Nabeul,apartment,2,7,True,False,False,2022,1143771
70,2,3,Sousse,Sousse,apartment,3,2,True,False,False,1999,130183
200,5,1,Bizerte,Bizerte,villa,0,1,False,False,False,1995,506880
67,3,4,Carthage,Tunis,house,0,8,False,True,False,2006,327286
59,3,2,Kairouan,Kairouan,house,0,7,True,False,False,2009,61206
94,3,3,Gabès,Gabès,house,0,6,False,True,False,2000,238192
383,5,2,Monastir,Monastir,house,0,2,True,False,False,1990,749060
252,2,2,Monastir,Monastir,villa,0,9,True,False,False,2023,387120
341,4,2,La Marsa,Tunis,apartment,4,6,True,False,False,2001,1516699
138,6,2,Tataouine,Tataouine,villa,0,3,False,True,False,1991,431282
143,1,3,Kairouan,Kairouan,villa,0,4,True,False,True,1992,590831
53,4,2,Nabeul,Nabeul,apartment,5,6,False,False,False,1996,112699
50,2,4,Hammamet,Hammamet,villa,0,7,False,False,True,1995,319410
159,5,4,Centre Ville,Tunis,villa,0,7,True,False,False,1995,759088
454,6,4,Gabès,Gabès,villa,0,7,True,False,False,2000,695371
85,7,1,Hammamet,Hammamet,apartment,6,7,True,False,False,2016,246865
453,7,2,Lac 1,Tunis,apartment,3,7,False,False,False,2000,1232160
376,3,2,Sousse,Sousse,villa,0,1,True,True,True,2019,2220633
409,5,1,Bizerte,Bizerte,house,0,7,True,False,False,2013,838767
444,7,4,Sfax,Sfax,house,0,1,True,False,False,1995,633211
336,3,3,Monastir,Monastir,house,0,1,False,True,False,1995,712263
168,5,2,Kairouan,Kairouan,apartment,9,7,True,False,False,1999,149728
233,4,3,Sousse,Sousse,house,0,9,False,False,False,2005,430723
113,5,3,Gabès,Gabès,house,0,8,True,True,False,2008,317485
180,7,4,La Marsa,Tunis,house,0,4,False,True,False,2006,415958
74,1,4,Sousse,Sousse,apartment,1,7,False,False,False,2022,72904
91,4,3,Monastir,Monastir,apartment,9,8,False,False,False,2011,179961
256,3,1,Gabès,Gabès,apartment,8,3,True,False,False,2020,230737
445,2,1,Gabès,Gabès,apartment,0,1,False,False,False,2023,423640
435,1,2,Sfax,Sfax,villa,0,4,False,True,False,2009,1390482
314,2,1,Bizerte,Bizerte,apartment,2,4,True,False,False,1998,367681
439,4,3,Bizerte,Bizerte,house,0,5,False,True,False,1995,403781
270,6,3,Sfax,Sfax,house,0,3,True,True,False,2015,600323
487,1,1,Sousse,Sousse,villa,0,7,True,False,True,2019,2985175
358,7,4,Soukra,Tunis,villa,0,9,True,True,False,2023,1252626
470,2,4,Nabeul,Nabeul,villa,0,6,True,False,True,2015,2641235
454,5,2,Gafsa,Gafsa,villa,0,8,False,False,False,2014,1250642
178,5,4,Tataouine,Tataouine,villa,0,5,True,False,False,2003,490365
329,3,3,Kairouan,Kairouan,villa,0,8,False,False,False,1990,1043693
344,5,4,Gafsa,Gafsa,apartment,5,4,True,False,False,2001,306297
386,6,2,Ariana,Tunis,villa,0,8,True,True,True,2018,2334776
447,2,1,Gafsa,Gafsa,villa,0,6,False,False,True,2006,1261870
243,4,2,Tataouine,Tataouine,house,0,8,False,False,False,1998,502154
54,7,1,Tataouine,Tataouine,villa,0,9,False,True,False,2017,70652
415,7,1,Gafsa,Gafsa,apartment,2,1,False,False,False,1997,394084
417,3,4,Bizerte,Bizerte,villa,0,1,False,False,True,1997,747057
447,5,3,Monastir,Monastir,villa,0,3,True,False,False,2018,1069892
443,4,4,Bizerte,Bizerte,villa,0,2,True,True,True,1993,2238464
380,7,3,Kairouan,Kairouan,villa,0,7,False,False,False,2012,843235
291,6,4,Tataouine,Tataouine,villa,0,2,False,False,False,1990,970496
146,5,1,Sousse,Sousse,house,0,5,False,True,False,2012,244523
166,2,2,Monastir,Monastir,house,0,1,True,True,False,1996,238880
100,3,1,Tataouine,Tataouine,house,0,5,True,False,False,2018,167731
166,2,2,Bizerte,Bizerte,villa,0,9,False,False,True,2006,421068
476,1,4,Nabeul,Nabeul,apartment,5,5,False,False,False,2014,484377
109,2,1,Monastir,Monastir,house,0,2,True,True,False,1992,150308
447,5,2,Nabeul,Nabeul,apartment,5,4,True,False,False,2004,759220
187,1,2,Bizerte,Bizerte,house,0,3,False,False,False,2006,214316
323,1,2,Sousse,Sousse,apartment,8,3,False,False,False,2005,451166
290,1,3,Gabès,Gabès,house,0,9,True,False,False,2013,330613
317,3,3,Sousse,Sousse,house,0,9,True,True,False,2021,1000690
260,6,1,Kairouan,Kairouan,villa,0,2,False,True,True,2008,1105584
61,2,1,Hammamet,Hammamet,house,0,4,False,False,False,2016,77936
238,6,2,Tataouine,Tataouine,villa,0,2,True,True,True,1990,677205
208,7,1,Lac 1,Tunis,apartment,3,5,False,False,False,2000,642720
153,5,1,Lac 2,Tunis,house,0,7,True,True,False,2016,1056755
287,3,2,Hammamet,Hammamet,apartment,1,9,True,False,False,2007,840766
271,2,2,Gabès,Gabès,villa,0,5,True,False,False,2015,994877
95,6,3,Nabeul,Nabeul,house,0,3,True,True,False,1995,336864
393,5,4,Gafsa,Gafsa,house,0,8,True,False,False,1991,626567
217,1,1,Sfax,Sfax,house,0,3,False,True,False,2008,377088
202,2,4,Gafsa,Gafsa,apartment,0,1,True,False,False,2010,166116
468,1,3,La Marsa,Tunis,house,0,1,False,True,False,2005,2062597
363,2,2,Nabeul,Nabeul,apartment,3,8,True,False,False,2022,814136
194,4,4,Gabès,Gabès,villa,0,8,True,False,True,2019,931580
467,6,4,Nabeul,Nabeul,apartment,9,5,True,False,False,1990,832614
230,1,2,Monastir,Monastir,villa,0,6,True,False,False,2012,289336
383,2,4,Sousse,Sousse,villa,0,2,True,False,False,1999,1567033
344,1,2,Tataouine,Tataouine,house,0,6,True,False,False,2012,927850
350,6,1,Gabès,Gabès,apartment,6,7,False,False,False,2002,485240
196,5,2,Nabeul,Nabeul,house,0,9,True,True,False,2000,816842
180,3,3,Centre Ville,Tunis,villa,0,7,True,False,True,2016,1537738
83,3,2,Tataouine,Tataouine,apartment,4,4,True,False,False,1996,138533
310,5,3,Sfax,Sfax,house,0,9,False,False,False,2023,592571
154,2,3,Gafsa,Gafsa,apartment,5,4,True,False,False,2013,124314
176,2,3,Sousse,Sousse,house,0,2,False,False,False,2010,421724
216,4,4,Bizerte,Bizerte,apartment,6,9,False,False,False,1996,146707
491,2,2,Sfax,Sfax,house,0,6,True,True,False,2013,685924
108,5,2,Gafsa,Gafsa,apartment,2,1,True,False,False,2022,189604
483,2,2,Sousse,Sousse,house,0,2,True,False,False,2005,982613
50,1,4,Kairouan,Kairouan,villa,0,7,False,False,True,1990,193096
122,5,1,Sousse,Sousse,apartment,9,6,False,False,False,2023,161772
221,6,4,Centre Ville,Tunis,villa,0,9,True,False,False,1993,1253696
144,5,1,Gabès,Gabès,house,0,7,True,True,False,2003,357534
269,1,4,Tataouine,Tataouine,house,0,4,False,True,False,2011,733027
247,3,2,Gafsa,Gafsa,house,0,6,False,True,False,2012,536314
242,4,2,Gafsa,Gafsa,villa,0,9,True,False,False,2002,564955
480,4,2,Gafsa,Gafsa,house,0,4,False,True,False,2011,932954
93,1,3,Tataouine,Tataouine,house,0,2,False,True,False,2006,135330
322,5,1,La Marsa,Tunis,house,0,8,True,True,False,2018,2396141
282,1,1,Hammamet,Hammamet,apartment,9,7,True,False,False,2000,478260
401,6,4,Nabeul,Nabeul,villa,0,5,False,False,True,1991,981878
212,6,3,Gafsa,Gafsa,villa,0,9,False,False,False,2020,452730
358,4,3,Hammamet,Hammamet,villa,0,3,False,False,True,2003,2125128
159,1,1,Monastir,Monastir,apartment,0,8,False,False,False,2023,116260
255,6,2,Gabès,Gabès,apartment,9,2,False,False,False,2009,495108
117,7,2,Gafsa,Gafsa,villa,0,9,True,True,True,2012,340754
189,7,3,Nabeul,Nabeul,villa,0,1,True,True,False,2002,515839
398,6,3,Tataouine,Tataouine,villa,0,9,False,True,False,2007,1390732
108,3,4,Monastir,Monastir,house,0,3,True,False,False,2019,274908
241,6,2,Hammamet,Hammamet,villa,0,2,True,False,True,2009,1261962
146,1,1,Tataouine,Tataouine,villa,0,9,True,True,True,1993,650606
89,7,1,Sfax,Sfax,apartment,5,9,True,False,False,2015,77750
152,1,3,Tataouine,Tataouine,house,0,2,False,False,False,1993,331968
208,7,3,Monastir,Monastir,apartment,4,7,True,False,False,2013,332492
186,5,2,Monastir,Monastir,villa,0,2,False,False,False,1994,294891
311,4,4,La Marsa,Tunis,apartment,7,5,False,False,False,2002,936732
250,4,4,Bizerte,Bizerte,villa,0,8,False,True,True,2005,440668
252,7,3,Kairouan,Kairouan,villa,0,6,True,False,True,2001,613220
463,2,1,Gabès,Gabès,villa,0,5,True,True,False,2021,1873559
317,3,2,Gabès,Gabès,apartment,3,7,False,False,False,2021,261461
212,1,4,Sfax,Sfax,house,0,6,True,True,False,2011,389111
224,5,3,Lac 1,Tunis,apartment,8,5,False,False,False,2019,510272
349,1,4,La Marsa,Tunis,house,0,2,True,False,False,2011,1075677
133,5,1,Sousse,Sousse,house,0,2,False,False,False,1992,493179
497,1,3,Gabès,Gabès,apartment,4,3,True,False,False,2022,882135
437,5,1,Nabeul,Nabeul,apartment,1,2,False,False,False,2001,432630
390,4,1,Sfax,Sfax,villa,0,7,True,True,False,2007,1534052
66,2,1,Sfax,Sfax,villa,0,7,False,False,True,1993,182115
498,4,1,Gafsa,Gafsa,house,0,8,True,False,False,1997,754272
469,2,4,Gabès,Gabès,apartment,6,4,True,False,False,2000,539725
308,2,4,Sousse,Sousse,villa,0,1,True,True,True,1998,1202697
455,2,4,Kairouan,Kairouan,villa,0,6,False,True,True,2014,1814845
414,7,1,Monastir,Monastir,apartment,6,8,False,False,False,2007,281851
425,4,3,Gabès,Gabès,villa,0,4,True,True,False,2014,1538127
379,5,3,Kairouan,Kairouan,villa,0,3,False,True,False,2017,1013967
172,3,3,Gabès,Gabès,apartment,6,6,False,False,False,2003,292950
300,3,2,Gabès,Gabès,house,0,7,False,True,False,1998,820934
474,3,2,Sfax,Sfax,villa,0,1,True,False,False,1993,1439826
329,3,4,Sfax,Sfax,apartment,0,3,True,False,False,1992,427528
100,1,3,Tataouine,Tataouine,house,0,3,True,True,False,2005,271951
453,5,2,Hammamet,Hammamet,house,0,1,False,False,False,2016,947657
148,2,2,Centre Ville,Tunis,villa,0,3,True,True,True,2001,900599
326,4,1,Sousse,Sousse,villa,0,1,False,True,True,2000,1246602
74,7,1,Gafsa,Gafsa,villa,0,7,False,True,False,2016,164571
99,3,3,Bizerte,Bizerte,villa,0,9,False,False,False,2007,216406
321,7,3,Tataouine,Tataouine,villa,0,4,False,False,False,2017,508926
116,7,4,Sousse,Sousse,villa,0,3,False,True,True,1999,786828
354,4,2,Bizerte,Bizerte,villa,0,2,False,False,True,2011,939028
168,3,4,Monastir,Monastir,apartment,9,3,False,False,False,2005,333849
242,1,2,Kairouan,Kairouan,villa,0,2,True,False,True,2012,974658
169,6,4,Tataouine,Tataouine,apartment,8,2,False,False,False,2022,265938
282,6,3,Lac 1,Tunis,apartment,9,2,False,False,False,2015,1327092
371,3,1,Sousse,Sousse,house,0,8,False,True,False,1991,1531109
473,2,1,Hammamet,Hammamet,house,0,1,True,True,False,1995,745719
326,6,2,Sfax,Sfax,house,0,3,True,True,False,2008,775350
81,2,4,Lac 1,Tunis,house,0,7,True,True,False,2016,528323
126,4,4,Gafsa,Gafsa,apartment,8,4,False,False,False,2004,123782
94,6,2,Monastir,Monastir,house,0,6,True,False,False,2021,113426
120,3,1,Monastir,Monastir,house,0,7,True,True,False,1994,278197
168,7,4,Tataouine,Tataouine,apartment,0,5,False,False,False,1990,325382
114,7,1,Bizerte,Bizerte,house,0,7,False,True,False,2013,257441
352,7,3,Nabeul,Nabeul,apartment,7,7,False,False,False,2002,987993
300,6,4,Monastir,Monastir,house,0,2,True,True,False,2008,455134
101,2,4,Monastir,Monastir,villa,0,9,True,True,True,1991,254410
430,6,3,Sfax,Sfax,apartment,5,4,False,False,False,2013,507056
399,5,3,Hammamet,Hammamet,apartment,1,6,True,False,False,2013,1091951
53,1,2,Hammamet,Hammamet,house,0,8,False,False,False,2023,153702
384,3,1,Gafsa,Gafsa,villa,0,4,True,False,False,1993,1327269
444,7,1,Sousse,Sousse,house,0,9,False,False,False,2010,799306
392,7,4,Nabeul,Nabeul,apartment,9,4,False,False,False,2014,1159536
452,6,4,Bizerte,Bizerte,house,0,8,False,True,False,1995,1180511
410,6,3,Gafsa,Gafsa,house,0,9,True,False,False,2019,680086
57,6,4,Sfax,Sfax,apartment,3,6,True,False,False,2019,93605
405,2,3,Monastir,Monastir,apartment,9,6,True,False,False,2016,778717
478,3,4,Bizerte,Bizerte,apartment,7,3,True,False,False,2002,677364
104,6,3,Bizerte,Bizerte,villa,0,9,True,False,False,1993,333680
345,2,3,Sousse,Sousse,villa,0,3,True,True,False,2006,756560
88,2,1,Gafsa,Gafsa,villa,0,1,True,False,True,2002,417037
452,5,2,Monastir,Monastir,house,0,8,True,False,False,1997,1079468
248,4,4,Lac 2,Tunis,house,0,6,True,False,False,2007,805000
291,5,4,Sousse,Sousse,apartment,4,9,False,False,False,2001,738907
307,3,1,Monastir,Monastir,house,0,5,True,False,False,2002,648697
487,6,2,Gafsa,Gafsa,house,0,2,True,False,False,2002,1113065
90,1,1,Nabeul,Nabeul,house,0,5,False,True,False,2016,314748
353,2,1,Gafsa,Gafsa,villa,0,9,False,False,False,2013,561185
475,3,4,Monastir,Monastir,villa,0,2,True,True,True,2010,1243728
269,7,3,Hammamet,Hammamet,villa,0,1,False,True,False,1993,901193
389,6,2,Bizerte,Bizerte,villa,0,6,True,False,False,2006,556406
162,5,1,Sousse,Sousse,house,0,1,False,False,False,1992,553204
83,6,4,Sousse,Sousse,house,0,4,False,False,False,2012,218821
172,6,3,Lac 2,Tunis,apartment,1,2,False,False,False,2018,735816
221,7,1,Hammamet,Hammamet,apartment,6,9,True,False,False,1999,679163
471,7,1,Hammamet,Hammamet,villa,0,6,True,False,True,2008,2123316
250,1,4,Hammamet,Hammamet,apartment,9,6,False,False,False,2009,317100
181,7,3,Sousse,Sousse,villa,0,3,True,False,False,2000,572248
465,1,2,Sousse,Sousse,house,0,1,True,True,False,1994,1441079
191,7,4,Monastir,Monastir,house,0,1,True,True,False,2009,269120
422,2,1,Kairouan,Kairouan,house,0,4,True,True,False,2001,1105055
384,4,3,Nabeul,Nabeul,house,0,8,False,False,False,2017,772761
176,6,4,Sfax,Sfax,house,0,3,True,True,False,1995,459607
267,7,3,Tataouine,Tataouine,house,0,1,True,True,False,2005,785123
350,4,2,Gafsa,Gafsa,house,0,3,True,True,False,2002,684023
117,7,4,Hammamet,Hammamet,villa,0,5,True,True,True,2007,624969
394,2,4,Sousse,Sousse,house,0,6,True,False,False,2013,1359798
200,6,3,Bizerte,Bizerte,villa,0,6,True,False,False,2010,418521
371,6,4,Tataouine,Tataouine,house,0,7,False,True,False,2014,728311
74,2,2,Nabeul,Nabeul,house,0,1,False,False,False,1993,168311
495,6,3,Bizerte,Bizerte,villa,0,9,True,True,False,1997,1279383
176,4,1,Sfax,Sfax,villa,0,4,False,False,False,2001,241274
198,3,2,Hammamet,Hammamet,house,0,6,True,True,False,1992,388150
250,7,1,Gafsa,Gafsa,villa,0,1,False,True,False,2007,989208
386,7,4,Hammamet,Hammamet,house,0,5,False,True,False,2000,616009
254,4,4,Tataouine,Tataouine,house,0,6,False,True,False,2023,303942
461,5,2,Gafsa,Gafsa,apartment,8,2,False,False,False,2005,840495
281,5,3,Gabès,Gabès,villa,0,4,True,False,False,2012,373462
321,5,2,Bizerte,Bizerte,house,0,2,False,True,False,2007,688912
321,4,2,Hammamet,Hammamet,house,0,4,False,True,False,1997,545878
72,6,4,Tataouine,Tataouine,villa,0,6,True,True,False,2007,154118
271,4,4,Sfax,Sfax,villa,0,7,False,False,False,1990,643115
397,6,3,Sousse,Sousse,villa,0,4,True,True,True,2013,1771691
67,2,2,Gabès,Gabès,apartment,2,2,False,False,False,1996,42933
312,4,4,Gafsa,Gafsa,villa,0,1,False,False,True,2019,615019
134,5,1,Nabeul,Nabeul,house,0,4,True,False,False,2011,473663
127,3,2,Nabeul,Nabeul,house,0,6,False,True,False,2012,352831
219,1,4,Hammamet,Hammamet,apartment,4,3,True,False,False,2014,350719
402,2,4,Soukra,Tunis,house,0,5,True,False,False,1996,1836324
448,3,4,Hammamet,Hammamet,house,0,1,False,False,False,2012,1232125
144,6,2,Sousse,Sousse,apartment,9,5,True,False,False,1999,408058
236,3,3,Bizerte,Bizerte,apartment,9,6,False,False,False,1997,406675
389,3,3,Monastir,Monastir,villa,0,7,True,True,False,2010,1462185
311,7,4,Gabès,Gabès,villa,0,5,False,True,True,2002,1362795
80,1,3,Hammamet,Hammamet,house,0,4,False,True,False,2006,336336
100,3,4,Hammamet,Hammamet,villa,0,8,True,False,True,2004,586731
119,6,4,Gafsa,Gafsa,house,0,8,True,False,False,2020,267303
267,2,4,Kairouan,Kairouan,villa,0,3,False,False,False,1991,406010
379,2,2,Hammamet,Hammamet,house,0,7,False,True,False,2022,922866
86,4,1,Sfax,Sfax,apartment,8,4,True,False,False,2015,98101
499,1,3,Gabès,Gabès,house,0,4,False,True,False,2008,865417
132,5,3,Tataouine,Tataouine,villa,0,2,True,True,True,2012,682118
196,3,4,Bizerte,Bizerte,apartment,6,4,False,False,False,2007,207446
305,5,3,Hammamet,Hammamet,house,0,3,False,True,False,1994,868810
408,4,1,Hammamet,Hammamet,apartment,2,3,False,False,False,2022,1053129
485,5,3,Gafsa,Gafsa,house,0,4,True,True,False,2006,939122
126,4,2,Sfax,Sfax,villa,0,6,True,True,False,1991,264468
426,2,4,Kairouan,Kairouan,villa,0,4,True,False,True,2005,1415951
476,1,1,Gabès,Gabès,villa,0,7,True,False,True,1990,999248
89,3,2,Sfax,Sfax,apartment,7,8,False,False,False,2017,60164
395,5,2,Nabeul,Nabeul,house,0,3,False,True,False,2000,690020
492,1,1,Tataouine,Tataouine,apartment,0,2,False,False,False,1991,870249
103,2,4,Soukra,Tunis,villa,0,7,True,True,False,2006,498189
129,1,2,Sfax,Sfax,villa,0,7,True,True,True,1998,488107
225,3,4,Sousse,Sousse,villa,0,1,True,True,False,2012,894760
330,5,4,Monastir,Monastir,house,0,4,True,True,False,2008,751963
459,4,2,Tataouine,Tataouine,apartment,2,7,True,False,False,1991,564459
414,4,3,Gafsa,Gafsa,villa,0,2,False,False,True,1996,1710442
131,7,4,Kairouan,Kairouan,apartment,8,1,False,False,False,1991,213058
456,6,3,Gabès,Gabès,house,0,9,False,True,False,2008,688074
294,5,2,Kairouan,Kairouan,house,0,5,True,False,False,1996,625080
104,4,2,Sfax,Sfax,apartment,5,1,True,False,False,1994,94698
130,5,3,Hammamet,Hammamet,apartment,0,3,False,False,False,1993,242112
445,6,2,Gabès,Gabès,apartment,6,2,False,False,False,2000,639020
253,1,4,Gafsa,Gafsa,villa,0,2,True,True,False,2016,899648
314,1,2,Hammamet,Hammamet,apartment,2,1,True,False,False,1995,570908
308,5,2,Monastir,Monastir,villa,0,2,True,False,False,2002,1109287
441,4,4,Sousse,Sousse,villa,0,3,False,True,True,1999,1131955
326,7,3,Sfax,Sfax,house,0,9,True,True,False,1996,830564
84,2,4,Kairouan,Kairouan,house,0,7,True,True,False,2001,183538
101,1,2,Hammamet,Hammamet,apartment,8,4,True,False,False,1992,267373
231,4,3,Nabeul,Nabeul,apartment,1,1,False,False,False,2016,254192
276,3,1,Hammamet,Hammamet,apartment,0,2,True,False,False,2006,650658
65,6,1,Gabès,Gabès,house,0,1,False,True,False,2016,60454
397,7,4,Gafsa,Gafsa,apartment,3,5,True,False,False,2021,788346
77,1,1,Gabès,Gabès,villa,0,8,False,False,False,2009,207900
199,4,4,Kairouan,Kairouan,villa,0,5,False,False,True,2010,527127
188,4,1,Gafsa,Gafsa,apartment,5,4,True,False,False,1991,355320
70,1,1,Sousse,Sousse,villa,0,1,True,True,False,2003,257762
464,4,2,Hammamet,Hammamet,house,0,2,False,False,False,2010,1467947
87,7,1,Tataouine,Tataouine,house,0,6,False,False,False,2013,212899
398,7,2,Soukra,Tunis,apartment,5,8,False,False,False,2014,876993
137,6,1,Kairouan,Kairouan,apartment,3,3,False,False,False,1998,177771
338,3,1,Gabès,Gabès,house,0,3,False,True,False,1991,960106
253,2,1,Bizerte,Bizerte,apartment,3,4,False,False,False,2009,352176
149,6,1,Centre Ville,Tunis,house,0,2,True,True,False,1995,574857
497,2,3,Sousse,Sousse,villa,0,3,True,False,True,1997,2277161
188,6,4,Hammamet,Hammamet,house,0,1,False,True,False,2019,384226
89,7,4,Gafsa,Gafsa,apartment,4,6,False,False,False,2011,148523
373,2,1,Sousse,Sousse,house,0,6,False,False,False,2003,1238240
368,1,1,Bizerte,Bizerte,apartment,7,7,True,False,False,1992,274189
480,5,3,Sousse,Sousse,villa,0,5,True,True,True,2010,1818290
249,7,3,Gabès,Gabès,house,0,2,False,True,False,2001,381422
157,3,4,Bizerte,Bizerte,apartment,2,6,False,False,False,1995,247432
113,3,1,Gafsa,Gafsa,house,0,9,True,False,False,1999,126357
131,6,2,Nabeul,Nabeul,house,0,7,False,False,False,2021,211308
359,6,3,Sfax,Sfax,villa,0,9,False,True,False,2023,478808
431,5,3,Gabès,Gabès,house,0,1,False,True,False,2003,670567
316,7,2,Nabeul,Nabeul,apartment,9,5,False,False,False,1990,399297
351,7,3,Soukra,Tunis,house,0,4,True,False,False,2010,876780
447,2,1,Monastir,Monastir,villa,0,9,True,True,False,1994,1502513
201,4,3,Bizerte,Bizerte,villa,0,6,True,True,False,2005,348343
229,5,3,Gabès,Gabès,house,0,8,False,False,False,2021,302225
194,5,4,Sfax,Sfax,apartment,1,3,False,False,False,2001,275014
373,3,2,La Marsa,Tunis,apartment,4,7,True,False,False,2018,1715427
70,2,3,Hammamet,Hammamet,house,0,6,False,True,False,1998,265345
387,5,1,Kairouan,Kairouan,villa,0,8,True,False,False,1999,820371
130,5,1,Nabeul,Nabeul,house,0,1,False,True,False,1995,423628
161,2,3,Gafsa,Gafsa,apartment,1,2,False,False,False,2021,199897
325,5,4,Bizerte,Bizerte,house,0,6,False,False,False,2016,360308
323,1,2,Tataouine,Tataouine,house,0,6,False,False,False,2019,672847
408,6,2,Monastir,Monastir,apartment,0,5,False,False,False,2002,388089
263,1,1,Monastir,Monastir,house,0,4,True,False,False,2003,243255
148,3,2,Monastir,Monastir,villa,0,1,False,True,True,2017,486399
401,4,3,Sfax,Sfax,villa,0,2,False,False,True,1993,1399252
411,4,3,Hammamet,Hammamet,house,0,5,True,True,False,2011,1629187
289,1,2,Hammamet,Hammamet,villa,0,2,False,True,True,2023,815001
51,6,3,Gabès,Gabès,villa,0,4,True,False,False,1997,152990
338,4,2,Monastir,Monastir,apartment,2,2,False,False,False,2019,429665
88,6,1,Soukra,Tunis,apartment,4,3,False,False,False,2015,256476
112,6,3,Nabeul,Nabeul,villa,0,7,False,False,False,2001,507064
195,2,1,Gabès,Gabès,villa,0,8,True,False,True,2017,596019
344,2,3,Gabès,Gabès,house,0,1,False,False,False,2013,816408
185,3,2,Sousse,Sousse,villa,0,3,True,False,True,2004,866180
214,4,2,Sousse,Sousse,villa,0,5,False,True,False,2006,1121163
403,1,2,Gafsa,Gafsa,villa,0,9,True,False,True,2019,1409211
414,2,2,Kairouan,Kairouan,apartment,8,8,True,False,False,2009,538680
458,2,2,Gabès,Gabès,house,0,4,True,False,False,2014,733699
457,3,1,Tataouine,Tataouine,villa,0,5,True,True,False,2022,1880443
313,5,4,Nabeul,Nabeul,house,0,5,True,False,False,2023,676756
343,3,4,Lac 2,Tunis,villa,0,3,True,True,False,2007,3271689
189,7,3,Bizerte,Bizerte,house,0,2,True,True,False,2016,302399
433,2,1,Sfax,Sfax,villa,0,9,False,True,True,2002,1345475
404,7,4,Sousse,Sousse,villa,0,4,True,True,True,2009,1603769
53,4,1,Gafsa,Gafsa,house,0,6,False,False,False,2013,80254
438,1,2,Bizerte,Bizerte,villa,0,4,True,True,False,1997,1287955
450,5,2,Gafsa,Gafsa,house,0,2,True,False,False,2003,1160686
54,7,4,Gafsa,Gafsa,villa,0,5,False,True,False,2011,80318
313,3,1,Sfax,Sfax,apartment,2,7,False,False,False,2019,306990
90,2,2,Tataouine,Tataouine,villa,0,4,False,False,True,2000,364422
156,7,1,Bizerte,Bizerte,villa,0,5,True,False,True,2012,415488
272,2,4,Nabeul,Nabeul,villa,0,6,True,True,False,1990,1409422
419,6,2,Hammamet,Hammamet,apartment,8,6,False,False,False,1990,528442
232,4,3,Gabès,Gabès,house,0,8,True,True,False,1992,272547
238,6,2,Tataouine,Tataouine,house,0,3,False,False,False,2004,377468
479,6,3,Kairouan,Kairouan,apartment,3,8,True,False,False,2008,771324
305,6,3,Kairouan,Kairouan,house,0,8,False,True,False,2016,797631
485,5,2,Gafsa,Gafsa,villa,0,1,True,True,True,2001,1786895
260,2,3,Hammamet,Hammamet,apartment,6,4,True,False,False,2004,366584
424,1,1,Gabès,Gabès,house,0,3,False,False,False,2015,541498
269,6,2,Centre Ville,Tunis,villa,0,1,False,True,True,2019,1309685
159,4,3,Gabès,Gabès,apartment,4,7,True,False,False,2016,196199
256,1,4,Bizerte,Bizerte,villa,0,7,False,True,True,2007,1000540
327,6,4,Sfax,Sfax,house,0,3,False,True,False,2013,854791
357,3,3,Hammamet,Hammamet,apartment,4,9,True,False,False,2020,854208
443,4,2,Hammamet,Hammamet,house,0,8,True,False,False,2008,824320
409,5,3,Sfax,Sfax,apartment,4,5,False,False,False,2003,270594
294,1,3,Nabeul,Nabeul,villa,0,6,False,True,True,2018,1794419
377,3,2,Hammamet,Hammamet,villa,0,6,True,True,False,2019,1771976
307,3,3,Nabeul,Nabeul,villa,0,1,False,False,True,1997,1358600
200,5,4,Hammamet,Hammamet,villa,0,9,True,True,True,2005,777728
317,1,1,Bizerte,Bizerte,house,0,2,True,False,False,2002,421627
259,3,2,Bizerte,Bizerte,house,0,5,False,False,False,2019,369292
372,5,1,Hammamet,Hammamet,apartment,1,5,True,False,False,2020,616835
134,1,2,Kairouan,Kairouan,apartment,6,2,False,False,False,2017,224369
323,1,4,Gabès,Gabès,villa,0,1,True,False,False,2014,705214
230,5,2,Monastir,Monastir,apartment,6,9,False,False,False,2009,324576
151,7,3,Nabeul,Nabeul,house,0,3,False,True,False,2014,645976
51,4,4,Sfax,Sfax,house,0,5,False,True,False,1991,120363
413,7,3,Hammamet,Hammamet,apartment,3,3,False,False,False,2016,827156
469,1,3,Gafsa,Gafsa,villa,0,8,True,True,True,2001,2403305
168,2,2,Hammamet,Hammamet,villa,0,5,True,True,False,2012,474870
93,1,3,Sousse,Sousse,house,0,8,False,True,False,1991,313271
446,3,4,Carthage,Tunis,apartment,2,5,False,False,False,2023,2088172
441,5,3,Gabès,Gabès,house,0,5,True,False,False,1995,805188
477,3,2,Gabès,Gabès,house,0,1,True,False,False,1999,1162613
132,2,3,Gabès,Gabès,house,0,3,False,False,False,1993,203037
466,4,3,Sfax,Sfax,house,0,7,True,False,False,1992,727686
268,5,1,Gafsa,Gafsa,apartment,9,9,True,False,False,2019,535560
261,7,1,Nabeul,Nabeul,villa,0,2,True,True,True,2015,1751378
362,4,1,Tataouine,Tataouine,apartment,5,6,True,False,False,1995,757159
305,2,2,Bizerte,Bizerte,house,0,3,False,False,False,1995,738758
482,1,1,Bizerte,Bizerte,house,0,7,True,True,False,2006,1246540
156,6,2,Sfax,Sfax,house,0,3,True,False,False,2007,222990
480,6,2,Tataouine,Tataouine,apartment,3,9,True,False,False,2014,419328
214,1,2,Hammamet,Hammamet,house,0,4,True,True,False,2000,425300
216,3,4,Gabès,Gabès,apartment,5,4,False,False,False,1999,242784
64,4,3,Kairouan,Kairouan,apartment,6,2,True,False,False,1996,71232
359,4,2,Hammamet,Hammamet,house,0,6,True,False,False,2007,1022605
279,6,1,Lac 1,Tunis,villa,0,2,False,False,True,2010,2065649
250,2,2,Nabeul,Nabeul,villa,0,2,False,True,False,2003,1399464
476,5,2,Carthage,Tunis,house,0,5,False,True,False,1996,2127805
384,7,4,Lac 2,Tunis,villa,0,7,False,True,False,1994,2940917
408,6,3,Tataouine,Tataouine,house,0,5,True,True,False,2017,439610
330,2,3,Sfax,Sfax,apartment,8,2,False,False,False,2021,247896
302,5,3,Bizerte,Bizerte,apartment,5,9,False,False,False,1999,257304
404,1,3,Bizerte,Bizerte,house,0,5,True,False,False,2021,440285
164,5,2,Nabeul,Nabeul,villa,0,6,False,False,True,2016,736358
164,7,4,Nabeul,Nabeul,apartment,9,6,False,False,False,2001,237537
231,2,2,Tataouine,Tataouine,apartment,9,6,False,False,False,1990,173712
407,6,2,Nabeul,Nabeul,house,0,9,True,False,False,2009,1361331
116,7,2,Gabès,Gabès,house,0,2,False,False,False,2021,284227
50,7,1,Kairouan,Kairouan,house,0,3,True,True,False,2011,85225
407,7,1,Bizerte,Bizerte,villa,0,1,True,False,False,1990,766768
369,2,1,Sfax,Sfax,apartment,2,2,False,False,False,2021,240588
417,3,2,Sousse,Sousse,villa,0,8,False,False,True,1999,2430863
489,4,2,Monastir,Monastir,apartment,8,5,False,False,False,1996,501909
114,3,4,Hammamet,Hammamet,villa,0,8,False,False,True,2014,546751
474,2,2,Gabès,Gabès,house,0,8,True,True,False,2022,985008
470,7,4,Lac 2,Tunis,apartment,7,1,False,False,False,2001,825320
66,3,2,Sousse,Sousse,house,0,5,False,True,False,2010,208391
460,4,4,Gabès,Gabès,house,0,4,True,False,False,2017,928287
250,7,1,Gabès,Gabès,house,0,7,False,False,False,2000,490880
304,4,2,Ariana,Tunis,house,0,4,True,False,False,2005,969139
257,3,2,Gafsa,Gafsa,house,0,7,False,False,False,2014,255252
414,2,3,Gabès,Gabès,villa,0,1,True,False,True,2022,1730050
167,3,4,Bizerte,Bizerte,apartment,9,8,True,False,False,2000,139859
394,6,3,Kairouan,Kairouan,apartment,1,3,True,False,False,2010,503390
249,2,4,Tataouine,Tataouine,house,0,3,True,False,False,2009,601188
407,2,4,Hammamet,Hammamet,house,0,9,True,False,False,2022,627332
153,7,2,Bizerte,Bizerte,villa,0,5,True,True,False,2001,339971
485,5,4,Gabès,Gabès,house,0,3,True,False,False,2011,934779
257,6,3,Lac 1,Tunis,house,0,9,False,False,False,2018,1013659
374,5,1,Carthage,Tunis,villa,0,6,True,False,False,1990,2544696
205,3,2,Bizerte,Bizerte,house,0,4,False,True,False,2012,188319
247,4,4,Tataouine,Tataouine,house,0,7,True,False,False,2017,619556
225,7,1,Monastir,Monastir,apartment,7,3,False,False,False,2002,222300
112,1,3,Monastir,Monastir,house,0,7,False,False,False,2012,113451
370,2,3,Bizerte,Bizerte,apartment,0,4,True,False,False,2003,299611
465,5,4,Hammamet,Hammamet,apartment,0,7,True,False,False,2005,612265
465,6,3,Nabeul,Nabeul,house,0,4,True,False,False,1990,1361104
324,1,2,Gabès,Gabès,house,0,7,True,False,False,2007,825787
382,3,4,Bizerte,Bizerte,apartment,1,4,False,False,False,1993,428451
321,6,2,Hammamet,Hammamet,house,0,7,True,True,False,2003,1152706
158,6,2,Nabeul,Nabeul,house,0,9,True,True,False,2016,540330
464,3,1,Gafsa,Gafsa,house,0,9,True,True,False,1992,945277
129,4,3,Gabès,Gabès,house,0,2,True,True,False,1992,201906
377,2,4,Sousse,Sousse,villa,0,6,True,True,False,1991,1260323
321,7,1,Tataouine,Tataouine,house,0,3,False,True,False,2021,678262
388,2,2,Carthage,Tunis,villa,0,1,False,True,True,2021,3303739
402,6,2,Sousse,Sousse,villa,0,7,True,True,True,2005,1110822
419,1,2,Sousse,Sousse,house,0,2,False,True,False,2023,831887
110,7,4,Gafsa,Gafsa,house,0,8,True,False,False,1997,163963
230,4,2,Gafsa,Gafsa,villa,0,6,False,True,True,2018,1120575
262,2,3,Ariana,Tunis,house,0,4,True,True,False,2011,1260431
490,2,1,Monastir,Monastir,villa,0,9,True,True,True,2016,2533165
329,1,2,Gabès,Gabès,villa,0,4,True,True,True,2007,1749922
222,6,1,Sousse,Sousse,apartment,9,3,True,False,False,2007,229929
185,2,4,Sousse,Sousse,house,0,9,False,False,False,2021,484848
419,3,2,Nabeul,Nabeul,house,0,1,False,False,False,2004,1223614
198,3,1,Gabès,Gabès,villa,0,6,False,False,True,2008,608987
64,3,3,Gabès,Gabès,house,0,7,True,False,False,1999,113078
214,1,1,Nabeul,Nabeul,apartment,7,3,False,False,False,1990,538252
240,6,2,Gafsa,Gafsa,house,0,6,False,False,False,2014,294278
86,3,2,Sousse,Sousse,house,0,8,False,False,False,1996,108669
251,6,3,Nabeul,Nabeul,apartment,0,4,True,False,False,1995,350099
118,2,3,Nabeul,Nabeul,apartment,4,5,False,False,False,2007,330777
444,2,1,Sfax,Sfax,villa,0,8,False,True,True,2008,1540569
347,6,2,Hammamet,Hammamet,house,0,9,True,True,False,2009,577082
460,4,4,Gabès,Gabès,apartment,1,2,True,False,False,1991,748070
107,2,2,Hammamet,Hammamet,villa,0,5,True,False,False,2000,418616
497,7,3,Hammamet,Hammamet,villa,0,8,True,False,True,2019,1691019
117,5,1,Sousse,Sousse,house,0,6,False,True,False,2016,290316
430,4,4,Monastir,Monastir,house,0,4,False,True,False,2014,894802
233,1,1,Nabeul,Nabeul,villa,0,5,False,True,False,2004,933383
211,4,3,Monastir,Monastir,apartment,6,7,False,False,False,2014,217076
287,4,4,Tataouine,Tataouine,villa,0,5,False,False,False,2017,1031960
206,5,4,La Marsa,Tunis,villa,0,8,False,False,False,2002,626652
342,7,3,Carthage,Tunis,apartment,6,9,True,False,False,2012,629143
280,2,1,Kairouan,Kairouan,apartment,9,2,True,False,False,1996,381964
341,3,2,Gabès,Gabès,apartment,7,8,True,False,False,2010,369507
126,4,2,Gabès,Gabès,villa,0,2,False,False,False,2021,344917
145,5,1,Sfax,Sfax,villa,0,3,False,False,True,1993,238052
195,3,3,Gabès,Gabès,villa,0,2,True,True,False,2023,808215
136,2,4,Nabeul,Nabeul,villa,0,1,False,True,False,1995,525419
130,3,4,Monastir,Monastir,house,0,4,False,True,False,1991,320937
456,3,1,Nabeul,Nabeul,villa,0,6,False,True,True,2008,3421229
199,3,4,Tataouine,Tataouine,villa,0,5,True,True,False,2019,286625
493,7,3,La Marsa,Tunis,house,0,1,False,False,False,2011,2476437
478,7,3,Monastir,Monastir,apartment,6,1,True,False,False,2017,927912
57,3,2,Sousse,Sousse,house,0,9,False,False,False,2014,121820
254,2,3,Gabès,Gabès,house,0,7,True,False,False,2011,568049
479,6,3,Tataouine,Tataouine,apartment,0,5,True,False,False,2011,898872
240,3,1,Gabès,Gabès,apartment,4,3,False,False,False,1999,469632
333,5,1,Sousse,Sousse,house,0,1,True,True,False,1997,923999
419,2,1,Gafsa,Gafsa,apartment,0,3,False,False,False,2019,422687
191,4,3,Hammamet,Hammamet,villa,0,4,False,False,False,2023,825532
81,2,1,Sfax,Sfax,house,0,7,False,False,False,2003,150284
461,2,2,Kairouan,Kairouan,apartment,6,8,True,False,False,1993,884843
314,4,2,Tataouine,Tataouine,apartment,7,2,False,False,False,1990,558668
149,5,2,Nabeul,Nabeul,apartment,9,4,False,False,False,2015,396578
488,4,3,Nabeul,Nabeul,villa,0,1,False,True,False,2002,1587339
149,3,4,Sousse,Sousse,apartment,5,5,True,False,False,2023,378108
171,3,2,Hammamet,Hammamet,villa,0,6,True,False,True,1990,577281
217,5,4,Bizerte,Bizerte,villa,0,9,True,True,False,2001,505280
203,4,4,Kairouan,Kairouan,villa,0,2,False,False,False,2013,441695
472,5,1,Gafsa,Gafsa,villa,0,3,False,False,False,1999,1625114
237,3,4,Monastir,Monastir,villa,0,8,True,False,False,2023,784415
162,1,3,Sousse,Sousse,house,0,1,False,True,False,2008,578223
425,1,4,Bizerte,Bizerte,villa,0,8,False,True,True,2009,2016368
333,3,1,Gafsa,Gafsa,house,0,3,False,True,False,2013,782856
93,2,3,Gabès,Gabès,villa,0,1,False,False,False,2003,149588
192,7,4,Kairouan,Kairouan,apartment,3,7,True,False,False,1990,181278
63,6,2,Nabeul,Nabeul,villa,0,7,False,False,False,1996,262770
419,6,4,Gafsa,Gafsa,villa,0,9,True,False,True,2023,1288912
464,5,1,Gabès,Gabès,house,0,7,False,False,False,1991,882602
413,5,2,Bizerte,Bizerte,house,0,1,False,True,False,2015,1052195
90,2,2,Tataouine,Tataouine,villa,0,3,True,False,False,2018,219769
400,5,2,Gabès,Gabès,apartment,5,8,True,False,False,1996,399168
357,1,1,Nabeul,Nabeul,apartment,5,8,False,False,False,2000,944622
485,7,3,La Marsa,Tunis,villa,0,5,False,False,False,2009,4115322
206,6,4,Nabeul,Nabeul,apartment,2,9,True,False,False,1994,557015
394,1,2,Kairouan,Kairouan,apartment,3,2,True,False,False,2018,722154
416,5,2,Kairouan,Kairouan,apartment,3,6,True,False,False,1992,369358
405,6,4,Hammamet,Hammamet,house,0,5,True,True,False,1993,721701
177,6,3,Tataouine,Tataouine,apartment,2,3,True,False,False,2008,245768
224,4,1,Monastir,Monastir,house,0,7,False,False,False,1996,410708
434,1,3,Gafsa,Gafsa,villa,0,6,True,False,True,2019,788237
122,2,3,Nabeul,Nabeul,apartment,5,8,False,False,False,2012,352970
190,1,3,Nabeul,Nabeul,apartment,1,9,True,False,False,2016,386631
64,3,2,Monastir,Monastir,apartment,7,7,True,False,False,1998,79080
340,1,4,Tataouine,Tataouine,apartment,8,5,True,False,False,1997,367567
290,7,4,Gabès,Gabès,apartment,5,9,False,False,False,2007,268656
443,1,2,Tataouine,Tataouine,house,0,4,False,True,False,2015,507805
192,7,4,Tataouine,Tataouine,villa,0,7,True,False,True,1992,538165
337,7,4,Sousse,Sousse,apartment,7,3,True,False,False,1998,1016964
233,7,4,Lac 1,Tunis,villa,0,9,False,False,False,1993,2022346
484,1,2,Gabès,Gabès,apartment,9,1,False,False,False,2007,542080
381,4,4,Nabeul,Nabeul,house,0,5,True,True,False,1998,652847
197,2,1,Sousse,Sousse,villa,0,5,True,False,True,1996,512296
103,6,2,Hammamet,Hammamet,villa,0,1,True,False,True,1994,721252
278,3,1,Tataouine,Tataouine,house,0,5,False,False,False,1996,379614
335,1,3,Sfax,Sfax,house,0,4,False,True,False,2022,603986
60,4,4,Soukra,Tunis,villa,0,4,False,False,False,2000,145152
197,5,3,Ariana,Tunis,house,0,8,True,True,False,2021,936192
155,4,2,Soukra,Tunis,villa,0,3,False,False,True,2013,498893
317,2,1,Ariana,Tunis,house,0,3,True,False,False,2014,1465571
166,6,4,Monastir,Monastir,villa,0,9,True,True,False,2012,554943
149,1,4,Bizerte,Bizerte,apartment,1,2,True,False,False,2008,146061
304,5,3,Sfax,Sfax,villa,0,1,True,True,False,2016,1214481
279,3,1,Gabès,Gabès,villa,0,3,False,True,True,2004,835921
404,5,3,Hammamet,Hammamet,apartment,4,9,False,False,False,1990,864883
79,3,4,Kairouan,Kairouan,apartment,2,8,True,False,False,2003,135175
344,6,4,Gafsa,Gafsa,house,0,1,True,True,False,1994,664446
340,5,2,Hammamet,Hammamet,apartment,4,4,False,False,False,2007,848232
347,1,1,Monastir,Monastir,apartment,7,4,False,False,False,1994,557976
315,7,2,Gabès,Gabès,apartment,6,3,True,False,False,2016,222528
262,5,3,Nabeul,Nabeul,villa,0,6,False,False,True,1991,1736242
243,6,3,Sfax,Sfax,house,0,2,False,True,False,1996,276602
413,1,2,Bizerte,Bizerte,house,0,3,False,True,False,2017,784775
329,4,4,Lac 2,Tunis,house,0,1,False,True,False,1999,1700278
326,3,3,Monastir,Monastir,villa,0,5,True,False,True,2016,1147647
438,5,3,Nabeul,Nabeul,apartment,5,4,True,False,False,1999,600997
101,6,1,Gabès,Gabès,house,0,6,False,True,False,2003,217453
106,5,2,Gafsa,Gafsa,villa,0,3,False,False,False,2021,141192
262,7,1,Sfax,Sfax,house,0,9,True,True,False,2013,519908
481,7,3,Nabeul,Nabeul,house,0,5,False,False,False,2019,836651
195,4,1,Monastir,Monastir,villa,0,7,False,False,False,2001,489996
300,6,1,Nabeul,Nabeul,apartment,7,3,False,False,False,2012,558360
405,3,4,Bizerte,Bizerte,apartment,6,7,True,False,False,2001,783820
208,3,1,Soukra,Tunis,house,0,6,False,False,False,1991,351249
147,2,4,Tataouine,Tataouine,house,0,8,False,True,False,2013,308756
455,3,1,Nabeul,Nabeul,apartment,6,5,False,False,False,2012,1073982
440,4,4,Sfax,Sfax,house,0,6,True,True,False,2015,1003674
418,7,4,Bizerte,Bizerte,house,0,4,True,True,False,2016,855581
398,4,4,Sfax,Sfax,villa,0,8,True,True,False,2002,907538
384,4,1,Nabeul,Nabeul,apartment,4,8,False,False,False,2021,865382
292,1,1,Sousse,Sousse,house,0,2,True,False,False,2009,1034554
180,3,3,Lac 2,Tunis,villa,0,2,False,False,False,1995,1616112
276,2,1,Sfax,Sfax,villa,0,9,True,True,False,2016,524686
361,2,3,Carthage,Tunis,apartment,5,4,True,False,False,2015,1419921
179,2,4,Monastir,Monastir,apartment,6,1,False,False,False,2018,291555
459,2,1,Bizerte,Bizerte,house,0,2,False,True,False,2003,809172
384,4,1,Gafsa,Gafsa,apartment,7,9,True,False,False,1998,592865
214,6,3,Sfax,Sfax,house,0,7,False,False,False,2017,331836
155,3,2,Gafsa,Gafsa,apartment,9,4,False,False,False,2014,157232
178,4,1,Tataouine,Tataouine,apartment,5,6,False,False,False,2018,232966
441,5,3,Kairouan,Kairouan,villa,0,3,True,False,True,2008,1939097
85,2,4,Gafsa,Gafsa,villa,0,9,False,False,False,1996,162669
186,6,2,Sousse,Sousse,apartment,5,1,True,False,False,2004,294356
136,7,1,Gafsa,Gafsa,villa,0,5,True,False,True,1992,588107
193,2,4,Gabès,Gabès,house,0,3,True,False,False,2003,373670
482,1,3,Bizerte,Bizerte,villa,0,1,True,False,False,1998,1261525
59,5,4,Hammamet,Hammamet,villa,0,5,False,False,False,1991,128204
461,1,2,Gabès,Gabès,villa,0,9,True,False,False,1998,1648480
58,1,4,Tataouine,Tataouine,apartment,7,4,False,False,False,2002,67233
194,1,3,Gabès,Gabès,villa,0,1,False,False,False,2015,358139
149,3,4,Sousse,Sousse,house,0,2,True,False,False,2000,260170
250,2,1,Gafsa,Gafsa,apartment,9,7,True,False,False,2021,249060
153,1,4,Tataouine,Tataouine,villa,0,4,False,True,False,1998,334203
222,2,3,Gabès,Gabès,apartment,8,2,True,False,False,2011,410256
482,5,2,Monastir,Monastir,house,0,7,False,False,False,2016,492256
53,2,2,Sfax,Sfax,house,0,6,False,False,False,2015,69285
162,5,3,Hammamet,Hammamet,house,0,5,False,True,False,1990,629373
147,5,3,Soukra,Tunis,villa,0,7,True,False,True,2000,545560
140,7,4,Monastir,Monastir,apartment,0,8,True,False,False,2021,256132
80,5,3,Bizerte,Bizerte,apartment,3,3,False,False,False,2000,118848
280,2,3,Gabès,Gabès,house,0,5,True,False,False,1996,660441
219,2,2,Bizerte,Bizerte,apartment,5,6,True,False,False,1999,223511
494,3,4,Kairouan,Kairouan,house,0,1,False,False,False,1996,864144
105,5,3,Gabès,Gabès,villa,0,6,True,False,False,1999,335142
426,2,1,Gafsa,Gafsa,villa,0,1,True,True,False,1990,649715
267,6,1,Nabeul,Nabeul,house,0,1,False,False,False,2015,883438
251,2,4,Sfax,Sfax,house,0,7,True,False,False,2022,542153
476,5,3,Nabeul,Nabeul,house,0,2,True,False,False,2017,974610
411,5,4,Nabeul,Nabeul,apartment,3,1,False,False,False,2007,585428
262,4,3,Hammamet,Hammamet,villa,0,4,False,True,False,2008,997264
165,5,1,Sfax,Sfax,apartment,8,8,False,False,False,2009,171204
461,1,2,Sousse,Sousse,apartment,7,4,False,False,False,2013,1188826
151,7,2,Hammamet,Hammamet,villa,0,9,True,False,False,2021,432879
130,5,1,Sfax,Sfax,house,0,9,False,False,False,2009,177517
388,1,3,Monastir,Monastir,villa,0,8,True,True,False,2008,1246761
169,4,2,Kairouan,Kairouan,villa,0,4,False,True,False,2000,459366
155,7,4,Sousse,Sousse,house,0,9,False,True,False,2019,474508
420,5,3,Ariana,Tunis,apartment,1,4,True,False,False,2022,981666
366,3,3,Nabeul,Nabeul,apartment,5,2,False,False,False,2013,895089
356,1,3,Nabeul,Nabeul,apartment,9,4,True,False,False,2005,906091
292,7,3,Sfax,Sfax,house,0,2,True,False,False,2004,337039
200,4,2,Sfax,Sfax,house,0,1,False,True,False,2014,483683
468,1,3,Hammamet,Hammamet,villa,0,4,True,False,False,2020,882043
371,4,2,Kairouan,Kairouan,villa,0,3,True,True,False,2002,1372312
164,6,4,Sfax,Sfax,apartment,5,3,False,False,False,2001,194569
259,7,2,Monastir,Monastir,house,0,8,False,False,False,2010,314612
103,3,4,Monastir,Monastir,villa,0,8,False,False,False,2013,134377
286,4,1,Soukra,Tunis,apartment,0,9,True,False,False,2003,732431
74,3,3,Monastir,Monastir,villa,0,6,False,True,True,1996,234514
352,4,2,Sfax,Sfax,house,0,7,True,False,False,1998,721488
419,6,1,Bizerte,Bizerte,apartment,2,7,False,False,False,2008,341568
57,3,3,Bizerte,Bizerte,house,0,5,True,False,False,2018,129218
466,5,2,Tataouine,Tataouine,house,0,3,False,False,False,2002,704666
91,4,4,Lac 1,Tunis,apartment,2,6,False,False,False,2011,392392
133,1,3,Kairouan,Kairouan,villa,0,7,False,True,False,2011,178860
389,4,3,Tataouine,Tataouine,house,0,8,True,True,False,2007,736879
99,1,1,Gafsa,Gafsa,villa,0,3,False,True,False,2004,184258
72,4,1,Bizerte,Bizerte,house,0,6,False,True,False,2013,115068
442,2,2,Hammamet,Hammamet,villa,0,3,False,True,False,1995,2412291
383,4,2,Gafsa,Gafsa,apartment,2,8,True,False,False,2012,382203
157,7,2,Tataouine,Tataouine,apartment,0,6,False,False,False,2008,157251
250,7,4,Kairouan,Kairouan,house,0,9,False,False,False,2005,642980
198,7,3,Sousse,Sousse,house,0,4,False,False,False,1996,367876
297,1,2,Tataouine,Tataouine,house,0,4,False,False,False,1991,712895
455,7,2,Tataouine,Tataouine,villa,0,4,True,False,False,1996,550368
388,2,2,Bizerte,Bizerte,apartment,1,2,False,False,False,2002,495088
319,3,4,Nabeul,Nabeul,apartment,8,9,False,False,False,1992,931352
436,1,1,Tataouine,Tataouine,house,0,8,True,False,False,2008,694647
326,4,4,Bizerte,Bizerte,house,0,2,False,True,False,2014,680622
220,1,4,Ariana,Tunis,villa,0,1,True,False,True,2008,1966214
497,6,1,Carthage,Tunis,house,0,3,True,False,False,2016,1103086
197,3,3,Sousse,Sousse,apartment,8,4,False,False,False,1991,567596
394,7,3,Sousse,Sousse,house,0,5,False,True,False,2014,1120980
101,3,2,Bizerte,Bizerte,villa,0,1,False,True,False,2004,391960
336,6,2,Sfax,Sfax,house,0,4,False,True,False,2002,402065
67,1,1,Nabeul,Nabeul,villa,0,7,False,True,True,2017,276691
417,6,1,Kairouan,Kairouan,apartment,7,5,True,False,False,2020,540482
410,2,4,Sfax,Sfax,house,0,7,False,True,False,1997,1027197
208,3,4,Tataouine,Tataouine,apartment,6,5,True,False,False,2012,149036
213,7,2,Sousse,Sousse,villa,0,6,False,True,True,1995,1187535
471,1,2,Gafsa,Gafsa,villa,0,2,False,True,False,2015,1447364
289,7,2,Bizerte,Bizerte,apartment,0,5,True,False,False,2008,449591
483,2,2,Bizerte,Bizerte,apartment,2,1,True,False,False,2007,553807
81,4,2,Bizerte,Bizerte,villa,0,2,True,True,False,1994,180523
445,7,3,Gabès,Gabès,apartment,2,5,True,False,False,2003,353241
215,6,2,Nabeul,Nabeul,house,0,7,True,False,False,2000,731104
102,6,4,Bizerte,Bizerte,house,0,9,False,False,False,2003,89743
144,1,3,Gabès,Gabès,villa,0,9,True,False,True,2008,410700
312,1,2,Monastir,Monastir,house,0,7,True,True,False,2003,619876
441,5,4,Tataouine,Tataouine,house,0,1,True,False,False,2015,725729
321,1,3,Sousse,Sousse,house,0,4,True,False,False,2015,817090
273,3,4,Sfax,Sfax,house,0,7,False,False,False,2021,646201
390,6,4,Soukra,Tunis,apartment,9,8,False,False,False,1990,904410
76,1,3,Sfax,Sfax,villa,0,5,False,False,False,2006,209577
465,4,2,Sousse,Sousse,house,0,2,True,True,False,2011,1133593
170,3,2,Soukra,Tunis,house,0,8,False,True,False,1991,619905
333,4,1,Hammamet,Hammamet,house,0,4,True,False,False,1990,1316725
272,1,2,Sfax,Sfax,villa,0,8,False,False,False,2002,396380
73,6,2,Gabès,Gabès,house,0,8,True,False,False,2011,71106
457,4,4,Hammamet,Hammamet,house,0,4,False,False,False,2023,1153504
294,7,4,Gabès,Gabès,apartment,4,1,False,False,False,2022,518145
99,7,3,Bizerte,Bizerte,villa,0,2,False,True,True,2018,317818
379,4,2,Gabès,Gabès,apartment,5,2,True,False,False,2022,731909
149,7,4,Hammamet,Hammamet,house,0,2,True,True,False,2023,550359
204,6,4,Lac 1,Tunis,villa,0,3,False,False,True,2011,2295146
198,1,4,Sfax,Sfax,house,0,8,False,False,False,2009,408133
406,3,2,Gabès,Gabès,apartment,7,6,False,False,False,2007,757108
334,4,1,Centre Ville,Tunis,apartment,2,7,True,False,False,2005,1026323
61,6,1,La Marsa,Tunis,apartment,3,1,False,False,False,2017,198982
144,7,4,Gafsa,Gafsa,house,0,2,True,True,False,2015,388669
415,7,4,Sfax,Sfax,house,0,3,False,False,False,1996,614598
54,5,2,Sousse,Sousse,house,0,2,False,False,False,2009,163088
213,1,3,Bizerte,Bizerte,villa,0,8,False,False,False,2022,696561
281,5,4,Tataouine,Tataouine,apartment,8,7,False,False,False,1993,357207
364,2,1,Monastir,Monastir,apartment,2,5,False,False,False,2011,251596
152,2,4,Gafsa,Gafsa,house,0,1,True,False,False,1993,299933
186,2,3,Tataouine,Tataouine,apartment,5,1,True,False,False,2010,372319
487,1,4,Sfax,Sfax,apartment,4,2,False,False,False,2006,959584
208,5,1,Tataouine,Tataouine,villa,0,2,False,True,True,2013,958565
338,6,1,Monastir,Monastir,villa,0,9,False,False,True,2010,1440107
275,3,2,Bizerte,Bizerte,villa,0,9,True,False,False,1992,334719
453,4,1,Kairouan,Kairouan,house,0,5,False,False,False,1996,827757
215,4,2,Tataouine,Tataouine,house,0,6,False,False,False,1991,288220
76,7,1,Sfax,Sfax,villa,0,3,True,False,False,2008,161681
393,2,1,Sousse,Sousse,villa,0,7,True,True,False,2013,1435388
381,6,3,Sousse,Sousse,apartment,5,8,False,False,False,2022,466344
103,3,2,Sousse,Sousse,villa,0,8,True,False,True,2014,397523
430,5,2,Ariana,Tunis,apartment,6,6,False,False,False,2006,535350
434,6,3,Nabeul,Nabeul,house,0,6,False,False,False,1997,1297208
122,6,2,Tataouine,Tataouine,house,0,8,True,True,False,1991,307600
338,6,4,Sousse,Sousse,house,0,6,True,True,False,2013,1330074
133,1,2,Gabès,Gabès,villa,0,1,False,False,False,2017,437048
277,4,2,Gafsa,Gafsa,villa,0,8,True,True,False,2008,522441
391,3,2,Tataouine,Tataouine,apartment,3,4,True,False,False,2007,728808
260,1,2,Carthage,Tunis,villa,0,9,True,True,True,2017,2223349
251,7,2,Gafsa,Gafsa,house,0,5,False,True,False,2020,629419
428,7,3,Nabeul,Nabeul,villa,0,6,False,True,True,2012,2682350
216,6,3,Bizerte,Bizerte,house,0,4,False,False,False,2014,411989
432,2,1,Carthage,Tunis,house,0,4,False,False,False,2010,2108246
296,5,3,Tataouine,Tataouine,apartment,1,7,False,False,False,2010,309024
273,5,3,Centre Ville,Tunis,house,0,6,True,True,False,2001,880485
341,5,1,Kairouan,Kairouan,house,0,3,True,True,False,1992,823724
386,6,4,Hammamet,Hammamet,apartment,8,2,True,False,False,2018,486846
421,1,1,Monastir,Monastir,apartment,7,2,True,False,False,2000,334543
455,2,3,Gafsa,Gafsa,villa,0,1,True,True,False,2011,1271350
495,7,4,Bizerte,Bizerte,apartment,0,8,True,False,False,1996,594594
486,7,4,Tataouine,Tataouine,villa,0,7,False,True,False,2019,913011
330,2,1,Gabès,Gabès,house,0,8,True,True,False,1993,792395
150,5,3,Tataouine,Tataouine,apartment,0,1,False,False,False,1996,258840
110,1,2,Gafsa,Gafsa,apartment,6,5,False,False,False,1992,145200
77,2,3,Nabeul,Nabeul,house,0,1,False,True,False,2018,258978
131,6,1,Gafsa,Gafsa,house,0,4,True,False,False,2005,165225
473,3,3,Gafsa,Gafsa,house,0,3,False,False,False,1995,1132399
396,3,4,Tataouine,Tataouine,house,0,5,True,False,False,1991,670702
298,5,3,Sfax,Sfax,villa,0,5,True,False,False,2012,956572
113,3,3,Kairouan,Kairouan,villa,0,6,True,False,True,2022,210562
106,4,1,Centre Ville,Tunis,apartment,7,3,True,False,False,2017,188653
240,6,2,Kairouan,Kairouan,apartment,1,9,False,False,False,2006,316032
270,2,1,Sfax,Sfax,house,0,6,True,True,False,2016,416756
448,5,4,Sousse,Sousse,villa,0,4,False,True,False,2007,2161893
423,3,4,Monastir,Monastir,villa,0,7,False,True,True,1999,1307433
498,4,3,Hammamet,Hammamet,house,0,8,False,False,False,2007,1765071
234,2,3,Hammamet,Hammamet,apartment,6,1,False,False,False,1990,383572
343,4,3,Sfax,Sfax,house,0,5,False,True,False,2010,412011
484,6,2,Sfax,Sfax,apartment,2,4,False,False,False,2021,394556
189,6,2,Sousse,Sousse,villa,0,9,True,True,True,2008,695723
463,1,2,Gabès,Gabès,apartment,6,5,True,False,False,2009,784840
168,2,3,Gabès,Gabès,house,0,4,False,True,False,1991,285789
491,3,1,Sfax,Sfax,apartment,3,5,False,False,False,1995,872408
174,1,1,Gafsa,Gafsa,villa,0,1,True,True,False,2008,660692
220,6,1,Soukra,Tunis,villa,0,3,True,False,False,2021,1034718
397,4,3,Kairouan,Kairouan,house,0,4,False,False,False,2002,822869
274,2,2,Tataouine,Tataouine,villa,0,7,True,False,False,1997,377830
298,6,1,Gabès,Gabès,house,0,4,True,False,False,2012,316304
443,1,2,Kairouan,Kairouan,house,0,1,False,True,False,1992,681128
370,4,2,Sfax,Sfax,villa,0,9,True,False,True,2003,1791998
212,2,1,Ariana,Tunis,apartment,8,5,False,False,False,2000,734262
305,7,1,Hammamet,Hammamet,villa,0,7,False,False,True,2005,2103416
244,2,3,Tataouine,Tataouine,apartment,7,6,False,False,False,2006,186220
369,5,3,Soukra,Tunis,villa,0,3,False,True,False,2002,1104697
463,5,2,Nabeul,Nabeul,house,0,5,False,True,False,1998,1588221
401,4,2,Hammamet,Hammamet,apartment,2,1,True,False,False,2014,908962
244,3,1,Bizerte,Bizerte,house,0,9,False,False,False,1991,279897
71,5,1,Kairouan,Kairouan,villa,0,1,True,False,False,2014,234778
340,3,4,Monastir,Monastir,villa,0,9,True,True,True,1999,1210031
401,3,4,Gabès,Gabès,apartment,9,9,True,False,False,2022,456755
266,7,2,Monastir,Monastir,house,0,4,True,False,False,2014,261715
181,4,4,Sfax,Sfax,villa,0,3,False,True,False,1991,313367
82,2,4,Nabeul,Nabeul,apartment,2,1,True,False,False,2023,115511
96,2,1,Gafsa,Gafsa,house,0,4,True,False,False,2018,89212
220,2,2,Monastir,Monastir,villa,0,1,False,True,True,1992,798681
272,3,3,Nabeul,Nabeul,house,0,6,False,True,False,1994,909699
179,4,4,Tataouine,Tataouine,house,0,6,True,False,False,2016,274046
431,7,3,Nabeul,Nabeul,house,0,6,True,False,False,2003,757514
300,5,3,Gabès,Gabès,villa,0,9,False,True,True,2013,1307797
183,4,2,Sousse,Sousse,house,0,4,True,True,False,1999,777172
210,7,2,Gabès,Gabès,apartment,1,6,True,False,False,1993,336571
361,5,2,Sousse,Sousse,house,0,6,False,True,False,2001,1104525
340,3,1,Monastir,Monastir,villa,0,6,True,False,False,2017,476038
218,7,2,Sfax,Sfax,villa,0,5,False,True,False,2000,848086
271,7,1,Monastir,Monastir,villa,0,3,True,True,False,2009,927596
235,7,1,Tataouine,Tataouine,villa,0,5,False,True,False,2009,437382
452,4,2,Sousse,Sousse,apartment,3,8,False,False,False,2019,1084257
69,5,1,Hammamet,Hammamet,villa,0,2,False,True,True,1996,344626
102,6,1,Gafsa,Gafsa,villa,0,8,True,False,False,2021,152681
232,3,3,Soukra,Tunis,apartment,0,3,True,False,False,2022,488539
327,3,3,Sousse,Sousse,villa,0,2,True,True,False,2023,945511
240,1,1,Gabès,Gabès,villa,0,7,True,False,False,2022,394450
198,5,4,Monastir,Monastir,house,0,2,True,True,False,1996,319178
397,1,4,Gafsa,Gafsa,villa,0,7,True,False,False,1999,1348192
160,6,2,Tataouine,Tataouine,apartment,7,9,False,False,False,1994,195072
311,6,4,Tataouine,Tataouine,apartment,7,3,False,False,False,2008,513274
172,5,4,Kairouan,Kairouan,house,0,1,True,False,False,1994,238160
184,2,1,Tataouine,Tataouine,apartment,7,5,False,False,False,2002,332230
390,2,4,Sfax,Sfax,apartment,0,4,True,False,False,2006,771825
51,7,4,Hammamet,Hammamet,apartment,1,7,True,False,False,2021,154352
308,2,3,Hammamet,Hammamet,apartment,0,9,False,False,False,2008,311942
417,3,1,Tataouine,Tataouine,villa,0,2,True,False,True,2016,941783
336,7,3,Sfax,Sfax,house,0,6,False,False,False,1999,460911
83,2,1,Tataouine,Tataouine,house,0,2,True,False,False,2001,140395
241,1,4,Gabès,Gabès,villa,0,2,False,True,False,2006,627205
376,7,2,Bizerte,Bizerte,house,0,9,False,True,False,2001,384548
217,5,4,Gafsa,Gafsa,house,0,9,True,True,False,1997,472577
357,6,2,Bizerte,Bizerte,apartment,1,5,True,False,False,1999,450719
404,3,2,Hammamet,Hammamet,house,0,1,False,False,False,2016,1527071
59,3,4,Gabès,Gabès,house,0,1,False,False,False,2022,86394
322,2,4,Tataouine,Tataouine,apartment,0,6,True,False,False,1996,482806
417,1,3,Sousse,Sousse,villa,0,9,False,True,True,1990,1579124
180,7,4,Monastir,Monastir,villa,0,1,True,True,False,1996,462835
162,3,4,Carthage,Tunis,apartment,6,1,True,False,False,2003,405518
390,5,2,Sfax,Sfax,house,0,4,True,False,False,2021,900736
267,5,3,Lac 1,Tunis,villa,0,2,True,True,True,2010,3382958
89,6,2,Bizerte,Bizerte,house,0,6,False,True,False,2002,188155
248,3,3,Kairouan,Kairouan,villa,0,1,False,False,False,2010,317122
345,7,2,Bizerte,Bizerte,house,0,8,True,False,False,2013,908320
224,6,4,Bizerte,Bizerte,villa,0,7,True,False,True,2007,800455
72,2,2,Sousse,Sousse,apartment,1,2,False,False,False,2011,123206
215,1,2,Kairouan,Kairouan,house,0,1,True,False,False,2007,351700
164,2,3,Gabès,Gabès,villa,0,4,False,True,False,2023,253801
192,2,1,Gafsa,Gafsa,house,0,6,True,True,False,1997,320806
197,4,2,Gabès,Gabès,house,0,3,False,True,False,2006,560940
323,4,3,Monastir,Monastir,house,0,3,False,False,False,2001,739024
288,1,4,Gabès,Gabès,villa,0,9,False,False,False,1990,447897
385,1,1,Tataouine,Tataouine,house,0,5,True,False,False,1992,924503
94,3,2,Sousse,Sousse,villa,0,7,False,False,True,2009,410709
256,2,4,Nabeul,Nabeul,house,0,7,True,True,False,2018,801210
384,4,4,Gafsa,Gafsa,apartment,7,3,False,False,False,2001,733593
147,6,4,Kairouan,Kairouan,house,0,8,False,True,False,1990,149333
127,4,2,Gabès,Gabès,apartment,8,1,False,False,False,1998,200660
109,7,2,Monastir,Monastir,apartment,6,2,False,False,False,2017,185823
307,5,1,Sfax,Sfax,house,0,4,False,False,False,2013,511486
247,1,2,Gafsa,Gafsa,villa,0,3,False,True,True,1997,484717
336,6,4,Nabeul,Nabeul,house,0,8,False,False,False,2023,1027877
217,4,4,Ariana,Tunis,villa,0,9,False,False,True,2016,1110514
362,2,2,Hammamet,Hammamet,apartment,4,2,False,False,False,2018,942648
407,4,1,Sfax,Sfax,house,0,6,True,False,False,2012,954221
300,6,1,Gabès,Gabès,house,0,7,False,False,False,2010,506064
476,4,3,Sousse,Sousse,house,0,3,False,False,False,2015,1855657
229,4,2,Sousse,Sousse,apartment,0,8,True,False,False,2005,578234
490,3,1,Bizerte,Bizerte,house,0,4,True,True,False,1996,506774
278,7,2,Tataouine,Tataouine,house,0,6,True,True,False,2002,453147
293,6,3,Bizerte,Bizerte,apartment,0,1,True,False,False,1993,462213
156,7,3,Nabeul,Nabeul,apartment,0,5,True,False,False,2011,334152
424,6,1,Hammamet,Hammamet,house,0,5,False,True,False,2021,1647250
52,1,1,Carthage,Tunis,villa,0,2,False,False,False,2013,319737
391,2,2,Tataouine,Tataouine,apartment,3,3,False,False,False,2008,766985
59,1,1,Carthage,Tunis,apartment,3,7,False,False,False,2000,266680
176,4,4,Monastir,Monastir,house,0,5,False,False,False,2011,288654
264,5,1,Sousse,Sousse,apartment,8,9,False,False,False,2022,305395
387,4,3,Gafsa,Gafsa,house,0,7,False,True,False,1995,362151
287,7,1,Gabès,Gabès,house,0,6,True,True,False,2021,743958
364,6,2,Bizerte,Bizerte,villa,0,9,False,False,True,1995,1119553
243,1,4,Nabeul,Nabeul,villa,0,7,True,False,True,1995,1121978
234,2,1,Tataouine,Tataouine,house,0,3,True,False,False,2003,625021
132,3,3,Nabeul,Nabeul,villa,0,6,True,False,False,2007,524806
110,4,4,Gafsa,Gafsa,apartment,4,7,True,False,False,1999,126033
269,3,4,La Marsa,Tunis,apartment,2,1,False,False,False,1992,691868
204,1,1,Sfax,Sfax,apartment,3,7,False,False,False,2011,311222
76,3,2,Bizerte,Bizerte,house,0,4,False,True,False,1994,86335
346,2,1,Tataouine,Tataouine,house,0,4,False,False,False,1996,392585
249,3,2,Tataouine,Tataouine,apartment,7,4,True,False,False,1994,425640
453,5,4,Kairouan,Kairouan,house,0,9,False,False,False,2023,434843
227,2,3,Sfax,Sfax,house,0,1,False,True,False,2023,249819
369,5,1,Kairouan,Kairouan,house,0,6,True,True,False,2012,966269
390,3,4,Tataouine,Tataouine,house,0,1,False,False,False,1998,844459
364,6,4,Kairouan,Kairouan,villa,0,2,True,True,False,2019,928690
271,5,2,Sfax,Sfax,villa,0,8,True,False,False,2013,504814
496,5,2,Sousse,Sousse,apartment,7,6,False,False,False,2014,1110643
104,2,1,Sousse,Sousse,apartment,8,5,True,False,False,2023,202980
494,4,3,Sfax,Sfax,apartment,9,6,False,False,False,1998,439067
55,4,2,Bizerte,Bizerte,apartment,9,5,True,False,False,2021,40055
357,4,1,Sfax,Sfax,villa,0,3,True,True,True,2015,1596270
117,2,1,Nabeul,Nabeul,apartment,8,5,False,False,False,2021,340891
151,4,1,Kairouan,Kairouan,villa,0,8,True,False,False,2008,326257
114,5,3,Kairouan,Kairouan,house,0,5,False,True,False,2008,179582
225,2,1,Sousse,Sousse,villa,0,2,False,False,False,2005,947700
250,4,3,Gabès,Gabès,apartment,6,1,False,False,False,2023,400800
383,5,2,Hammamet,Hammamet,apartment,1,4,False,False,False,2019,853017
287,1,3,Bizerte,Bizerte,apartment,1,2,True,False,False,2001,584619
175,5,1,Sousse,Sousse,apartment,6,5,True,False,False,1995,533169
285,6,2,Gafsa,Gafsa,villa,0,7,False,True,True,1992,700725
216,1,4,Kairouan,Kairouan,apartment,1,2,False,False,False,2019,266457
303,7,2,Monastir,Monastir,apartment,3,9,True,False,False,2008,282262
425,7,3,La Marsa,Tunis,apartment,0,2,True,False,False,2004,1707352
195,1,4,Sousse,Sousse,villa,0,4,True,False,False,2011,935379
490,2,1,Bizerte,Bizerte,villa,0,7,False,True,True,2003,1242088
288,5,1,Kairouan,Kairouan,villa,0,5,False,False,True,2011,605988
406,6,2,Sfax,Sfax,villa,0,2,False,False,True,2004,1762514
342,3,4,Bizerte,Bizerte,villa,0,1,True,False,True,2018,793237
249,1,3,Gabès,Gabès,villa,0,6,False,True,False,1997,554548
214,3,3,Gafsa,Gafsa,apartment,5,4,True,False,False,2021,378394
481,1,3,Nabeul,Nabeul,villa,0,7,True,False,True,2023,2269088
435,4,1,Gabès,Gabès,villa,0,4,True,False,True,2001,1474082
283,2,3,Hammamet,Hammamet,villa,0,7,False,False,True,2008,1595685
483,2,3,Sfax,Sfax,villa,0,9,True,True,True,2011,1781615
466,6,4,Bizerte,Bizerte,house,0,5,False,True,False,1993,979312
436,2,2,Gabès,Gabès,apartment,9,4,False,False,False,1992,390307
268,4,2,Gabès,Gabès,villa,0,3,False,False,False,2008,748298
143,7,1,Sfax,Sfax,apartment,8,5,True,False,False,2020,119159
282,5,2,Gafsa,Gafsa,house,0,4,True,False,False,2005,702420
279,1,2,Gafsa,Gafsa,house,0,9,False,True,False,1990,606115
429,3,2,Sfax,Sfax,house,0,6,True,True,False,2011,772972
175,2,1,Monastir,Monastir,apartment,7,1,False,False,False,1994,282100
59,3,3,Gafsa,Gafsa,apartment,5,5,True,False,False,2001,67153
158,5,2,Sfax,Sfax,villa,0,4,True,False,True,1997,650633
348,5,4,Kairouan,Kairouan,apartment,7,9,False,False,False,2002,367209
359,2,4,Tataouine,Tataouine,villa,0,5,False,False,True,1998,1207670
243,7,2,Sousse,Sousse,villa,0,1,True,True,False,2020,794169
370,4,2,Kairouan,Kairouan,house,0,8,False,True,False,2020,875343
124,2,4,Sousse,Sousse,villa,0,9,True,True,True,2019,609275
487,7,1,Bizerte,Bizerte,house,0,1,False,True,False,1995,612840
114,5,1,Nabeul,Nabeul,villa,0,3,True,True,False,2015,585025
250,1,2,Lac 2,Tunis,apartment,2,9,True,False,False,1996,838950
209,3,4,Sfax,Sfax,house,0,3,True,True,False,2006,505114
234,1,2,Nabeul,Nabeul,house,0,9,True,True,False,2022,614723
320,3,1,Tataouine,Tataouine,apartment,5,4,False,False,False,2021,218368
85,5,4,Monastir,Monastir,apartment,1,1,False,False,False,1999,161772
100,5,3,Lac 1,Tunis,villa,0,6,False,False,True,2012,1155960
262,1,1,Sousse,Sousse,house,0,9,False,False,False,2009,973571
315,2,2,La Marsa,Tunis,house,0,1,False,False,False,2006,773136
216,3,4,Kairouan,Kairouan,apartment,8,1,True,False,False,2021,169102
111,3,2,Sfax,Sfax,villa,0,2,False,True,False,2007,178285
293,7,2,Kairouan,Kairouan,villa,0,1,False,False,True,2017,1207239
133,1,4,Nabeul,Nabeul,villa,0,7,False,False,True,2021,654682
472,2,1,Sfax,Sfax,apartment,9,9,True,False,False,2021,716439
